2026-03-05 11:22:00,122 - NLP_Project - INFO - Starting Full Project Execution...
2026-03-05 11:22:00,122 - NLP_Project - INFO - --- Step 1: Word2Vec Training ---
2026-03-05 11:22:00,128 - NLP_Project - INFO - Loading corpus from data/corpus/news_sample.txt
2026-03-05 11:22:00,222 - NLP_Project - INFO - Tokenized 300 sentences.
2026-03-05 11:22:00,222 - NLP_Project - INFO - Starting grid training for 72 model variants...
2026-03-05 11:22:00,222 - NLP_Project - INFO - Training w2v_cbow_sz50_win2_ep5...
2026-03-05 11:22:00,231 - gensim.models.word2vec - INFO - collecting all words and their counts
2026-03-05 11:22:00,231 - gensim.models.word2vec - INFO - PROGRESS: at sentence #0, processed 0 words, keeping 0 word types
2026-03-05 11:22:00,231 - gensim.models.word2vec - INFO - collected 8 word types from a corpus of 1000 raw words and 300 sentences
2026-03-05 11:22:00,231 - gensim.models.word2vec - INFO - Creating a fresh vocabulary
2026-03-05 11:22:00,286 - gensim.utils - INFO - Word2Vec lifecycle event {'msg': 'effective_min_count=5 retains 8 unique words (100.00% of original 8, drops 0)', 'datetime': '2026-03-05T11:22:00.236786', 'gensim': '4.4.0', 'python': '3.11.6 (tags/v3.11.6:8b6ee5b, Oct  2 2023, 14:57:12) [MSC v.1935 64 bit (AMD64)]', 'platform': 'Windows-10-10.0.26200-SP0', 'event': 'prepare_vocab'}
2026-03-05 11:22:00,288 - gensim.utils - INFO - Word2Vec lifecycle event {'msg': 'effective_min_count=5 leaves 1000 word corpus (100.00% of original 1000, drops 0)', 'datetime': '2026-03-05T11:22:00.288763', 'gensim': '4.4.0', 'python': '3.11.6 (tags/v3.11.6:8b6ee5b, Oct  2 2023, 14:57:12) [MSC v.1935 64 bit (AMD64)]', 'platform': 'Windows-10-10.0.26200-SP0', 'event': 'prepare_vocab'}
2026-03-05 11:22:00,289 - gensim.models.word2vec - INFO - deleting the raw counts dictionary of 8 items
2026-03-05 11:22:00,290 - gensim.models.word2vec - INFO - sample=0.001 downsamples 8 most-common words
2026-03-05 11:22:00,291 - gensim.utils - INFO - Word2Vec lifecycle event {'msg': 'downsampling leaves estimated 95.32050807568878 word corpus (9.5%% of prior 1000)', 'datetime': '2026-03-05T11:22:00.291064', 'gensim': '4.4.0', 'python': '3.11.6 (tags/v3.11.6:8b6ee5b, Oct  2 2023, 14:57:12) [MSC v.1935 64 bit (AMD64)]', 'platform': 'Windows-10-10.0.26200-SP0', 'event': 'prepare_vocab'}
2026-03-05 11:22:00,295 - gensim.models.word2vec - INFO - estimated required memory for 8 words and 50 dimensions: 7200 bytes
2026-03-05 11:22:00,295 - gensim.models.word2vec - INFO - resetting layer weights
2026-03-05 11:22:00,297 - gensim.utils - INFO - Word2Vec lifecycle event {'update': False, 'trim_rule': 'None', 'datetime': '2026-03-05T11:22:00.297370', 'gensim': '4.4.0', 'python': '3.11.6 (tags/v3.11.6:8b6ee5b, Oct  2 2023, 14:57:12) [MSC v.1935 64 bit (AMD64)]', 'platform': 'Windows-10-10.0.26200-SP0', 'event': 'build_vocab'}
2026-03-05 11:22:00,299 - gensim.utils - INFO - Word2Vec lifecycle event {'msg': 'training model with 16 workers on 8 vocabulary and 50 features, using sg=0 hs=0 sample=0.001 negative=5 window=2 shrink_windows=True', 'datetime': '2026-03-05T11:22:00.299271', 'gensim': '4.4.0', 'python': '3.11.6 (tags/v3.11.6:8b6ee5b, Oct  2 2023, 14:57:12) [MSC v.1935 64 bit (AMD64)]', 'platform': 'Windows-10-10.0.26200-SP0', 'event': 'train'}
2026-03-05 11:22:00,332 - gensim.models.word2vec - INFO - EPOCH 0: training on 1000 raw words (83 effective words) took 0.0s, 12421 effective words/s
2026-03-05 11:22:00,358 - gensim.models.word2vec - INFO - EPOCH 1: training on 1000 raw words (89 effective words) took 0.0s, 138457 effective words/s
2026-03-05 11:22:00,395 - gensim.models.word2vec - INFO - EPOCH 2: training on 1000 raw words (88 effective words) took 0.0s, 19747 effective words/s
2026-03-05 11:22:00,425 - gensim.models.word2vec - INFO - EPOCH 3: training on 1000 raw words (96 effective words) took 0.0s, 19293 effective words/s
2026-03-05 11:22:00,460 - gensim.models.word2vec - INFO - EPOCH 4: training on 1000 raw words (102 effective words) took 0.0s, 22404 effective words/s
2026-03-05 11:22:00,462 - gensim.utils - INFO - Word2Vec lifecycle event {'msg': 'training on 5000 raw words (458 effective words) took 0.2s, 2810 effective words/s', 'datetime': '2026-03-05T11:22:00.462773', 'gensim': '4.4.0', 'python': '3.11.6 (tags/v3.11.6:8b6ee5b, Oct  2 2023, 14:57:12) [MSC v.1935 64 bit (AMD64)]', 'platform': 'Windows-10-10.0.26200-SP0', 'event': 'train'}
2026-03-05 11:22:00,462 - gensim.utils - INFO - Word2Vec lifecycle event {'params': 'Word2Vec<vocab=8, vector_size=50, alpha=0.025>', 'datetime': '2026-03-05T11:22:00.462773', 'gensim': '4.4.0', 'python': '3.11.6 (tags/v3.11.6:8b6ee5b, Oct  2 2023, 14:57:12) [MSC v.1935 64 bit (AMD64)]', 'platform': 'Windows-10-10.0.26200-SP0', 'event': 'created'}
2026-03-05 11:22:00,464 - gensim.utils - INFO - Word2Vec lifecycle event {'fname_or_handle': 'models/word2vec\\w2v_cbow_sz50_win2_ep5.model', 'separately': 'None', 'sep_limit': 10485760, 'ignore': frozenset(), 'datetime': '2026-03-05T11:22:00.464785', 'gensim': '4.4.0', 'python': '3.11.6 (tags/v3.11.6:8b6ee5b, Oct  2 2023, 14:57:12) [MSC v.1935 64 bit (AMD64)]', 'platform': 'Windows-10-10.0.26200-SP0', 'event': 'saving'}
2026-03-05 11:22:00,464 - gensim.utils - INFO - not storing attribute cum_table
2026-03-05 11:22:00,471 - gensim.utils - INFO - saved models/word2vec\w2v_cbow_sz50_win2_ep5.model
2026-03-05 11:22:00,471 - NLP_Project - INFO - Training w2v_cbow_sz50_win2_ep10...
2026-03-05 11:22:00,472 - gensim.models.word2vec - INFO - collecting all words and their counts
2026-03-05 11:22:00,472 - gensim.models.word2vec - INFO - PROGRESS: at sentence #0, processed 0 words, keeping 0 word types
2026-03-05 11:22:00,472 - gensim.models.word2vec - INFO - collected 8 word types from a corpus of 1000 raw words and 300 sentences
2026-03-05 11:22:00,472 - gensim.models.word2vec - INFO - Creating a fresh vocabulary
2026-03-05 11:22:00,475 - gensim.utils - INFO - Word2Vec lifecycle event {'msg': 'effective_min_count=5 retains 8 unique words (100.00% of original 8, drops 0)', 'datetime': '2026-03-05T11:22:00.475794', 'gensim': '4.4.0', 'python': '3.11.6 (tags/v3.11.6:8b6ee5b, Oct  2 2023, 14:57:12) [MSC v.1935 64 bit (AMD64)]', 'platform': 'Windows-10-10.0.26200-SP0', 'event': 'prepare_vocab'}
2026-03-05 11:22:00,475 - gensim.utils - INFO - Word2Vec lifecycle event {'msg': 'effective_min_count=5 leaves 1000 word corpus (100.00% of original 1000, drops 0)', 'datetime': '2026-03-05T11:22:00.475794', 'gensim': '4.4.0', 'python': '3.11.6 (tags/v3.11.6:8b6ee5b, Oct  2 2023, 14:57:12) [MSC v.1935 64 bit (AMD64)]', 'platform': 'Windows-10-10.0.26200-SP0', 'event': 'prepare_vocab'}
2026-03-05 11:22:00,475 - gensim.models.word2vec - INFO - deleting the raw counts dictionary of 8 items
2026-03-05 11:22:00,475 - gensim.models.word2vec - INFO - sample=0.001 downsamples 8 most-common words
2026-03-05 11:22:00,475 - gensim.utils - INFO - Word2Vec lifecycle event {'msg': 'downsampling leaves estimated 95.32050807568878 word corpus (9.5%% of prior 1000)', 'datetime': '2026-03-05T11:22:00.475794', 'gensim': '4.4.0', 'python': '3.11.6 (tags/v3.11.6:8b6ee5b, Oct  2 2023, 14:57:12) [MSC v.1935 64 bit (AMD64)]', 'platform': 'Windows-10-10.0.26200-SP0', 'event': 'prepare_vocab'}
2026-03-05 11:22:00,475 - gensim.models.word2vec - INFO - estimated required memory for 8 words and 50 dimensions: 7200 bytes
2026-03-05 11:22:00,475 - gensim.models.word2vec - INFO - resetting layer weights
2026-03-05 11:22:00,475 - gensim.utils - INFO - Word2Vec lifecycle event {'update': False, 'trim_rule': 'None', 'datetime': '2026-03-05T11:22:00.475794', 'gensim': '4.4.0', 'python': '3.11.6 (tags/v3.11.6:8b6ee5b, Oct  2 2023, 14:57:12) [MSC v.1935 64 bit (AMD64)]', 'platform': 'Windows-10-10.0.26200-SP0', 'event': 'build_vocab'}
2026-03-05 11:22:00,481 - gensim.utils - INFO - Word2Vec lifecycle event {'msg': 'training model with 16 workers on 8 vocabulary and 50 features, using sg=0 hs=0 sample=0.001 negative=5 window=2 shrink_windows=True', 'datetime': '2026-03-05T11:22:00.481088', 'gensim': '4.4.0', 'python': '3.11.6 (tags/v3.11.6:8b6ee5b, Oct  2 2023, 14:57:12) [MSC v.1935 64 bit (AMD64)]', 'platform': 'Windows-10-10.0.26200-SP0', 'event': 'train'}
2026-03-05 11:22:00,502 - gensim.models.word2vec - INFO - EPOCH 0: training on 1000 raw words (83 effective words) took 0.0s, 206673 effective words/s
2026-03-05 11:22:00,522 - gensim.models.word2vec - INFO - EPOCH 1: training on 1000 raw words (89 effective words) took 0.0s, 108312 effective words/s
2026-03-05 11:22:00,551 - gensim.models.word2vec - INFO - EPOCH 2: training on 1000 raw words (88 effective words) took 0.0s, 35497 effective words/s
2026-03-05 11:22:00,583 - gensim.models.word2vec - INFO - EPOCH 3: training on 1000 raw words (96 effective words) took 0.0s, 25784 effective words/s
2026-03-05 11:22:00,609 - gensim.models.word2vec - INFO - EPOCH 4: training on 1000 raw words (102 effective words) took 0.0s, 25543 effective words/s
2026-03-05 11:22:00,639 - gensim.models.word2vec - INFO - EPOCH 5: training on 1000 raw words (120 effective words) took 0.0s, 130776 effective words/s
2026-03-05 11:22:00,658 - gensim.models.word2vec - INFO - EPOCH 6: training on 1000 raw words (87 effective words) took 0.0s, 30973 effective words/s
2026-03-05 11:22:00,702 - gensim.models.word2vec - INFO - EPOCH 7: training on 1000 raw words (103 effective words) took 0.0s, 146099 effective words/s
2026-03-05 11:22:00,745 - gensim.models.word2vec - INFO - EPOCH 8: training on 1000 raw words (92 effective words) took 0.0s, 19863 effective words/s
2026-03-05 11:22:00,792 - gensim.models.word2vec - INFO - EPOCH 9: training on 1000 raw words (72 effective words) took 0.0s, 15613 effective words/s
2026-03-05 11:22:00,794 - gensim.utils - INFO - Word2Vec lifecycle event {'msg': 'training on 10000 raw words (932 effective words) took 0.3s, 2978 effective words/s', 'datetime': '2026-03-05T11:22:00.794698', 'gensim': '4.4.0', 'python': '3.11.6 (tags/v3.11.6:8b6ee5b, Oct  2 2023, 14:57:12) [MSC v.1935 64 bit (AMD64)]', 'platform': 'Windows-10-10.0.26200-SP0', 'event': 'train'}
2026-03-05 11:22:00,797 - gensim.utils - INFO - Word2Vec lifecycle event {'params': 'Word2Vec<vocab=8, vector_size=50, alpha=0.025>', 'datetime': '2026-03-05T11:22:00.795728', 'gensim': '4.4.0', 'python': '3.11.6 (tags/v3.11.6:8b6ee5b, Oct  2 2023, 14:57:12) [MSC v.1935 64 bit (AMD64)]', 'platform': 'Windows-10-10.0.26200-SP0', 'event': 'created'}
2026-03-05 11:22:00,797 - gensim.utils - INFO - Word2Vec lifecycle event {'fname_or_handle': 'models/word2vec\\w2v_cbow_sz50_win2_ep10.model', 'separately': 'None', 'sep_limit': 10485760, 'ignore': frozenset(), 'datetime': '2026-03-05T11:22:00.797478', 'gensim': '4.4.0', 'python': '3.11.6 (tags/v3.11.6:8b6ee5b, Oct  2 2023, 14:57:12) [MSC v.1935 64 bit (AMD64)]', 'platform': 'Windows-10-10.0.26200-SP0', 'event': 'saving'}
2026-03-05 11:22:00,797 - gensim.utils - INFO - not storing attribute cum_table
2026-03-05 11:22:00,803 - gensim.utils - INFO - saved models/word2vec\w2v_cbow_sz50_win2_ep10.model
2026-03-05 11:22:00,804 - NLP_Project - INFO - Training w2v_cbow_sz50_win2_ep20...
2026-03-05 11:22:00,804 - gensim.models.word2vec - INFO - collecting all words and their counts
2026-03-05 11:22:00,804 - gensim.models.word2vec - INFO - PROGRESS: at sentence #0, processed 0 words, keeping 0 word types
2026-03-05 11:22:00,804 - gensim.models.word2vec - INFO - collected 8 word types from a corpus of 1000 raw words and 300 sentences
2026-03-05 11:22:00,804 - gensim.models.word2vec - INFO - Creating a fresh vocabulary
2026-03-05 11:22:00,804 - gensim.utils - INFO - Word2Vec lifecycle event {'msg': 'effective_min_count=5 retains 8 unique words (100.00% of original 8, drops 0)', 'datetime': '2026-03-05T11:22:00.804805', 'gensim': '4.4.0', 'python': '3.11.6 (tags/v3.11.6:8b6ee5b, Oct  2 2023, 14:57:12) [MSC v.1935 64 bit (AMD64)]', 'platform': 'Windows-10-10.0.26200-SP0', 'event': 'prepare_vocab'}
2026-03-05 11:22:00,806 - gensim.utils - INFO - Word2Vec lifecycle event {'msg': 'effective_min_count=5 leaves 1000 word corpus (100.00% of original 1000, drops 0)', 'datetime': '2026-03-05T11:22:00.806864', 'gensim': '4.4.0', 'python': '3.11.6 (tags/v3.11.6:8b6ee5b, Oct  2 2023, 14:57:12) [MSC v.1935 64 bit (AMD64)]', 'platform': 'Windows-10-10.0.26200-SP0', 'event': 'prepare_vocab'}
2026-03-05 11:22:00,806 - gensim.models.word2vec - INFO - deleting the raw counts dictionary of 8 items
2026-03-05 11:22:00,806 - gensim.models.word2vec - INFO - sample=0.001 downsamples 8 most-common words
2026-03-05 11:22:00,806 - gensim.utils - INFO - Word2Vec lifecycle event {'msg': 'downsampling leaves estimated 95.32050807568878 word corpus (9.5%% of prior 1000)', 'datetime': '2026-03-05T11:22:00.806864', 'gensim': '4.4.0', 'python': '3.11.6 (tags/v3.11.6:8b6ee5b, Oct  2 2023, 14:57:12) [MSC v.1935 64 bit (AMD64)]', 'platform': 'Windows-10-10.0.26200-SP0', 'event': 'prepare_vocab'}
2026-03-05 11:22:00,808 - gensim.models.word2vec - INFO - estimated required memory for 8 words and 50 dimensions: 7200 bytes
2026-03-05 11:22:00,808 - gensim.models.word2vec - INFO - resetting layer weights
2026-03-05 11:22:00,808 - gensim.utils - INFO - Word2Vec lifecycle event {'update': False, 'trim_rule': 'None', 'datetime': '2026-03-05T11:22:00.808705', 'gensim': '4.4.0', 'python': '3.11.6 (tags/v3.11.6:8b6ee5b, Oct  2 2023, 14:57:12) [MSC v.1935 64 bit (AMD64)]', 'platform': 'Windows-10-10.0.26200-SP0', 'event': 'build_vocab'}
2026-03-05 11:22:00,808 - gensim.utils - INFO - Word2Vec lifecycle event {'msg': 'training model with 16 workers on 8 vocabulary and 50 features, using sg=0 hs=0 sample=0.001 negative=5 window=2 shrink_windows=True', 'datetime': '2026-03-05T11:22:00.808705', 'gensim': '4.4.0', 'python': '3.11.6 (tags/v3.11.6:8b6ee5b, Oct  2 2023, 14:57:12) [MSC v.1935 64 bit (AMD64)]', 'platform': 'Windows-10-10.0.26200-SP0', 'event': 'train'}
2026-03-05 11:22:00,842 - gensim.models.word2vec - INFO - EPOCH 0: training on 1000 raw words (83 effective words) took 0.0s, 21007 effective words/s
2026-03-05 11:22:00,885 - gensim.models.word2vec - INFO - EPOCH 1: training on 1000 raw words (89 effective words) took 0.0s, 26431 effective words/s
2026-03-05 11:22:00,919 - gensim.models.word2vec - INFO - EPOCH 2: training on 1000 raw words (88 effective words) took 0.0s, 28932 effective words/s
2026-03-05 11:22:00,949 - gensim.models.word2vec - INFO - EPOCH 3: training on 1000 raw words (96 effective words) took 0.0s, 33097 effective words/s
2026-03-05 11:22:00,977 - gensim.models.word2vec - INFO - EPOCH 4: training on 1000 raw words (102 effective words) took 0.0s, 24760 effective words/s
2026-03-05 11:22:01,008 - gensim.models.word2vec - INFO - EPOCH 5: training on 1000 raw words (120 effective words) took 0.0s, 38792 effective words/s
2026-03-05 11:22:01,030 - gensim.models.word2vec - INFO - EPOCH 6: training on 1000 raw words (87 effective words) took 0.0s, 174384 effective words/s
2026-03-05 11:22:01,064 - gensim.models.word2vec - INFO - EPOCH 7: training on 1000 raw words (103 effective words) took 0.0s, 28900 effective words/s
2026-03-05 11:22:01,092 - gensim.models.word2vec - INFO - EPOCH 8: training on 1000 raw words (92 effective words) took 0.0s, 195703 effective words/s
2026-03-05 11:22:01,120 - gensim.models.word2vec - INFO - EPOCH 9: training on 1000 raw words (72 effective words) took 0.0s, 146371 effective words/s
2026-03-05 11:22:01,154 - gensim.models.word2vec - INFO - EPOCH 10: training on 1000 raw words (118 effective words) took 0.0s, 30620 effective words/s
2026-03-05 11:22:01,172 - gensim.models.word2vec - INFO - EPOCH 11: training on 1000 raw words (80 effective words) took 0.0s, 173310 effective words/s
2026-03-05 11:22:01,195 - gensim.models.word2vec - INFO - EPOCH 12: training on 1000 raw words (84 effective words) took 0.0s, 20804 effective words/s
2026-03-05 11:22:01,215 - gensim.models.word2vec - INFO - EPOCH 13: training on 1000 raw words (91 effective words) took 0.0s, 28533 effective words/s
2026-03-05 11:22:01,237 - gensim.models.word2vec - INFO - EPOCH 14: training on 1000 raw words (92 effective words) took 0.0s, 30493 effective words/s
2026-03-05 11:22:01,265 - gensim.models.word2vec - INFO - EPOCH 15: training on 1000 raw words (94 effective words) took 0.0s, 31800 effective words/s
2026-03-05 11:22:01,290 - gensim.models.word2vec - INFO - EPOCH 16: training on 1000 raw words (100 effective words) took 0.0s, 234412 effective words/s
2026-03-05 11:22:01,314 - gensim.models.word2vec - INFO - EPOCH 17: training on 1000 raw words (96 effective words) took 0.0s, 127626 effective words/s
2026-03-05 11:22:01,339 - gensim.models.word2vec - INFO - EPOCH 18: training on 1000 raw words (95 effective words) took 0.0s, 38583 effective words/s
2026-03-05 11:22:01,367 - gensim.models.word2vec - INFO - EPOCH 19: training on 1000 raw words (103 effective words) took 0.0s, 32671 effective words/s
2026-03-05 11:22:01,367 - gensim.utils - INFO - Word2Vec lifecycle event {'msg': 'training on 20000 raw words (1885 effective words) took 0.6s, 3393 effective words/s', 'datetime': '2026-03-05T11:22:01.367931', 'gensim': '4.4.0', 'python': '3.11.6 (tags/v3.11.6:8b6ee5b, Oct  2 2023, 14:57:12) [MSC v.1935 64 bit (AMD64)]', 'platform': 'Windows-10-10.0.26200-SP0', 'event': 'train'}
2026-03-05 11:22:01,367 - gensim.utils - INFO - Word2Vec lifecycle event {'params': 'Word2Vec<vocab=8, vector_size=50, alpha=0.025>', 'datetime': '2026-03-05T11:22:01.367931', 'gensim': '4.4.0', 'python': '3.11.6 (tags/v3.11.6:8b6ee5b, Oct  2 2023, 14:57:12) [MSC v.1935 64 bit (AMD64)]', 'platform': 'Windows-10-10.0.26200-SP0', 'event': 'created'}
2026-03-05 11:22:01,367 - gensim.utils - INFO - Word2Vec lifecycle event {'fname_or_handle': 'models/word2vec\\w2v_cbow_sz50_win2_ep20.model', 'separately': 'None', 'sep_limit': 10485760, 'ignore': frozenset(), 'datetime': '2026-03-05T11:22:01.367931', 'gensim': '4.4.0', 'python': '3.11.6 (tags/v3.11.6:8b6ee5b, Oct  2 2023, 14:57:12) [MSC v.1935 64 bit (AMD64)]', 'platform': 'Windows-10-10.0.26200-SP0', 'event': 'saving'}
2026-03-05 11:22:01,370 - gensim.utils - INFO - not storing attribute cum_table
2026-03-05 11:22:01,372 - gensim.utils - INFO - saved models/word2vec\w2v_cbow_sz50_win2_ep20.model
2026-03-05 11:22:01,373 - NLP_Project - INFO - Training w2v_skipgram_sz50_win2_ep5...
2026-03-05 11:22:01,373 - gensim.models.word2vec - INFO - collecting all words and their counts
2026-03-05 11:22:01,375 - gensim.models.word2vec - INFO - PROGRESS: at sentence #0, processed 0 words, keeping 0 word types
2026-03-05 11:22:01,376 - gensim.models.word2vec - INFO - collected 8 word types from a corpus of 1000 raw words and 300 sentences
2026-03-05 11:22:01,376 - gensim.models.word2vec - INFO - Creating a fresh vocabulary
2026-03-05 11:22:01,376 - gensim.utils - INFO - Word2Vec lifecycle event {'msg': 'effective_min_count=5 retains 8 unique words (100.00% of original 8, drops 0)', 'datetime': '2026-03-05T11:22:01.376029', 'gensim': '4.4.0', 'python': '3.11.6 (tags/v3.11.6:8b6ee5b, Oct  2 2023, 14:57:12) [MSC v.1935 64 bit (AMD64)]', 'platform': 'Windows-10-10.0.26200-SP0', 'event': 'prepare_vocab'}
2026-03-05 11:22:01,376 - gensim.utils - INFO - Word2Vec lifecycle event {'msg': 'effective_min_count=5 leaves 1000 word corpus (100.00% of original 1000, drops 0)', 'datetime': '2026-03-05T11:22:01.376029', 'gensim': '4.4.0', 'python': '3.11.6 (tags/v3.11.6:8b6ee5b, Oct  2 2023, 14:57:12) [MSC v.1935 64 bit (AMD64)]', 'platform': 'Windows-10-10.0.26200-SP0', 'event': 'prepare_vocab'}
2026-03-05 11:22:01,376 - gensim.models.word2vec - INFO - deleting the raw counts dictionary of 8 items
2026-03-05 11:22:01,376 - gensim.models.word2vec - INFO - sample=0.001 downsamples 8 most-common words
2026-03-05 11:22:01,380 - gensim.utils - INFO - Word2Vec lifecycle event {'msg': 'downsampling leaves estimated 95.32050807568878 word corpus (9.5%% of prior 1000)', 'datetime': '2026-03-05T11:22:01.376029', 'gensim': '4.4.0', 'python': '3.11.6 (tags/v3.11.6:8b6ee5b, Oct  2 2023, 14:57:12) [MSC v.1935 64 bit (AMD64)]', 'platform': 'Windows-10-10.0.26200-SP0', 'event': 'prepare_vocab'}
2026-03-05 11:22:01,381 - gensim.models.word2vec - INFO - estimated required memory for 8 words and 50 dimensions: 7200 bytes
2026-03-05 11:22:01,382 - gensim.models.word2vec - INFO - resetting layer weights
2026-03-05 11:22:01,383 - gensim.utils - INFO - Word2Vec lifecycle event {'update': False, 'trim_rule': 'None', 'datetime': '2026-03-05T11:22:01.383087', 'gensim': '4.4.0', 'python': '3.11.6 (tags/v3.11.6:8b6ee5b, Oct  2 2023, 14:57:12) [MSC v.1935 64 bit (AMD64)]', 'platform': 'Windows-10-10.0.26200-SP0', 'event': 'build_vocab'}
2026-03-05 11:22:01,383 - gensim.utils - INFO - Word2Vec lifecycle event {'msg': 'training model with 16 workers on 8 vocabulary and 50 features, using sg=1 hs=0 sample=0.001 negative=5 window=2 shrink_windows=True', 'datetime': '2026-03-05T11:22:01.383087', 'gensim': '4.4.0', 'python': '3.11.6 (tags/v3.11.6:8b6ee5b, Oct  2 2023, 14:57:12) [MSC v.1935 64 bit (AMD64)]', 'platform': 'Windows-10-10.0.26200-SP0', 'event': 'train'}
2026-03-05 11:22:01,406 - gensim.models.word2vec - INFO - EPOCH 0: training on 1000 raw words (83 effective words) took 0.0s, 111200 effective words/s
2026-03-05 11:22:01,437 - gensim.models.word2vec - INFO - EPOCH 1: training on 1000 raw words (89 effective words) took 0.0s, 31929 effective words/s
2026-03-05 11:22:01,471 - gensim.models.word2vec - INFO - EPOCH 2: training on 1000 raw words (88 effective words) took 0.0s, 34179 effective words/s
2026-03-05 11:22:01,497 - gensim.models.word2vec - INFO - EPOCH 3: training on 1000 raw words (96 effective words) took 0.0s, 33289 effective words/s
2026-03-05 11:22:01,527 - gensim.models.word2vec - INFO - EPOCH 4: training on 1000 raw words (102 effective words) took 0.0s, 34135 effective words/s
2026-03-05 11:22:01,531 - gensim.utils - INFO - Word2Vec lifecycle event {'msg': 'training on 5000 raw words (458 effective words) took 0.1s, 3124 effective words/s', 'datetime': '2026-03-05T11:22:01.531141', 'gensim': '4.4.0', 'python': '3.11.6 (tags/v3.11.6:8b6ee5b, Oct  2 2023, 14:57:12) [MSC v.1935 64 bit (AMD64)]', 'platform': 'Windows-10-10.0.26200-SP0', 'event': 'train'}
2026-03-05 11:22:01,531 - gensim.utils - INFO - Word2Vec lifecycle event {'params': 'Word2Vec<vocab=8, vector_size=50, alpha=0.025>', 'datetime': '2026-03-05T11:22:01.531549', 'gensim': '4.4.0', 'python': '3.11.6 (tags/v3.11.6:8b6ee5b, Oct  2 2023, 14:57:12) [MSC v.1935 64 bit (AMD64)]', 'platform': 'Windows-10-10.0.26200-SP0', 'event': 'created'}
2026-03-05 11:22:01,533 - gensim.utils - INFO - Word2Vec lifecycle event {'fname_or_handle': 'models/word2vec\\w2v_skipgram_sz50_win2_ep5.model', 'separately': 'None', 'sep_limit': 10485760, 'ignore': frozenset(), 'datetime': '2026-03-05T11:22:01.532149', 'gensim': '4.4.0', 'python': '3.11.6 (tags/v3.11.6:8b6ee5b, Oct  2 2023, 14:57:12) [MSC v.1935 64 bit (AMD64)]', 'platform': 'Windows-10-10.0.26200-SP0', 'event': 'saving'}
2026-03-05 11:22:01,534 - gensim.utils - INFO - not storing attribute cum_table
2026-03-05 11:22:01,537 - gensim.utils - INFO - saved models/word2vec\w2v_skipgram_sz50_win2_ep5.model
2026-03-05 11:22:01,537 - NLP_Project - INFO - Training w2v_skipgram_sz50_win2_ep10...
2026-03-05 11:22:01,537 - gensim.models.word2vec - INFO - collecting all words and their counts
2026-03-05 11:22:01,537 - gensim.models.word2vec - INFO - PROGRESS: at sentence #0, processed 0 words, keeping 0 word types
2026-03-05 11:22:01,540 - gensim.models.word2vec - INFO - collected 8 word types from a corpus of 1000 raw words and 300 sentences
2026-03-05 11:22:01,540 - gensim.models.word2vec - INFO - Creating a fresh vocabulary
2026-03-05 11:22:01,541 - gensim.utils - INFO - Word2Vec lifecycle event {'msg': 'effective_min_count=5 retains 8 unique words (100.00% of original 8, drops 0)', 'datetime': '2026-03-05T11:22:01.541956', 'gensim': '4.4.0', 'python': '3.11.6 (tags/v3.11.6:8b6ee5b, Oct  2 2023, 14:57:12) [MSC v.1935 64 bit (AMD64)]', 'platform': 'Windows-10-10.0.26200-SP0', 'event': 'prepare_vocab'}
2026-03-05 11:22:01,542 - gensim.utils - INFO - Word2Vec lifecycle event {'msg': 'effective_min_count=5 leaves 1000 word corpus (100.00% of original 1000, drops 0)', 'datetime': '2026-03-05T11:22:01.542942', 'gensim': '4.4.0', 'python': '3.11.6 (tags/v3.11.6:8b6ee5b, Oct  2 2023, 14:57:12) [MSC v.1935 64 bit (AMD64)]', 'platform': 'Windows-10-10.0.26200-SP0', 'event': 'prepare_vocab'}
2026-03-05 11:22:01,543 - gensim.models.word2vec - INFO - deleting the raw counts dictionary of 8 items
2026-03-05 11:22:01,543 - gensim.models.word2vec - INFO - sample=0.001 downsamples 8 most-common words
2026-03-05 11:22:01,545 - gensim.utils - INFO - Word2Vec lifecycle event {'msg': 'downsampling leaves estimated 95.32050807568878 word corpus (9.5%% of prior 1000)', 'datetime': '2026-03-05T11:22:01.545821', 'gensim': '4.4.0', 'python': '3.11.6 (tags/v3.11.6:8b6ee5b, Oct  2 2023, 14:57:12) [MSC v.1935 64 bit (AMD64)]', 'platform': 'Windows-10-10.0.26200-SP0', 'event': 'prepare_vocab'}
2026-03-05 11:22:01,547 - gensim.models.word2vec - INFO - estimated required memory for 8 words and 50 dimensions: 7200 bytes
2026-03-05 11:22:01,547 - gensim.models.word2vec - INFO - resetting layer weights
2026-03-05 11:22:01,548 - gensim.utils - INFO - Word2Vec lifecycle event {'update': False, 'trim_rule': 'None', 'datetime': '2026-03-05T11:22:01.548137', 'gensim': '4.4.0', 'python': '3.11.6 (tags/v3.11.6:8b6ee5b, Oct  2 2023, 14:57:12) [MSC v.1935 64 bit (AMD64)]', 'platform': 'Windows-10-10.0.26200-SP0', 'event': 'build_vocab'}
2026-03-05 11:22:01,548 - gensim.utils - INFO - Word2Vec lifecycle event {'msg': 'training model with 16 workers on 8 vocabulary and 50 features, using sg=1 hs=0 sample=0.001 negative=5 window=2 shrink_windows=True', 'datetime': '2026-03-05T11:22:01.548137', 'gensim': '4.4.0', 'python': '3.11.6 (tags/v3.11.6:8b6ee5b, Oct  2 2023, 14:57:12) [MSC v.1935 64 bit (AMD64)]', 'platform': 'Windows-10-10.0.26200-SP0', 'event': 'train'}
2026-03-05 11:22:01,583 - gensim.models.word2vec - INFO - EPOCH 0: training on 1000 raw words (83 effective words) took 0.0s, 123678 effective words/s
2026-03-05 11:22:01,614 - gensim.models.word2vec - INFO - EPOCH 1: training on 1000 raw words (89 effective words) took 0.0s, 24950 effective words/s
2026-03-05 11:22:01,647 - gensim.models.word2vec - INFO - EPOCH 2: training on 1000 raw words (88 effective words) took 0.0s, 21022 effective words/s
2026-03-05 11:22:01,677 - gensim.models.word2vec - INFO - EPOCH 3: training on 1000 raw words (96 effective words) took 0.0s, 159707 effective words/s
2026-03-05 11:22:01,703 - gensim.models.word2vec - INFO - EPOCH 4: training on 1000 raw words (102 effective words) took 0.0s, 40071 effective words/s
2026-03-05 11:22:01,731 - gensim.models.word2vec - INFO - EPOCH 5: training on 1000 raw words (120 effective words) took 0.0s, 35504 effective words/s
2026-03-05 11:22:01,759 - gensim.models.word2vec - INFO - EPOCH 6: training on 1000 raw words (87 effective words) took 0.0s, 24478 effective words/s
2026-03-05 11:22:01,788 - gensim.models.word2vec - INFO - EPOCH 7: training on 1000 raw words (103 effective words) took 0.0s, 283981 effective words/s
2026-03-05 11:22:01,810 - gensim.models.word2vec - INFO - EPOCH 8: training on 1000 raw words (92 effective words) took 0.0s, 35058 effective words/s
2026-03-05 11:22:01,843 - gensim.models.word2vec - INFO - EPOCH 9: training on 1000 raw words (72 effective words) took 0.0s, 16775 effective words/s
2026-03-05 11:22:01,845 - gensim.utils - INFO - Word2Vec lifecycle event {'msg': 'training on 10000 raw words (932 effective words) took 0.3s, 3160 effective words/s', 'datetime': '2026-03-05T11:22:01.845414', 'gensim': '4.4.0', 'python': '3.11.6 (tags/v3.11.6:8b6ee5b, Oct  2 2023, 14:57:12) [MSC v.1935 64 bit (AMD64)]', 'platform': 'Windows-10-10.0.26200-SP0', 'event': 'train'}
2026-03-05 11:22:01,845 - gensim.utils - INFO - Word2Vec lifecycle event {'params': 'Word2Vec<vocab=8, vector_size=50, alpha=0.025>', 'datetime': '2026-03-05T11:22:01.845414', 'gensim': '4.4.0', 'python': '3.11.6 (tags/v3.11.6:8b6ee5b, Oct  2 2023, 14:57:12) [MSC v.1935 64 bit (AMD64)]', 'platform': 'Windows-10-10.0.26200-SP0', 'event': 'created'}
2026-03-05 11:22:01,845 - gensim.utils - INFO - Word2Vec lifecycle event {'fname_or_handle': 'models/word2vec\\w2v_skipgram_sz50_win2_ep10.model', 'separately': 'None', 'sep_limit': 10485760, 'ignore': frozenset(), 'datetime': '2026-03-05T11:22:01.845414', 'gensim': '4.4.0', 'python': '3.11.6 (tags/v3.11.6:8b6ee5b, Oct  2 2023, 14:57:12) [MSC v.1935 64 bit (AMD64)]', 'platform': 'Windows-10-10.0.26200-SP0', 'event': 'saving'}
2026-03-05 11:22:01,847 - gensim.utils - INFO - not storing attribute cum_table
2026-03-05 11:22:01,854 - gensim.utils - INFO - saved models/word2vec\w2v_skipgram_sz50_win2_ep10.model
2026-03-05 11:22:01,855 - NLP_Project - INFO - Training w2v_skipgram_sz50_win2_ep20...
2026-03-05 11:22:01,856 - gensim.models.word2vec - INFO - collecting all words and their counts
2026-03-05 11:22:01,856 - gensim.models.word2vec - INFO - PROGRESS: at sentence #0, processed 0 words, keeping 0 word types
2026-03-05 11:22:01,856 - gensim.models.word2vec - INFO - collected 8 word types from a corpus of 1000 raw words and 300 sentences
2026-03-05 11:22:01,856 - gensim.models.word2vec - INFO - Creating a fresh vocabulary
2026-03-05 11:22:01,856 - gensim.utils - INFO - Word2Vec lifecycle event {'msg': 'effective_min_count=5 retains 8 unique words (100.00% of original 8, drops 0)', 'datetime': '2026-03-05T11:22:01.856731', 'gensim': '4.4.0', 'python': '3.11.6 (tags/v3.11.6:8b6ee5b, Oct  2 2023, 14:57:12) [MSC v.1935 64 bit (AMD64)]', 'platform': 'Windows-10-10.0.26200-SP0', 'event': 'prepare_vocab'}
2026-03-05 11:22:01,859 - gensim.utils - INFO - Word2Vec lifecycle event {'msg': 'effective_min_count=5 leaves 1000 word corpus (100.00% of original 1000, drops 0)', 'datetime': '2026-03-05T11:22:01.859077', 'gensim': '4.4.0', 'python': '3.11.6 (tags/v3.11.6:8b6ee5b, Oct  2 2023, 14:57:12) [MSC v.1935 64 bit (AMD64)]', 'platform': 'Windows-10-10.0.26200-SP0', 'event': 'prepare_vocab'}
2026-03-05 11:22:01,859 - gensim.models.word2vec - INFO - deleting the raw counts dictionary of 8 items
2026-03-05 11:22:01,859 - gensim.models.word2vec - INFO - sample=0.001 downsamples 8 most-common words
2026-03-05 11:22:01,859 - gensim.utils - INFO - Word2Vec lifecycle event {'msg': 'downsampling leaves estimated 95.32050807568878 word corpus (9.5%% of prior 1000)', 'datetime': '2026-03-05T11:22:01.859077', 'gensim': '4.4.0', 'python': '3.11.6 (tags/v3.11.6:8b6ee5b, Oct  2 2023, 14:57:12) [MSC v.1935 64 bit (AMD64)]', 'platform': 'Windows-10-10.0.26200-SP0', 'event': 'prepare_vocab'}
2026-03-05 11:22:01,862 - gensim.models.word2vec - INFO - estimated required memory for 8 words and 50 dimensions: 7200 bytes
2026-03-05 11:22:01,862 - gensim.models.word2vec - INFO - resetting layer weights
2026-03-05 11:22:01,862 - gensim.utils - INFO - Word2Vec lifecycle event {'update': False, 'trim_rule': 'None', 'datetime': '2026-03-05T11:22:01.862341', 'gensim': '4.4.0', 'python': '3.11.6 (tags/v3.11.6:8b6ee5b, Oct  2 2023, 14:57:12) [MSC v.1935 64 bit (AMD64)]', 'platform': 'Windows-10-10.0.26200-SP0', 'event': 'build_vocab'}
2026-03-05 11:22:01,862 - gensim.utils - INFO - Word2Vec lifecycle event {'msg': 'training model with 16 workers on 8 vocabulary and 50 features, using sg=1 hs=0 sample=0.001 negative=5 window=2 shrink_windows=True', 'datetime': '2026-03-05T11:22:01.862341', 'gensim': '4.4.0', 'python': '3.11.6 (tags/v3.11.6:8b6ee5b, Oct  2 2023, 14:57:12) [MSC v.1935 64 bit (AMD64)]', 'platform': 'Windows-10-10.0.26200-SP0', 'event': 'train'}
2026-03-05 11:22:01,886 - gensim.models.word2vec - INFO - EPOCH 0: training on 1000 raw words (83 effective words) took 0.0s, 189066 effective words/s
2026-03-05 11:22:01,913 - gensim.models.word2vec - INFO - EPOCH 1: training on 1000 raw words (89 effective words) took 0.0s, 28904 effective words/s
2026-03-05 11:22:01,942 - gensim.models.word2vec - INFO - EPOCH 2: training on 1000 raw words (88 effective words) took 0.0s, 210024 effective words/s
2026-03-05 11:22:01,972 - gensim.models.word2vec - INFO - EPOCH 3: training on 1000 raw words (96 effective words) took 0.0s, 255183 effective words/s
2026-03-05 11:22:01,999 - gensim.models.word2vec - INFO - EPOCH 4: training on 1000 raw words (102 effective words) took 0.0s, 193843 effective words/s
2026-03-05 11:22:02,026 - gensim.models.word2vec - INFO - EPOCH 5: training on 1000 raw words (120 effective words) took 0.0s, 308642 effective words/s
2026-03-05 11:22:02,057 - gensim.models.word2vec - INFO - EPOCH 6: training on 1000 raw words (87 effective words) took 0.0s, 89534 effective words/s
2026-03-05 11:22:02,086 - gensim.models.word2vec - INFO - EPOCH 7: training on 1000 raw words (103 effective words) took 0.0s, 287469 effective words/s
2026-03-05 11:22:02,117 - gensim.models.word2vec - INFO - EPOCH 8: training on 1000 raw words (92 effective words) took 0.0s, 28561 effective words/s
2026-03-05 11:22:02,147 - gensim.models.word2vec - INFO - EPOCH 9: training on 1000 raw words (72 effective words) took 0.0s, 133185 effective words/s
2026-03-05 11:22:02,172 - gensim.models.word2vec - INFO - EPOCH 10: training on 1000 raw words (118 effective words) took 0.0s, 46334 effective words/s
2026-03-05 11:22:02,208 - gensim.models.word2vec - INFO - EPOCH 11: training on 1000 raw words (80 effective words) took 0.0s, 31205 effective words/s
2026-03-05 11:22:02,233 - gensim.models.word2vec - INFO - EPOCH 12: training on 1000 raw words (84 effective words) took 0.0s, 35398 effective words/s
2026-03-05 11:22:02,262 - gensim.models.word2vec - INFO - EPOCH 13: training on 1000 raw words (91 effective words) took 0.0s, 25674 effective words/s
2026-03-05 11:22:02,293 - gensim.models.word2vec - INFO - EPOCH 14: training on 1000 raw words (92 effective words) took 0.0s, 206278 effective words/s
2026-03-05 11:22:02,320 - gensim.models.word2vec - INFO - EPOCH 15: training on 1000 raw words (94 effective words) took 0.0s, 35934 effective words/s
2026-03-05 11:22:02,345 - gensim.models.word2vec - INFO - EPOCH 16: training on 1000 raw words (100 effective words) took 0.0s, 34557 effective words/s
2026-03-05 11:22:02,372 - gensim.models.word2vec - INFO - EPOCH 17: training on 1000 raw words (96 effective words) took 0.0s, 218579 effective words/s
2026-03-05 11:22:02,398 - gensim.models.word2vec - INFO - EPOCH 18: training on 1000 raw words (95 effective words) took 0.0s, 213196 effective words/s
2026-03-05 11:22:02,422 - gensim.models.word2vec - INFO - EPOCH 19: training on 1000 raw words (103 effective words) took 0.0s, 227725 effective words/s
2026-03-05 11:22:02,426 - gensim.utils - INFO - Word2Vec lifecycle event {'msg': 'training on 20000 raw words (1885 effective words) took 0.6s, 3358 effective words/s', 'datetime': '2026-03-05T11:22:02.425909', 'gensim': '4.4.0', 'python': '3.11.6 (tags/v3.11.6:8b6ee5b, Oct  2 2023, 14:57:12) [MSC v.1935 64 bit (AMD64)]', 'platform': 'Windows-10-10.0.26200-SP0', 'event': 'train'}
2026-03-05 11:22:02,426 - gensim.utils - INFO - Word2Vec lifecycle event {'params': 'Word2Vec<vocab=8, vector_size=50, alpha=0.025>', 'datetime': '2026-03-05T11:22:02.426254', 'gensim': '4.4.0', 'python': '3.11.6 (tags/v3.11.6:8b6ee5b, Oct  2 2023, 14:57:12) [MSC v.1935 64 bit (AMD64)]', 'platform': 'Windows-10-10.0.26200-SP0', 'event': 'created'}
2026-03-05 11:22:02,426 - gensim.utils - INFO - Word2Vec lifecycle event {'fname_or_handle': 'models/word2vec\\w2v_skipgram_sz50_win2_ep20.model', 'separately': 'None', 'sep_limit': 10485760, 'ignore': frozenset(), 'datetime': '2026-03-05T11:22:02.426254', 'gensim': '4.4.0', 'python': '3.11.6 (tags/v3.11.6:8b6ee5b, Oct  2 2023, 14:57:12) [MSC v.1935 64 bit (AMD64)]', 'platform': 'Windows-10-10.0.26200-SP0', 'event': 'saving'}
2026-03-05 11:22:02,426 - gensim.utils - INFO - not storing attribute cum_table
2026-03-05 11:22:02,431 - gensim.utils - INFO - saved models/word2vec\w2v_skipgram_sz50_win2_ep20.model
2026-03-05 11:22:02,432 - NLP_Project - INFO - Training w2v_cbow_sz50_win5_ep5...
2026-03-05 11:22:02,432 - gensim.models.word2vec - INFO - collecting all words and their counts
2026-03-05 11:22:02,432 - gensim.models.word2vec - INFO - PROGRESS: at sentence #0, processed 0 words, keeping 0 word types
2026-03-05 11:22:02,432 - gensim.models.word2vec - INFO - collected 8 word types from a corpus of 1000 raw words and 300 sentences
2026-03-05 11:22:02,432 - gensim.models.word2vec - INFO - Creating a fresh vocabulary
2026-03-05 11:22:02,436 - gensim.utils - INFO - Word2Vec lifecycle event {'msg': 'effective_min_count=5 retains 8 unique words (100.00% of original 8, drops 0)', 'datetime': '2026-03-05T11:22:02.436337', 'gensim': '4.4.0', 'python': '3.11.6 (tags/v3.11.6:8b6ee5b, Oct  2 2023, 14:57:12) [MSC v.1935 64 bit (AMD64)]', 'platform': 'Windows-10-10.0.26200-SP0', 'event': 'prepare_vocab'}
2026-03-05 11:22:02,437 - gensim.utils - INFO - Word2Vec lifecycle event {'msg': 'effective_min_count=5 leaves 1000 word corpus (100.00% of original 1000, drops 0)', 'datetime': '2026-03-05T11:22:02.436337', 'gensim': '4.4.0', 'python': '3.11.6 (tags/v3.11.6:8b6ee5b, Oct  2 2023, 14:57:12) [MSC v.1935 64 bit (AMD64)]', 'platform': 'Windows-10-10.0.26200-SP0', 'event': 'prepare_vocab'}
2026-03-05 11:22:02,437 - gensim.models.word2vec - INFO - deleting the raw counts dictionary of 8 items
2026-03-05 11:22:02,437 - gensim.models.word2vec - INFO - sample=0.001 downsamples 8 most-common words
2026-03-05 11:22:02,437 - gensim.utils - INFO - Word2Vec lifecycle event {'msg': 'downsampling leaves estimated 95.32050807568878 word corpus (9.5%% of prior 1000)', 'datetime': '2026-03-05T11:22:02.437004', 'gensim': '4.4.0', 'python': '3.11.6 (tags/v3.11.6:8b6ee5b, Oct  2 2023, 14:57:12) [MSC v.1935 64 bit (AMD64)]', 'platform': 'Windows-10-10.0.26200-SP0', 'event': 'prepare_vocab'}
2026-03-05 11:22:02,438 - gensim.models.word2vec - INFO - estimated required memory for 8 words and 50 dimensions: 7200 bytes
2026-03-05 11:22:02,439 - gensim.models.word2vec - INFO - resetting layer weights
2026-03-05 11:22:02,440 - gensim.utils - INFO - Word2Vec lifecycle event {'update': False, 'trim_rule': 'None', 'datetime': '2026-03-05T11:22:02.440243', 'gensim': '4.4.0', 'python': '3.11.6 (tags/v3.11.6:8b6ee5b, Oct  2 2023, 14:57:12) [MSC v.1935 64 bit (AMD64)]', 'platform': 'Windows-10-10.0.26200-SP0', 'event': 'build_vocab'}
2026-03-05 11:22:02,440 - gensim.utils - INFO - Word2Vec lifecycle event {'msg': 'training model with 16 workers on 8 vocabulary and 50 features, using sg=0 hs=0 sample=0.001 negative=5 window=5 shrink_windows=True', 'datetime': '2026-03-05T11:22:02.440944', 'gensim': '4.4.0', 'python': '3.11.6 (tags/v3.11.6:8b6ee5b, Oct  2 2023, 14:57:12) [MSC v.1935 64 bit (AMD64)]', 'platform': 'Windows-10-10.0.26200-SP0', 'event': 'train'}
2026-03-05 11:22:02,465 - gensim.models.word2vec - INFO - EPOCH 0: training on 1000 raw words (83 effective words) took 0.0s, 25681 effective words/s
2026-03-05 11:22:02,497 - gensim.models.word2vec - INFO - EPOCH 1: training on 1000 raw words (92 effective words) took 0.0s, 143997 effective words/s
2026-03-05 11:22:02,526 - gensim.models.word2vec - INFO - EPOCH 2: training on 1000 raw words (82 effective words) took 0.0s, 109086 effective words/s
2026-03-05 11:22:02,547 - gensim.models.word2vec - INFO - EPOCH 3: training on 1000 raw words (96 effective words) took 0.0s, 39643 effective words/s
2026-03-05 11:22:02,576 - gensim.models.word2vec - INFO - EPOCH 4: training on 1000 raw words (96 effective words) took 0.0s, 113074 effective words/s
2026-03-05 11:22:02,576 - gensim.utils - INFO - Word2Vec lifecycle event {'msg': 'training on 5000 raw words (449 effective words) took 0.1s, 3261 effective words/s', 'datetime': '2026-03-05T11:22:02.576758', 'gensim': '4.4.0', 'python': '3.11.6 (tags/v3.11.6:8b6ee5b, Oct  2 2023, 14:57:12) [MSC v.1935 64 bit (AMD64)]', 'platform': 'Windows-10-10.0.26200-SP0', 'event': 'train'}
2026-03-05 11:22:02,576 - gensim.utils - INFO - Word2Vec lifecycle event {'params': 'Word2Vec<vocab=8, vector_size=50, alpha=0.025>', 'datetime': '2026-03-05T11:22:02.576758', 'gensim': '4.4.0', 'python': '3.11.6 (tags/v3.11.6:8b6ee5b, Oct  2 2023, 14:57:12) [MSC v.1935 64 bit (AMD64)]', 'platform': 'Windows-10-10.0.26200-SP0', 'event': 'created'}
2026-03-05 11:22:02,581 - gensim.utils - INFO - Word2Vec lifecycle event {'fname_or_handle': 'models/word2vec\\w2v_cbow_sz50_win5_ep5.model', 'separately': 'None', 'sep_limit': 10485760, 'ignore': frozenset(), 'datetime': '2026-03-05T11:22:02.581092', 'gensim': '4.4.0', 'python': '3.11.6 (tags/v3.11.6:8b6ee5b, Oct  2 2023, 14:57:12) [MSC v.1935 64 bit (AMD64)]', 'platform': 'Windows-10-10.0.26200-SP0', 'event': 'saving'}
2026-03-05 11:22:02,581 - gensim.utils - INFO - not storing attribute cum_table
2026-03-05 11:22:02,581 - gensim.utils - INFO - saved models/word2vec\w2v_cbow_sz50_win5_ep5.model
2026-03-05 11:22:02,581 - NLP_Project - INFO - Training w2v_cbow_sz50_win5_ep10...
2026-03-05 11:22:02,581 - gensim.models.word2vec - INFO - collecting all words and their counts
2026-03-05 11:22:02,581 - gensim.models.word2vec - INFO - PROGRESS: at sentence #0, processed 0 words, keeping 0 word types
2026-03-05 11:22:02,587 - gensim.models.word2vec - INFO - collected 8 word types from a corpus of 1000 raw words and 300 sentences
2026-03-05 11:22:02,587 - gensim.models.word2vec - INFO - Creating a fresh vocabulary
2026-03-05 11:22:02,587 - gensim.utils - INFO - Word2Vec lifecycle event {'msg': 'effective_min_count=5 retains 8 unique words (100.00% of original 8, drops 0)', 'datetime': '2026-03-05T11:22:02.587754', 'gensim': '4.4.0', 'python': '3.11.6 (tags/v3.11.6:8b6ee5b, Oct  2 2023, 14:57:12) [MSC v.1935 64 bit (AMD64)]', 'platform': 'Windows-10-10.0.26200-SP0', 'event': 'prepare_vocab'}
2026-03-05 11:22:02,587 - gensim.utils - INFO - Word2Vec lifecycle event {'msg': 'effective_min_count=5 leaves 1000 word corpus (100.00% of original 1000, drops 0)', 'datetime': '2026-03-05T11:22:02.587754', 'gensim': '4.4.0', 'python': '3.11.6 (tags/v3.11.6:8b6ee5b, Oct  2 2023, 14:57:12) [MSC v.1935 64 bit (AMD64)]', 'platform': 'Windows-10-10.0.26200-SP0', 'event': 'prepare_vocab'}
2026-03-05 11:22:02,587 - gensim.models.word2vec - INFO - deleting the raw counts dictionary of 8 items
2026-03-05 11:22:02,587 - gensim.models.word2vec - INFO - sample=0.001 downsamples 8 most-common words
2026-03-05 11:22:02,590 - gensim.utils - INFO - Word2Vec lifecycle event {'msg': 'downsampling leaves estimated 95.32050807568878 word corpus (9.5%% of prior 1000)', 'datetime': '2026-03-05T11:22:02.590270', 'gensim': '4.4.0', 'python': '3.11.6 (tags/v3.11.6:8b6ee5b, Oct  2 2023, 14:57:12) [MSC v.1935 64 bit (AMD64)]', 'platform': 'Windows-10-10.0.26200-SP0', 'event': 'prepare_vocab'}
2026-03-05 11:22:02,590 - gensim.models.word2vec - INFO - estimated required memory for 8 words and 50 dimensions: 7200 bytes
2026-03-05 11:22:02,591 - gensim.models.word2vec - INFO - resetting layer weights
2026-03-05 11:22:02,592 - gensim.utils - INFO - Word2Vec lifecycle event {'update': False, 'trim_rule': 'None', 'datetime': '2026-03-05T11:22:02.592422', 'gensim': '4.4.0', 'python': '3.11.6 (tags/v3.11.6:8b6ee5b, Oct  2 2023, 14:57:12) [MSC v.1935 64 bit (AMD64)]', 'platform': 'Windows-10-10.0.26200-SP0', 'event': 'build_vocab'}
2026-03-05 11:22:02,593 - gensim.utils - INFO - Word2Vec lifecycle event {'msg': 'training model with 16 workers on 8 vocabulary and 50 features, using sg=0 hs=0 sample=0.001 negative=5 window=5 shrink_windows=True', 'datetime': '2026-03-05T11:22:02.593460', 'gensim': '4.4.0', 'python': '3.11.6 (tags/v3.11.6:8b6ee5b, Oct  2 2023, 14:57:12) [MSC v.1935 64 bit (AMD64)]', 'platform': 'Windows-10-10.0.26200-SP0', 'event': 'train'}
2026-03-05 11:22:02,614 - gensim.models.word2vec - INFO - EPOCH 0: training on 1000 raw words (83 effective words) took 0.0s, 243902 effective words/s
2026-03-05 11:22:02,642 - gensim.models.word2vec - INFO - EPOCH 1: training on 1000 raw words (92 effective words) took 0.0s, 106654 effective words/s
2026-03-05 11:22:02,667 - gensim.models.word2vec - INFO - EPOCH 2: training on 1000 raw words (82 effective words) took 0.0s, 32010 effective words/s
2026-03-05 11:22:02,692 - gensim.models.word2vec - INFO - EPOCH 3: training on 1000 raw words (96 effective words) took 0.0s, 22135 effective words/s
2026-03-05 11:22:02,719 - gensim.models.word2vec - INFO - EPOCH 4: training on 1000 raw words (96 effective words) took 0.0s, 33873 effective words/s
2026-03-05 11:22:02,747 - gensim.models.word2vec - INFO - EPOCH 5: training on 1000 raw words (95 effective words) took 0.0s, 263450 effective words/s
2026-03-05 11:22:02,777 - gensim.models.word2vec - INFO - EPOCH 6: training on 1000 raw words (93 effective words) took 0.0s, 133986 effective words/s
2026-03-05 11:22:02,799 - gensim.models.word2vec - INFO - EPOCH 7: training on 1000 raw words (79 effective words) took 0.0s, 135669 effective words/s
2026-03-05 11:22:02,828 - gensim.models.word2vec - INFO - EPOCH 8: training on 1000 raw words (102 effective words) took 0.0s, 23949 effective words/s
2026-03-05 11:22:02,855 - gensim.models.word2vec - INFO - EPOCH 9: training on 1000 raw words (99 effective words) took 0.0s, 291262 effective words/s
2026-03-05 11:22:02,856 - gensim.utils - INFO - Word2Vec lifecycle event {'msg': 'training on 10000 raw words (917 effective words) took 0.3s, 3497 effective words/s', 'datetime': '2026-03-05T11:22:02.856415', 'gensim': '4.4.0', 'python': '3.11.6 (tags/v3.11.6:8b6ee5b, Oct  2 2023, 14:57:12) [MSC v.1935 64 bit (AMD64)]', 'platform': 'Windows-10-10.0.26200-SP0', 'event': 'train'}
2026-03-05 11:22:02,857 - gensim.utils - INFO - Word2Vec lifecycle event {'params': 'Word2Vec<vocab=8, vector_size=50, alpha=0.025>', 'datetime': '2026-03-05T11:22:02.857009', 'gensim': '4.4.0', 'python': '3.11.6 (tags/v3.11.6:8b6ee5b, Oct  2 2023, 14:57:12) [MSC v.1935 64 bit (AMD64)]', 'platform': 'Windows-10-10.0.26200-SP0', 'event': 'created'}
2026-03-05 11:22:02,857 - gensim.utils - INFO - Word2Vec lifecycle event {'fname_or_handle': 'models/word2vec\\w2v_cbow_sz50_win5_ep10.model', 'separately': 'None', 'sep_limit': 10485760, 'ignore': frozenset(), 'datetime': '2026-03-05T11:22:02.857625', 'gensim': '4.4.0', 'python': '3.11.6 (tags/v3.11.6:8b6ee5b, Oct  2 2023, 14:57:12) [MSC v.1935 64 bit (AMD64)]', 'platform': 'Windows-10-10.0.26200-SP0', 'event': 'saving'}
2026-03-05 11:22:02,859 - gensim.utils - INFO - not storing attribute cum_table
2026-03-05 11:22:02,859 - gensim.utils - INFO - saved models/word2vec\w2v_cbow_sz50_win5_ep10.model
2026-03-05 11:22:02,859 - NLP_Project - INFO - Training w2v_cbow_sz50_win5_ep20...
2026-03-05 11:22:02,863 - gensim.models.word2vec - INFO - collecting all words and their counts
2026-03-05 11:22:02,865 - gensim.models.word2vec - INFO - PROGRESS: at sentence #0, processed 0 words, keeping 0 word types
2026-03-05 11:22:02,866 - gensim.models.word2vec - INFO - collected 8 word types from a corpus of 1000 raw words and 300 sentences
2026-03-05 11:22:02,866 - gensim.models.word2vec - INFO - Creating a fresh vocabulary
2026-03-05 11:22:02,867 - gensim.utils - INFO - Word2Vec lifecycle event {'msg': 'effective_min_count=5 retains 8 unique words (100.00% of original 8, drops 0)', 'datetime': '2026-03-05T11:22:02.867450', 'gensim': '4.4.0', 'python': '3.11.6 (tags/v3.11.6:8b6ee5b, Oct  2 2023, 14:57:12) [MSC v.1935 64 bit (AMD64)]', 'platform': 'Windows-10-10.0.26200-SP0', 'event': 'prepare_vocab'}
2026-03-05 11:22:02,867 - gensim.utils - INFO - Word2Vec lifecycle event {'msg': 'effective_min_count=5 leaves 1000 word corpus (100.00% of original 1000, drops 0)', 'datetime': '2026-03-05T11:22:02.867778', 'gensim': '4.4.0', 'python': '3.11.6 (tags/v3.11.6:8b6ee5b, Oct  2 2023, 14:57:12) [MSC v.1935 64 bit (AMD64)]', 'platform': 'Windows-10-10.0.26200-SP0', 'event': 'prepare_vocab'}
2026-03-05 11:22:02,867 - gensim.models.word2vec - INFO - deleting the raw counts dictionary of 8 items
2026-03-05 11:22:02,867 - gensim.models.word2vec - INFO - sample=0.001 downsamples 8 most-common words
2026-03-05 11:22:02,867 - gensim.utils - INFO - Word2Vec lifecycle event {'msg': 'downsampling leaves estimated 95.32050807568878 word corpus (9.5%% of prior 1000)', 'datetime': '2026-03-05T11:22:02.867778', 'gensim': '4.4.0', 'python': '3.11.6 (tags/v3.11.6:8b6ee5b, Oct  2 2023, 14:57:12) [MSC v.1935 64 bit (AMD64)]', 'platform': 'Windows-10-10.0.26200-SP0', 'event': 'prepare_vocab'}
2026-03-05 11:22:02,870 - gensim.models.word2vec - INFO - estimated required memory for 8 words and 50 dimensions: 7200 bytes
2026-03-05 11:22:02,870 - gensim.models.word2vec - INFO - resetting layer weights
2026-03-05 11:22:02,870 - gensim.utils - INFO - Word2Vec lifecycle event {'update': False, 'trim_rule': 'None', 'datetime': '2026-03-05T11:22:02.870360', 'gensim': '4.4.0', 'python': '3.11.6 (tags/v3.11.6:8b6ee5b, Oct  2 2023, 14:57:12) [MSC v.1935 64 bit (AMD64)]', 'platform': 'Windows-10-10.0.26200-SP0', 'event': 'build_vocab'}
2026-03-05 11:22:02,871 - gensim.utils - INFO - Word2Vec lifecycle event {'msg': 'training model with 16 workers on 8 vocabulary and 50 features, using sg=0 hs=0 sample=0.001 negative=5 window=5 shrink_windows=True', 'datetime': '2026-03-05T11:22:02.871931', 'gensim': '4.4.0', 'python': '3.11.6 (tags/v3.11.6:8b6ee5b, Oct  2 2023, 14:57:12) [MSC v.1935 64 bit (AMD64)]', 'platform': 'Windows-10-10.0.26200-SP0', 'event': 'train'}
2026-03-05 11:22:02,897 - gensim.models.word2vec - INFO - EPOCH 0: training on 1000 raw words (83 effective words) took 0.0s, 24128 effective words/s
2026-03-05 11:22:02,931 - gensim.models.word2vec - INFO - EPOCH 1: training on 1000 raw words (92 effective words) took 0.0s, 32177 effective words/s
2026-03-05 11:22:02,967 - gensim.models.word2vec - INFO - EPOCH 2: training on 1000 raw words (82 effective words) took 0.0s, 28451 effective words/s
2026-03-05 11:22:02,998 - gensim.models.word2vec - INFO - EPOCH 3: training on 1000 raw words (96 effective words) took 0.0s, 194018 effective words/s
2026-03-05 11:22:03,025 - gensim.models.word2vec - INFO - EPOCH 4: training on 1000 raw words (96 effective words) took 0.0s, 212955 effective words/s
2026-03-05 11:22:03,053 - gensim.models.word2vec - INFO - EPOCH 5: training on 1000 raw words (95 effective words) took 0.0s, 35637 effective words/s
2026-03-05 11:22:03,085 - gensim.models.word2vec - INFO - EPOCH 6: training on 1000 raw words (93 effective words) took 0.0s, 27855 effective words/s
2026-03-05 11:22:03,110 - gensim.models.word2vec - INFO - EPOCH 7: training on 1000 raw words (79 effective words) took 0.0s, 25420 effective words/s
2026-03-05 11:22:03,140 - gensim.models.word2vec - INFO - EPOCH 8: training on 1000 raw words (102 effective words) took 0.0s, 151134 effective words/s
2026-03-05 11:22:03,170 - gensim.models.word2vec - INFO - EPOCH 9: training on 1000 raw words (99 effective words) took 0.0s, 33754 effective words/s
2026-03-05 11:22:03,197 - gensim.models.word2vec - INFO - EPOCH 10: training on 1000 raw words (89 effective words) took 0.0s, 126187 effective words/s
2026-03-05 11:22:03,226 - gensim.models.word2vec - INFO - EPOCH 11: training on 1000 raw words (99 effective words) took 0.0s, 156423 effective words/s
2026-03-05 11:22:03,257 - gensim.models.word2vec - INFO - EPOCH 12: training on 1000 raw words (88 effective words) took 0.0s, 26199 effective words/s
2026-03-05 11:22:03,281 - gensim.models.word2vec - INFO - EPOCH 13: training on 1000 raw words (100 effective words) took 0.0s, 362713 effective words/s
2026-03-05 11:22:03,306 - gensim.models.word2vec - INFO - EPOCH 14: training on 1000 raw words (89 effective words) took 0.0s, 225374 effective words/s
2026-03-05 11:22:03,355 - gensim.models.word2vec - INFO - EPOCH 15: training on 1000 raw words (104 effective words) took 0.0s, 19174 effective words/s
2026-03-05 11:22:03,403 - gensim.models.word2vec - INFO - EPOCH 16: training on 1000 raw words (105 effective words) took 0.0s, 35479 effective words/s
2026-03-05 11:22:03,430 - gensim.models.word2vec - INFO - EPOCH 17: training on 1000 raw words (84 effective words) took 0.0s, 43219 effective words/s
2026-03-05 11:22:03,447 - gensim.models.word2vec - INFO - EPOCH 18: training on 1000 raw words (85 effective words) took 0.0s, 29356 effective words/s
2026-03-05 11:22:03,462 - gensim.models.word2vec - INFO - EPOCH 19: training on 1000 raw words (90 effective words) took 0.0s, 442260 effective words/s
2026-03-05 11:22:03,462 - gensim.utils - INFO - Word2Vec lifecycle event {'msg': 'training on 20000 raw words (1850 effective words) took 0.6s, 3122 effective words/s', 'datetime': '2026-03-05T11:22:03.462401', 'gensim': '4.4.0', 'python': '3.11.6 (tags/v3.11.6:8b6ee5b, Oct  2 2023, 14:57:12) [MSC v.1935 64 bit (AMD64)]', 'platform': 'Windows-10-10.0.26200-SP0', 'event': 'train'}
2026-03-05 11:22:03,462 - gensim.utils - INFO - Word2Vec lifecycle event {'params': 'Word2Vec<vocab=8, vector_size=50, alpha=0.025>', 'datetime': '2026-03-05T11:22:03.462401', 'gensim': '4.4.0', 'python': '3.11.6 (tags/v3.11.6:8b6ee5b, Oct  2 2023, 14:57:12) [MSC v.1935 64 bit (AMD64)]', 'platform': 'Windows-10-10.0.26200-SP0', 'event': 'created'}
2026-03-05 11:22:03,462 - gensim.utils - INFO - Word2Vec lifecycle event {'fname_or_handle': 'models/word2vec\\w2v_cbow_sz50_win5_ep20.model', 'separately': 'None', 'sep_limit': 10485760, 'ignore': frozenset(), 'datetime': '2026-03-05T11:22:03.462401', 'gensim': '4.4.0', 'python': '3.11.6 (tags/v3.11.6:8b6ee5b, Oct  2 2023, 14:57:12) [MSC v.1935 64 bit (AMD64)]', 'platform': 'Windows-10-10.0.26200-SP0', 'event': 'saving'}
2026-03-05 11:22:03,466 - gensim.utils - INFO - not storing attribute cum_table
2026-03-05 11:22:03,467 - gensim.utils - INFO - saved models/word2vec\w2v_cbow_sz50_win5_ep20.model
2026-03-05 11:22:03,470 - NLP_Project - INFO - Training w2v_skipgram_sz50_win5_ep5...
2026-03-05 11:22:03,470 - gensim.models.word2vec - INFO - collecting all words and their counts
2026-03-05 11:22:03,470 - gensim.models.word2vec - INFO - PROGRESS: at sentence #0, processed 0 words, keeping 0 word types
2026-03-05 11:22:03,472 - gensim.models.word2vec - INFO - collected 8 word types from a corpus of 1000 raw words and 300 sentences
2026-03-05 11:22:03,472 - gensim.models.word2vec - INFO - Creating a fresh vocabulary
2026-03-05 11:22:03,472 - gensim.utils - INFO - Word2Vec lifecycle event {'msg': 'effective_min_count=5 retains 8 unique words (100.00% of original 8, drops 0)', 'datetime': '2026-03-05T11:22:03.472424', 'gensim': '4.4.0', 'python': '3.11.6 (tags/v3.11.6:8b6ee5b, Oct  2 2023, 14:57:12) [MSC v.1935 64 bit (AMD64)]', 'platform': 'Windows-10-10.0.26200-SP0', 'event': 'prepare_vocab'}
2026-03-05 11:22:03,472 - gensim.utils - INFO - Word2Vec lifecycle event {'msg': 'effective_min_count=5 leaves 1000 word corpus (100.00% of original 1000, drops 0)', 'datetime': '2026-03-05T11:22:03.472424', 'gensim': '4.4.0', 'python': '3.11.6 (tags/v3.11.6:8b6ee5b, Oct  2 2023, 14:57:12) [MSC v.1935 64 bit (AMD64)]', 'platform': 'Windows-10-10.0.26200-SP0', 'event': 'prepare_vocab'}
2026-03-05 11:22:03,472 - gensim.models.word2vec - INFO - deleting the raw counts dictionary of 8 items
2026-03-05 11:22:03,472 - gensim.models.word2vec - INFO - sample=0.001 downsamples 8 most-common words
2026-03-05 11:22:03,472 - gensim.utils - INFO - Word2Vec lifecycle event {'msg': 'downsampling leaves estimated 95.32050807568878 word corpus (9.5%% of prior 1000)', 'datetime': '2026-03-05T11:22:03.472424', 'gensim': '4.4.0', 'python': '3.11.6 (tags/v3.11.6:8b6ee5b, Oct  2 2023, 14:57:12) [MSC v.1935 64 bit (AMD64)]', 'platform': 'Windows-10-10.0.26200-SP0', 'event': 'prepare_vocab'}
2026-03-05 11:22:03,472 - gensim.models.word2vec - INFO - estimated required memory for 8 words and 50 dimensions: 7200 bytes
2026-03-05 11:22:03,475 - gensim.models.word2vec - INFO - resetting layer weights
2026-03-05 11:22:03,475 - gensim.utils - INFO - Word2Vec lifecycle event {'update': False, 'trim_rule': 'None', 'datetime': '2026-03-05T11:22:03.475831', 'gensim': '4.4.0', 'python': '3.11.6 (tags/v3.11.6:8b6ee5b, Oct  2 2023, 14:57:12) [MSC v.1935 64 bit (AMD64)]', 'platform': 'Windows-10-10.0.26200-SP0', 'event': 'build_vocab'}
2026-03-05 11:22:03,475 - gensim.utils - INFO - Word2Vec lifecycle event {'msg': 'training model with 16 workers on 8 vocabulary and 50 features, using sg=1 hs=0 sample=0.001 negative=5 window=5 shrink_windows=True', 'datetime': '2026-03-05T11:22:03.475831', 'gensim': '4.4.0', 'python': '3.11.6 (tags/v3.11.6:8b6ee5b, Oct  2 2023, 14:57:12) [MSC v.1935 64 bit (AMD64)]', 'platform': 'Windows-10-10.0.26200-SP0', 'event': 'train'}
2026-03-05 11:22:03,501 - gensim.models.word2vec - INFO - EPOCH 0: training on 1000 raw words (83 effective words) took 0.0s, 127028 effective words/s
2026-03-05 11:22:03,531 - gensim.models.word2vec - INFO - EPOCH 1: training on 1000 raw words (92 effective words) took 0.0s, 24307 effective words/s
2026-03-05 11:22:03,553 - gensim.models.word2vec - INFO - EPOCH 2: training on 1000 raw words (82 effective words) took 0.0s, 23945 effective words/s
2026-03-05 11:22:03,585 - gensim.models.word2vec - INFO - EPOCH 3: training on 1000 raw words (96 effective words) took 0.0s, 31004 effective words/s
2026-03-05 11:22:03,614 - gensim.models.word2vec - INFO - EPOCH 4: training on 1000 raw words (96 effective words) took 0.0s, 31074 effective words/s
2026-03-05 11:22:03,614 - gensim.utils - INFO - Word2Vec lifecycle event {'msg': 'training on 5000 raw words (449 effective words) took 0.1s, 3270 effective words/s', 'datetime': '2026-03-05T11:22:03.614137', 'gensim': '4.4.0', 'python': '3.11.6 (tags/v3.11.6:8b6ee5b, Oct  2 2023, 14:57:12) [MSC v.1935 64 bit (AMD64)]', 'platform': 'Windows-10-10.0.26200-SP0', 'event': 'train'}
2026-03-05 11:22:03,614 - gensim.utils - INFO - Word2Vec lifecycle event {'params': 'Word2Vec<vocab=8, vector_size=50, alpha=0.025>', 'datetime': '2026-03-05T11:22:03.614137', 'gensim': '4.4.0', 'python': '3.11.6 (tags/v3.11.6:8b6ee5b, Oct  2 2023, 14:57:12) [MSC v.1935 64 bit (AMD64)]', 'platform': 'Windows-10-10.0.26200-SP0', 'event': 'created'}
2026-03-05 11:22:03,614 - gensim.utils - INFO - Word2Vec lifecycle event {'fname_or_handle': 'models/word2vec\\w2v_skipgram_sz50_win5_ep5.model', 'separately': 'None', 'sep_limit': 10485760, 'ignore': frozenset(), 'datetime': '2026-03-05T11:22:03.614137', 'gensim': '4.4.0', 'python': '3.11.6 (tags/v3.11.6:8b6ee5b, Oct  2 2023, 14:57:12) [MSC v.1935 64 bit (AMD64)]', 'platform': 'Windows-10-10.0.26200-SP0', 'event': 'saving'}
2026-03-05 11:22:03,617 - gensim.utils - INFO - not storing attribute cum_table
2026-03-05 11:22:03,620 - gensim.utils - INFO - saved models/word2vec\w2v_skipgram_sz50_win5_ep5.model
2026-03-05 11:22:03,620 - NLP_Project - INFO - Training w2v_skipgram_sz50_win5_ep10...
2026-03-05 11:22:03,622 - gensim.models.word2vec - INFO - collecting all words and their counts
2026-03-05 11:22:03,622 - gensim.models.word2vec - INFO - PROGRESS: at sentence #0, processed 0 words, keeping 0 word types
2026-03-05 11:22:03,623 - gensim.models.word2vec - INFO - collected 8 word types from a corpus of 1000 raw words and 300 sentences
2026-03-05 11:22:03,623 - gensim.models.word2vec - INFO - Creating a fresh vocabulary
2026-03-05 11:22:03,623 - gensim.utils - INFO - Word2Vec lifecycle event {'msg': 'effective_min_count=5 retains 8 unique words (100.00% of original 8, drops 0)', 'datetime': '2026-03-05T11:22:03.623937', 'gensim': '4.4.0', 'python': '3.11.6 (tags/v3.11.6:8b6ee5b, Oct  2 2023, 14:57:12) [MSC v.1935 64 bit (AMD64)]', 'platform': 'Windows-10-10.0.26200-SP0', 'event': 'prepare_vocab'}
2026-03-05 11:22:03,626 - gensim.utils - INFO - Word2Vec lifecycle event {'msg': 'effective_min_count=5 leaves 1000 word corpus (100.00% of original 1000, drops 0)', 'datetime': '2026-03-05T11:22:03.626002', 'gensim': '4.4.0', 'python': '3.11.6 (tags/v3.11.6:8b6ee5b, Oct  2 2023, 14:57:12) [MSC v.1935 64 bit (AMD64)]', 'platform': 'Windows-10-10.0.26200-SP0', 'event': 'prepare_vocab'}
2026-03-05 11:22:03,626 - gensim.models.word2vec - INFO - deleting the raw counts dictionary of 8 items
2026-03-05 11:22:03,626 - gensim.models.word2vec - INFO - sample=0.001 downsamples 8 most-common words
2026-03-05 11:22:03,626 - gensim.utils - INFO - Word2Vec lifecycle event {'msg': 'downsampling leaves estimated 95.32050807568878 word corpus (9.5%% of prior 1000)', 'datetime': '2026-03-05T11:22:03.626809', 'gensim': '4.4.0', 'python': '3.11.6 (tags/v3.11.6:8b6ee5b, Oct  2 2023, 14:57:12) [MSC v.1935 64 bit (AMD64)]', 'platform': 'Windows-10-10.0.26200-SP0', 'event': 'prepare_vocab'}
2026-03-05 11:22:03,626 - gensim.models.word2vec - INFO - estimated required memory for 8 words and 50 dimensions: 7200 bytes
2026-03-05 11:22:03,626 - gensim.models.word2vec - INFO - resetting layer weights
2026-03-05 11:22:03,626 - gensim.utils - INFO - Word2Vec lifecycle event {'update': False, 'trim_rule': 'None', 'datetime': '2026-03-05T11:22:03.626809', 'gensim': '4.4.0', 'python': '3.11.6 (tags/v3.11.6:8b6ee5b, Oct  2 2023, 14:57:12) [MSC v.1935 64 bit (AMD64)]', 'platform': 'Windows-10-10.0.26200-SP0', 'event': 'build_vocab'}
2026-03-05 11:22:03,630 - gensim.utils - INFO - Word2Vec lifecycle event {'msg': 'training model with 16 workers on 8 vocabulary and 50 features, using sg=1 hs=0 sample=0.001 negative=5 window=5 shrink_windows=True', 'datetime': '2026-03-05T11:22:03.630817', 'gensim': '4.4.0', 'python': '3.11.6 (tags/v3.11.6:8b6ee5b, Oct  2 2023, 14:57:12) [MSC v.1935 64 bit (AMD64)]', 'platform': 'Windows-10-10.0.26200-SP0', 'event': 'train'}
2026-03-05 11:22:03,653 - gensim.models.word2vec - INFO - EPOCH 0: training on 1000 raw words (83 effective words) took 0.0s, 35722 effective words/s
2026-03-05 11:22:03,680 - gensim.models.word2vec - INFO - EPOCH 1: training on 1000 raw words (92 effective words) took 0.0s, 201093 effective words/s
2026-03-05 11:22:03,705 - gensim.models.word2vec - INFO - EPOCH 2: training on 1000 raw words (82 effective words) took 0.0s, 33513 effective words/s
2026-03-05 11:22:03,732 - gensim.models.word2vec - INFO - EPOCH 3: training on 1000 raw words (96 effective words) took 0.0s, 302648 effective words/s
2026-03-05 11:22:03,759 - gensim.models.word2vec - INFO - EPOCH 4: training on 1000 raw words (96 effective words) took 0.0s, 125836 effective words/s
2026-03-05 11:22:03,781 - gensim.models.word2vec - INFO - EPOCH 5: training on 1000 raw words (95 effective words) took 0.0s, 47820 effective words/s
2026-03-05 11:22:03,804 - gensim.models.word2vec - INFO - EPOCH 6: training on 1000 raw words (93 effective words) took 0.0s, 203279 effective words/s
2026-03-05 11:22:03,829 - gensim.models.word2vec - INFO - EPOCH 7: training on 1000 raw words (79 effective words) took 0.0s, 25853 effective words/s
2026-03-05 11:22:03,853 - gensim.models.word2vec - INFO - EPOCH 8: training on 1000 raw words (102 effective words) took 0.0s, 39783 effective words/s
2026-03-05 11:22:03,881 - gensim.models.word2vec - INFO - EPOCH 9: training on 1000 raw words (99 effective words) took 0.0s, 265843 effective words/s
2026-03-05 11:22:03,881 - gensim.utils - INFO - Word2Vec lifecycle event {'msg': 'training on 10000 raw words (917 effective words) took 0.3s, 3624 effective words/s', 'datetime': '2026-03-05T11:22:03.881449', 'gensim': '4.4.0', 'python': '3.11.6 (tags/v3.11.6:8b6ee5b, Oct  2 2023, 14:57:12) [MSC v.1935 64 bit (AMD64)]', 'platform': 'Windows-10-10.0.26200-SP0', 'event': 'train'}
2026-03-05 11:22:03,881 - gensim.utils - INFO - Word2Vec lifecycle event {'params': 'Word2Vec<vocab=8, vector_size=50, alpha=0.025>', 'datetime': '2026-03-05T11:22:03.881449', 'gensim': '4.4.0', 'python': '3.11.6 (tags/v3.11.6:8b6ee5b, Oct  2 2023, 14:57:12) [MSC v.1935 64 bit (AMD64)]', 'platform': 'Windows-10-10.0.26200-SP0', 'event': 'created'}
2026-03-05 11:22:03,881 - gensim.utils - INFO - Word2Vec lifecycle event {'fname_or_handle': 'models/word2vec\\w2v_skipgram_sz50_win5_ep10.model', 'separately': 'None', 'sep_limit': 10485760, 'ignore': frozenset(), 'datetime': '2026-03-05T11:22:03.881449', 'gensim': '4.4.0', 'python': '3.11.6 (tags/v3.11.6:8b6ee5b, Oct  2 2023, 14:57:12) [MSC v.1935 64 bit (AMD64)]', 'platform': 'Windows-10-10.0.26200-SP0', 'event': 'saving'}
2026-03-05 11:22:03,887 - gensim.utils - INFO - not storing attribute cum_table
2026-03-05 11:22:03,889 - gensim.utils - INFO - saved models/word2vec\w2v_skipgram_sz50_win5_ep10.model
2026-03-05 11:22:03,890 - NLP_Project - INFO - Training w2v_skipgram_sz50_win5_ep20...
2026-03-05 11:22:03,892 - gensim.models.word2vec - INFO - collecting all words and their counts
2026-03-05 11:22:03,892 - gensim.models.word2vec - INFO - PROGRESS: at sentence #0, processed 0 words, keeping 0 word types
2026-03-05 11:22:03,893 - gensim.models.word2vec - INFO - collected 8 word types from a corpus of 1000 raw words and 300 sentences
2026-03-05 11:22:03,893 - gensim.models.word2vec - INFO - Creating a fresh vocabulary
2026-03-05 11:22:03,895 - gensim.utils - INFO - Word2Vec lifecycle event {'msg': 'effective_min_count=5 retains 8 unique words (100.00% of original 8, drops 0)', 'datetime': '2026-03-05T11:22:03.895688', 'gensim': '4.4.0', 'python': '3.11.6 (tags/v3.11.6:8b6ee5b, Oct  2 2023, 14:57:12) [MSC v.1935 64 bit (AMD64)]', 'platform': 'Windows-10-10.0.26200-SP0', 'event': 'prepare_vocab'}
2026-03-05 11:22:03,895 - gensim.utils - INFO - Word2Vec lifecycle event {'msg': 'effective_min_count=5 leaves 1000 word corpus (100.00% of original 1000, drops 0)', 'datetime': '2026-03-05T11:22:03.895688', 'gensim': '4.4.0', 'python': '3.11.6 (tags/v3.11.6:8b6ee5b, Oct  2 2023, 14:57:12) [MSC v.1935 64 bit (AMD64)]', 'platform': 'Windows-10-10.0.26200-SP0', 'event': 'prepare_vocab'}
2026-03-05 11:22:03,895 - gensim.models.word2vec - INFO - deleting the raw counts dictionary of 8 items
2026-03-05 11:22:03,897 - gensim.models.word2vec - INFO - sample=0.001 downsamples 8 most-common words
2026-03-05 11:22:03,897 - gensim.utils - INFO - Word2Vec lifecycle event {'msg': 'downsampling leaves estimated 95.32050807568878 word corpus (9.5%% of prior 1000)', 'datetime': '2026-03-05T11:22:03.897368', 'gensim': '4.4.0', 'python': '3.11.6 (tags/v3.11.6:8b6ee5b, Oct  2 2023, 14:57:12) [MSC v.1935 64 bit (AMD64)]', 'platform': 'Windows-10-10.0.26200-SP0', 'event': 'prepare_vocab'}
2026-03-05 11:22:03,897 - gensim.models.word2vec - INFO - estimated required memory for 8 words and 50 dimensions: 7200 bytes
2026-03-05 11:22:03,897 - gensim.models.word2vec - INFO - resetting layer weights
2026-03-05 11:22:03,900 - gensim.utils - INFO - Word2Vec lifecycle event {'update': False, 'trim_rule': 'None', 'datetime': '2026-03-05T11:22:03.900682', 'gensim': '4.4.0', 'python': '3.11.6 (tags/v3.11.6:8b6ee5b, Oct  2 2023, 14:57:12) [MSC v.1935 64 bit (AMD64)]', 'platform': 'Windows-10-10.0.26200-SP0', 'event': 'build_vocab'}
2026-03-05 11:22:03,900 - gensim.utils - INFO - Word2Vec lifecycle event {'msg': 'training model with 16 workers on 8 vocabulary and 50 features, using sg=1 hs=0 sample=0.001 negative=5 window=5 shrink_windows=True', 'datetime': '2026-03-05T11:22:03.900682', 'gensim': '4.4.0', 'python': '3.11.6 (tags/v3.11.6:8b6ee5b, Oct  2 2023, 14:57:12) [MSC v.1935 64 bit (AMD64)]', 'platform': 'Windows-10-10.0.26200-SP0', 'event': 'train'}
2026-03-05 11:22:03,922 - gensim.models.word2vec - INFO - EPOCH 0: training on 1000 raw words (83 effective words) took 0.0s, 144247 effective words/s
2026-03-05 11:22:03,950 - gensim.models.word2vec - INFO - EPOCH 1: training on 1000 raw words (92 effective words) took 0.0s, 289036 effective words/s
2026-03-05 11:22:03,975 - gensim.models.word2vec - INFO - EPOCH 2: training on 1000 raw words (82 effective words) took 0.0s, 117732 effective words/s
2026-03-05 11:22:04,001 - gensim.models.word2vec - INFO - EPOCH 3: training on 1000 raw words (96 effective words) took 0.0s, 36718 effective words/s
2026-03-05 11:22:04,028 - gensim.models.word2vec - INFO - EPOCH 4: training on 1000 raw words (96 effective words) took 0.0s, 30521 effective words/s
2026-03-05 11:22:04,057 - gensim.models.word2vec - INFO - EPOCH 5: training on 1000 raw words (95 effective words) took 0.0s, 37305 effective words/s
2026-03-05 11:22:04,081 - gensim.models.word2vec - INFO - EPOCH 6: training on 1000 raw words (93 effective words) took 0.0s, 185222 effective words/s
2026-03-05 11:22:04,113 - gensim.models.word2vec - INFO - EPOCH 7: training on 1000 raw words (79 effective words) took 0.0s, 24591 effective words/s
2026-03-05 11:22:04,143 - gensim.models.word2vec - INFO - EPOCH 8: training on 1000 raw words (102 effective words) took 0.0s, 236111 effective words/s
2026-03-05 11:22:04,170 - gensim.models.word2vec - INFO - EPOCH 9: training on 1000 raw words (99 effective words) took 0.0s, 42424 effective words/s
2026-03-05 11:22:04,199 - gensim.models.word2vec - INFO - EPOCH 10: training on 1000 raw words (89 effective words) took 0.0s, 217604 effective words/s
2026-03-05 11:22:04,231 - gensim.models.word2vec - INFO - EPOCH 11: training on 1000 raw words (99 effective words) took 0.0s, 233491 effective words/s
2026-03-05 11:22:04,267 - gensim.models.word2vec - INFO - EPOCH 12: training on 1000 raw words (88 effective words) took 0.0s, 24766 effective words/s
2026-03-05 11:22:04,302 - gensim.models.word2vec - INFO - EPOCH 13: training on 1000 raw words (100 effective words) took 0.0s, 31579 effective words/s
2026-03-05 11:22:04,332 - gensim.models.word2vec - INFO - EPOCH 14: training on 1000 raw words (89 effective words) took 0.0s, 196903 effective words/s
2026-03-05 11:22:04,359 - gensim.models.word2vec - INFO - EPOCH 15: training on 1000 raw words (104 effective words) took 0.0s, 187118 effective words/s
2026-03-05 11:22:04,388 - gensim.models.word2vec - INFO - EPOCH 16: training on 1000 raw words (105 effective words) took 0.0s, 57686 effective words/s
2026-03-05 11:22:04,419 - gensim.models.word2vec - INFO - EPOCH 17: training on 1000 raw words (84 effective words) took 0.0s, 33693 effective words/s
2026-03-05 11:22:04,446 - gensim.models.word2vec - INFO - EPOCH 18: training on 1000 raw words (85 effective words) took 0.0s, 26361 effective words/s
2026-03-05 11:22:04,475 - gensim.models.word2vec - INFO - EPOCH 19: training on 1000 raw words (90 effective words) took 0.0s, 24284 effective words/s
2026-03-05 11:22:04,475 - gensim.utils - INFO - Word2Vec lifecycle event {'msg': 'training on 20000 raw words (1850 effective words) took 0.6s, 3205 effective words/s', 'datetime': '2026-03-05T11:22:04.475523', 'gensim': '4.4.0', 'python': '3.11.6 (tags/v3.11.6:8b6ee5b, Oct  2 2023, 14:57:12) [MSC v.1935 64 bit (AMD64)]', 'platform': 'Windows-10-10.0.26200-SP0', 'event': 'train'}
2026-03-05 11:22:04,475 - gensim.utils - INFO - Word2Vec lifecycle event {'params': 'Word2Vec<vocab=8, vector_size=50, alpha=0.025>', 'datetime': '2026-03-05T11:22:04.475523', 'gensim': '4.4.0', 'python': '3.11.6 (tags/v3.11.6:8b6ee5b, Oct  2 2023, 14:57:12) [MSC v.1935 64 bit (AMD64)]', 'platform': 'Windows-10-10.0.26200-SP0', 'event': 'created'}
2026-03-05 11:22:04,475 - gensim.utils - INFO - Word2Vec lifecycle event {'fname_or_handle': 'models/word2vec\\w2v_skipgram_sz50_win5_ep20.model', 'separately': 'None', 'sep_limit': 10485760, 'ignore': frozenset(), 'datetime': '2026-03-05T11:22:04.475523', 'gensim': '4.4.0', 'python': '3.11.6 (tags/v3.11.6:8b6ee5b, Oct  2 2023, 14:57:12) [MSC v.1935 64 bit (AMD64)]', 'platform': 'Windows-10-10.0.26200-SP0', 'event': 'saving'}
2026-03-05 11:22:04,481 - gensim.utils - INFO - not storing attribute cum_table
2026-03-05 11:22:04,483 - gensim.utils - INFO - saved models/word2vec\w2v_skipgram_sz50_win5_ep20.model
2026-03-05 11:22:04,483 - NLP_Project - INFO - Training w2v_cbow_sz50_win10_ep5...
2026-03-05 11:22:04,483 - gensim.models.word2vec - INFO - collecting all words and their counts
2026-03-05 11:22:04,483 - gensim.models.word2vec - INFO - PROGRESS: at sentence #0, processed 0 words, keeping 0 word types
2026-03-05 11:22:04,487 - gensim.models.word2vec - INFO - collected 8 word types from a corpus of 1000 raw words and 300 sentences
2026-03-05 11:22:04,487 - gensim.models.word2vec - INFO - Creating a fresh vocabulary
2026-03-05 11:22:04,487 - gensim.utils - INFO - Word2Vec lifecycle event {'msg': 'effective_min_count=5 retains 8 unique words (100.00% of original 8, drops 0)', 'datetime': '2026-03-05T11:22:04.487023', 'gensim': '4.4.0', 'python': '3.11.6 (tags/v3.11.6:8b6ee5b, Oct  2 2023, 14:57:12) [MSC v.1935 64 bit (AMD64)]', 'platform': 'Windows-10-10.0.26200-SP0', 'event': 'prepare_vocab'}
2026-03-05 11:22:04,487 - gensim.utils - INFO - Word2Vec lifecycle event {'msg': 'effective_min_count=5 leaves 1000 word corpus (100.00% of original 1000, drops 0)', 'datetime': '2026-03-05T11:22:04.487023', 'gensim': '4.4.0', 'python': '3.11.6 (tags/v3.11.6:8b6ee5b, Oct  2 2023, 14:57:12) [MSC v.1935 64 bit (AMD64)]', 'platform': 'Windows-10-10.0.26200-SP0', 'event': 'prepare_vocab'}
2026-03-05 11:22:04,487 - gensim.models.word2vec - INFO - deleting the raw counts dictionary of 8 items
2026-03-05 11:22:04,487 - gensim.models.word2vec - INFO - sample=0.001 downsamples 8 most-common words
2026-03-05 11:22:04,490 - gensim.utils - INFO - Word2Vec lifecycle event {'msg': 'downsampling leaves estimated 95.32050807568878 word corpus (9.5%% of prior 1000)', 'datetime': '2026-03-05T11:22:04.490118', 'gensim': '4.4.0', 'python': '3.11.6 (tags/v3.11.6:8b6ee5b, Oct  2 2023, 14:57:12) [MSC v.1935 64 bit (AMD64)]', 'platform': 'Windows-10-10.0.26200-SP0', 'event': 'prepare_vocab'}
2026-03-05 11:22:04,490 - gensim.models.word2vec - INFO - estimated required memory for 8 words and 50 dimensions: 7200 bytes
2026-03-05 11:22:04,490 - gensim.models.word2vec - INFO - resetting layer weights
2026-03-05 11:22:04,491 - gensim.utils - INFO - Word2Vec lifecycle event {'update': False, 'trim_rule': 'None', 'datetime': '2026-03-05T11:22:04.491285', 'gensim': '4.4.0', 'python': '3.11.6 (tags/v3.11.6:8b6ee5b, Oct  2 2023, 14:57:12) [MSC v.1935 64 bit (AMD64)]', 'platform': 'Windows-10-10.0.26200-SP0', 'event': 'build_vocab'}
2026-03-05 11:22:04,492 - gensim.utils - INFO - Word2Vec lifecycle event {'msg': 'training model with 16 workers on 8 vocabulary and 50 features, using sg=0 hs=0 sample=0.001 negative=5 window=10 shrink_windows=True', 'datetime': '2026-03-05T11:22:04.492813', 'gensim': '4.4.0', 'python': '3.11.6 (tags/v3.11.6:8b6ee5b, Oct  2 2023, 14:57:12) [MSC v.1935 64 bit (AMD64)]', 'platform': 'Windows-10-10.0.26200-SP0', 'event': 'train'}
2026-03-05 11:22:04,514 - gensim.models.word2vec - INFO - EPOCH 0: training on 1000 raw words (83 effective words) took 0.0s, 25582 effective words/s
2026-03-05 11:22:04,542 - gensim.models.word2vec - INFO - EPOCH 1: training on 1000 raw words (99 effective words) took 0.0s, 29416 effective words/s
2026-03-05 11:22:04,567 - gensim.models.word2vec - INFO - EPOCH 2: training on 1000 raw words (111 effective words) took 0.0s, 310316 effective words/s
2026-03-05 11:22:04,595 - gensim.models.word2vec - INFO - EPOCH 3: training on 1000 raw words (99 effective words) took 0.0s, 32439 effective words/s
2026-03-05 11:22:04,620 - gensim.models.word2vec - INFO - EPOCH 4: training on 1000 raw words (103 effective words) took 0.0s, 37517 effective words/s
2026-03-05 11:22:04,622 - gensim.utils - INFO - Word2Vec lifecycle event {'msg': 'training on 5000 raw words (495 effective words) took 0.1s, 3845 effective words/s', 'datetime': '2026-03-05T11:22:04.620965', 'gensim': '4.4.0', 'python': '3.11.6 (tags/v3.11.6:8b6ee5b, Oct  2 2023, 14:57:12) [MSC v.1935 64 bit (AMD64)]', 'platform': 'Windows-10-10.0.26200-SP0', 'event': 'train'}
2026-03-05 11:22:04,622 - gensim.utils - INFO - Word2Vec lifecycle event {'params': 'Word2Vec<vocab=8, vector_size=50, alpha=0.025>', 'datetime': '2026-03-05T11:22:04.622911', 'gensim': '4.4.0', 'python': '3.11.6 (tags/v3.11.6:8b6ee5b, Oct  2 2023, 14:57:12) [MSC v.1935 64 bit (AMD64)]', 'platform': 'Windows-10-10.0.26200-SP0', 'event': 'created'}
2026-03-05 11:22:04,622 - gensim.utils - INFO - Word2Vec lifecycle event {'fname_or_handle': 'models/word2vec\\w2v_cbow_sz50_win10_ep5.model', 'separately': 'None', 'sep_limit': 10485760, 'ignore': frozenset(), 'datetime': '2026-03-05T11:22:04.622911', 'gensim': '4.4.0', 'python': '3.11.6 (tags/v3.11.6:8b6ee5b, Oct  2 2023, 14:57:12) [MSC v.1935 64 bit (AMD64)]', 'platform': 'Windows-10-10.0.26200-SP0', 'event': 'saving'}
2026-03-05 11:22:04,622 - gensim.utils - INFO - not storing attribute cum_table
2026-03-05 11:22:04,625 - gensim.utils - INFO - saved models/word2vec\w2v_cbow_sz50_win10_ep5.model
2026-03-05 11:22:04,625 - NLP_Project - INFO - Training w2v_cbow_sz50_win10_ep10...
2026-03-05 11:22:04,631 - gensim.models.word2vec - INFO - collecting all words and their counts
2026-03-05 11:22:04,631 - gensim.models.word2vec - INFO - PROGRESS: at sentence #0, processed 0 words, keeping 0 word types
2026-03-05 11:22:04,632 - gensim.models.word2vec - INFO - collected 8 word types from a corpus of 1000 raw words and 300 sentences
2026-03-05 11:22:04,633 - gensim.models.word2vec - INFO - Creating a fresh vocabulary
2026-03-05 11:22:04,633 - gensim.utils - INFO - Word2Vec lifecycle event {'msg': 'effective_min_count=5 retains 8 unique words (100.00% of original 8, drops 0)', 'datetime': '2026-03-05T11:22:04.633837', 'gensim': '4.4.0', 'python': '3.11.6 (tags/v3.11.6:8b6ee5b, Oct  2 2023, 14:57:12) [MSC v.1935 64 bit (AMD64)]', 'platform': 'Windows-10-10.0.26200-SP0', 'event': 'prepare_vocab'}
2026-03-05 11:22:04,633 - gensim.utils - INFO - Word2Vec lifecycle event {'msg': 'effective_min_count=5 leaves 1000 word corpus (100.00% of original 1000, drops 0)', 'datetime': '2026-03-05T11:22:04.633837', 'gensim': '4.4.0', 'python': '3.11.6 (tags/v3.11.6:8b6ee5b, Oct  2 2023, 14:57:12) [MSC v.1935 64 bit (AMD64)]', 'platform': 'Windows-10-10.0.26200-SP0', 'event': 'prepare_vocab'}
2026-03-05 11:22:04,633 - gensim.models.word2vec - INFO - deleting the raw counts dictionary of 8 items
2026-03-05 11:22:04,633 - gensim.models.word2vec - INFO - sample=0.001 downsamples 8 most-common words
2026-03-05 11:22:04,633 - gensim.utils - INFO - Word2Vec lifecycle event {'msg': 'downsampling leaves estimated 95.32050807568878 word corpus (9.5%% of prior 1000)', 'datetime': '2026-03-05T11:22:04.633837', 'gensim': '4.4.0', 'python': '3.11.6 (tags/v3.11.6:8b6ee5b, Oct  2 2023, 14:57:12) [MSC v.1935 64 bit (AMD64)]', 'platform': 'Windows-10-10.0.26200-SP0', 'event': 'prepare_vocab'}
2026-03-05 11:22:04,633 - gensim.models.word2vec - INFO - estimated required memory for 8 words and 50 dimensions: 7200 bytes
2026-03-05 11:22:04,633 - gensim.models.word2vec - INFO - resetting layer weights
2026-03-05 11:22:04,636 - gensim.utils - INFO - Word2Vec lifecycle event {'update': False, 'trim_rule': 'None', 'datetime': '2026-03-05T11:22:04.636968', 'gensim': '4.4.0', 'python': '3.11.6 (tags/v3.11.6:8b6ee5b, Oct  2 2023, 14:57:12) [MSC v.1935 64 bit (AMD64)]', 'platform': 'Windows-10-10.0.26200-SP0', 'event': 'build_vocab'}
2026-03-05 11:22:04,637 - gensim.utils - INFO - Word2Vec lifecycle event {'msg': 'training model with 16 workers on 8 vocabulary and 50 features, using sg=0 hs=0 sample=0.001 negative=5 window=10 shrink_windows=True', 'datetime': '2026-03-05T11:22:04.637688', 'gensim': '4.4.0', 'python': '3.11.6 (tags/v3.11.6:8b6ee5b, Oct  2 2023, 14:57:12) [MSC v.1935 64 bit (AMD64)]', 'platform': 'Windows-10-10.0.26200-SP0', 'event': 'train'}
2026-03-05 11:22:04,659 - gensim.models.word2vec - INFO - EPOCH 0: training on 1000 raw words (83 effective words) took 0.0s, 21481 effective words/s
2026-03-05 11:22:04,681 - gensim.models.word2vec - INFO - EPOCH 1: training on 1000 raw words (99 effective words) took 0.0s, 36610 effective words/s
2026-03-05 11:22:04,709 - gensim.models.word2vec - INFO - EPOCH 2: training on 1000 raw words (111 effective words) took 0.0s, 150549 effective words/s
2026-03-05 11:22:04,740 - gensim.models.word2vec - INFO - EPOCH 3: training on 1000 raw words (99 effective words) took 0.0s, 36293 effective words/s
2026-03-05 11:22:04,773 - gensim.models.word2vec - INFO - EPOCH 4: training on 1000 raw words (103 effective words) took 0.0s, 28408 effective words/s
2026-03-05 11:22:04,796 - gensim.models.word2vec - INFO - EPOCH 5: training on 1000 raw words (98 effective words) took 0.0s, 228598 effective words/s
2026-03-05 11:22:04,826 - gensim.models.word2vec - INFO - EPOCH 6: training on 1000 raw words (94 effective words) took 0.0s, 35551 effective words/s
2026-03-05 11:22:04,862 - gensim.models.word2vec - INFO - EPOCH 7: training on 1000 raw words (99 effective words) took 0.0s, 267279 effective words/s
2026-03-05 11:22:04,886 - gensim.models.word2vec - INFO - EPOCH 8: training on 1000 raw words (97 effective words) took 0.0s, 323549 effective words/s
2026-03-05 11:22:04,913 - gensim.models.word2vec - INFO - EPOCH 9: training on 1000 raw words (89 effective words) took 0.0s, 29149 effective words/s
2026-03-05 11:22:04,914 - gensim.utils - INFO - Word2Vec lifecycle event {'msg': 'training on 10000 raw words (972 effective words) took 0.3s, 3511 effective words/s', 'datetime': '2026-03-05T11:22:04.914522', 'gensim': '4.4.0', 'python': '3.11.6 (tags/v3.11.6:8b6ee5b, Oct  2 2023, 14:57:12) [MSC v.1935 64 bit (AMD64)]', 'platform': 'Windows-10-10.0.26200-SP0', 'event': 'train'}
2026-03-05 11:22:04,914 - gensim.utils - INFO - Word2Vec lifecycle event {'params': 'Word2Vec<vocab=8, vector_size=50, alpha=0.025>', 'datetime': '2026-03-05T11:22:04.914522', 'gensim': '4.4.0', 'python': '3.11.6 (tags/v3.11.6:8b6ee5b, Oct  2 2023, 14:57:12) [MSC v.1935 64 bit (AMD64)]', 'platform': 'Windows-10-10.0.26200-SP0', 'event': 'created'}
2026-03-05 11:22:04,916 - gensim.utils - INFO - Word2Vec lifecycle event {'fname_or_handle': 'models/word2vec\\w2v_cbow_sz50_win10_ep10.model', 'separately': 'None', 'sep_limit': 10485760, 'ignore': frozenset(), 'datetime': '2026-03-05T11:22:04.916293', 'gensim': '4.4.0', 'python': '3.11.6 (tags/v3.11.6:8b6ee5b, Oct  2 2023, 14:57:12) [MSC v.1935 64 bit (AMD64)]', 'platform': 'Windows-10-10.0.26200-SP0', 'event': 'saving'}
2026-03-05 11:22:04,916 - gensim.utils - INFO - not storing attribute cum_table
2026-03-05 11:22:04,917 - gensim.utils - INFO - saved models/word2vec\w2v_cbow_sz50_win10_ep10.model
2026-03-05 11:22:04,917 - NLP_Project - INFO - Training w2v_cbow_sz50_win10_ep20...
2026-03-05 11:22:04,920 - gensim.models.word2vec - INFO - collecting all words and their counts
2026-03-05 11:22:04,920 - gensim.models.word2vec - INFO - PROGRESS: at sentence #0, processed 0 words, keeping 0 word types
2026-03-05 11:22:04,922 - gensim.models.word2vec - INFO - collected 8 word types from a corpus of 1000 raw words and 300 sentences
2026-03-05 11:22:04,922 - gensim.models.word2vec - INFO - Creating a fresh vocabulary
2026-03-05 11:22:04,922 - gensim.utils - INFO - Word2Vec lifecycle event {'msg': 'effective_min_count=5 retains 8 unique words (100.00% of original 8, drops 0)', 'datetime': '2026-03-05T11:22:04.922286', 'gensim': '4.4.0', 'python': '3.11.6 (tags/v3.11.6:8b6ee5b, Oct  2 2023, 14:57:12) [MSC v.1935 64 bit (AMD64)]', 'platform': 'Windows-10-10.0.26200-SP0', 'event': 'prepare_vocab'}
2026-03-05 11:22:04,922 - gensim.utils - INFO - Word2Vec lifecycle event {'msg': 'effective_min_count=5 leaves 1000 word corpus (100.00% of original 1000, drops 0)', 'datetime': '2026-03-05T11:22:04.922286', 'gensim': '4.4.0', 'python': '3.11.6 (tags/v3.11.6:8b6ee5b, Oct  2 2023, 14:57:12) [MSC v.1935 64 bit (AMD64)]', 'platform': 'Windows-10-10.0.26200-SP0', 'event': 'prepare_vocab'}
2026-03-05 11:22:04,922 - gensim.models.word2vec - INFO - deleting the raw counts dictionary of 8 items
2026-03-05 11:22:04,922 - gensim.models.word2vec - INFO - sample=0.001 downsamples 8 most-common words
2026-03-05 11:22:04,924 - gensim.utils - INFO - Word2Vec lifecycle event {'msg': 'downsampling leaves estimated 95.32050807568878 word corpus (9.5%% of prior 1000)', 'datetime': '2026-03-05T11:22:04.924604', 'gensim': '4.4.0', 'python': '3.11.6 (tags/v3.11.6:8b6ee5b, Oct  2 2023, 14:57:12) [MSC v.1935 64 bit (AMD64)]', 'platform': 'Windows-10-10.0.26200-SP0', 'event': 'prepare_vocab'}
2026-03-05 11:22:04,925 - gensim.models.word2vec - INFO - estimated required memory for 8 words and 50 dimensions: 7200 bytes
2026-03-05 11:22:04,925 - gensim.models.word2vec - INFO - resetting layer weights
2026-03-05 11:22:04,926 - gensim.utils - INFO - Word2Vec lifecycle event {'update': False, 'trim_rule': 'None', 'datetime': '2026-03-05T11:22:04.926545', 'gensim': '4.4.0', 'python': '3.11.6 (tags/v3.11.6:8b6ee5b, Oct  2 2023, 14:57:12) [MSC v.1935 64 bit (AMD64)]', 'platform': 'Windows-10-10.0.26200-SP0', 'event': 'build_vocab'}
2026-03-05 11:22:04,926 - gensim.utils - INFO - Word2Vec lifecycle event {'msg': 'training model with 16 workers on 8 vocabulary and 50 features, using sg=0 hs=0 sample=0.001 negative=5 window=10 shrink_windows=True', 'datetime': '2026-03-05T11:22:04.926545', 'gensim': '4.4.0', 'python': '3.11.6 (tags/v3.11.6:8b6ee5b, Oct  2 2023, 14:57:12) [MSC v.1935 64 bit (AMD64)]', 'platform': 'Windows-10-10.0.26200-SP0', 'event': 'train'}
2026-03-05 11:22:04,947 - gensim.models.word2vec - INFO - EPOCH 0: training on 1000 raw words (83 effective words) took 0.0s, 30089 effective words/s
2026-03-05 11:22:04,978 - gensim.models.word2vec - INFO - EPOCH 1: training on 1000 raw words (99 effective words) took 0.0s, 268075 effective words/s
2026-03-05 11:22:05,006 - gensim.models.word2vec - INFO - EPOCH 2: training on 1000 raw words (111 effective words) took 0.0s, 225610 effective words/s
2026-03-05 11:22:05,033 - gensim.models.word2vec - INFO - EPOCH 3: training on 1000 raw words (99 effective words) took 0.0s, 37275 effective words/s
2026-03-05 11:22:05,062 - gensim.models.word2vec - INFO - EPOCH 4: training on 1000 raw words (103 effective words) took 0.0s, 34371 effective words/s
2026-03-05 11:22:05,092 - gensim.models.word2vec - INFO - EPOCH 5: training on 1000 raw words (98 effective words) took 0.0s, 22339 effective words/s
2026-03-05 11:22:05,118 - gensim.models.word2vec - INFO - EPOCH 6: training on 1000 raw words (94 effective words) took 0.0s, 83260 effective words/s
2026-03-05 11:22:05,145 - gensim.models.word2vec - INFO - EPOCH 7: training on 1000 raw words (99 effective words) took 0.0s, 61077 effective words/s
2026-03-05 11:22:05,170 - gensim.models.word2vec - INFO - EPOCH 8: training on 1000 raw words (97 effective words) took 0.0s, 336806 effective words/s
2026-03-05 11:22:05,198 - gensim.models.word2vec - INFO - EPOCH 9: training on 1000 raw words (89 effective words) took 0.0s, 23197 effective words/s
2026-03-05 11:22:05,222 - gensim.models.word2vec - INFO - EPOCH 10: training on 1000 raw words (90 effective words) took 0.0s, 318134 effective words/s
2026-03-05 11:22:05,248 - gensim.models.word2vec - INFO - EPOCH 11: training on 1000 raw words (96 effective words) took 0.0s, 306025 effective words/s
2026-03-05 11:22:05,272 - gensim.models.word2vec - INFO - EPOCH 12: training on 1000 raw words (102 effective words) took 0.0s, 181753 effective words/s
2026-03-05 11:22:05,303 - gensim.models.word2vec - INFO - EPOCH 13: training on 1000 raw words (116 effective words) took 0.0s, 215014 effective words/s
2026-03-05 11:22:05,332 - gensim.models.word2vec - INFO - EPOCH 14: training on 1000 raw words (78 effective words) took 0.0s, 123048 effective words/s
2026-03-05 11:22:05,362 - gensim.models.word2vec - INFO - EPOCH 15: training on 1000 raw words (93 effective words) took 0.0s, 24379 effective words/s
2026-03-05 11:22:05,387 - gensim.models.word2vec - INFO - EPOCH 16: training on 1000 raw words (85 effective words) took 0.0s, 27061 effective words/s
2026-03-05 11:22:05,413 - gensim.models.word2vec - INFO - EPOCH 17: training on 1000 raw words (92 effective words) took 0.0s, 171738 effective words/s
2026-03-05 11:22:05,440 - gensim.models.word2vec - INFO - EPOCH 18: training on 1000 raw words (107 effective words) took 0.0s, 215595 effective words/s
2026-03-05 11:22:05,464 - gensim.models.word2vec - INFO - EPOCH 19: training on 1000 raw words (116 effective words) took 0.0s, 43155 effective words/s
2026-03-05 11:22:05,467 - gensim.utils - INFO - Word2Vec lifecycle event {'msg': 'training on 20000 raw words (1947 effective words) took 0.5s, 3612 effective words/s', 'datetime': '2026-03-05T11:22:05.467684', 'gensim': '4.4.0', 'python': '3.11.6 (tags/v3.11.6:8b6ee5b, Oct  2 2023, 14:57:12) [MSC v.1935 64 bit (AMD64)]', 'platform': 'Windows-10-10.0.26200-SP0', 'event': 'train'}
2026-03-05 11:22:05,467 - gensim.utils - INFO - Word2Vec lifecycle event {'params': 'Word2Vec<vocab=8, vector_size=50, alpha=0.025>', 'datetime': '2026-03-05T11:22:05.467684', 'gensim': '4.4.0', 'python': '3.11.6 (tags/v3.11.6:8b6ee5b, Oct  2 2023, 14:57:12) [MSC v.1935 64 bit (AMD64)]', 'platform': 'Windows-10-10.0.26200-SP0', 'event': 'created'}
2026-03-05 11:22:05,467 - gensim.utils - INFO - Word2Vec lifecycle event {'fname_or_handle': 'models/word2vec\\w2v_cbow_sz50_win10_ep20.model', 'separately': 'None', 'sep_limit': 10485760, 'ignore': frozenset(), 'datetime': '2026-03-05T11:22:05.467684', 'gensim': '4.4.0', 'python': '3.11.6 (tags/v3.11.6:8b6ee5b, Oct  2 2023, 14:57:12) [MSC v.1935 64 bit (AMD64)]', 'platform': 'Windows-10-10.0.26200-SP0', 'event': 'saving'}
2026-03-05 11:22:05,467 - gensim.utils - INFO - not storing attribute cum_table
2026-03-05 11:22:05,470 - gensim.utils - INFO - saved models/word2vec\w2v_cbow_sz50_win10_ep20.model
2026-03-05 11:22:05,472 - NLP_Project - INFO - Training w2v_skipgram_sz50_win10_ep5...
2026-03-05 11:22:05,472 - gensim.models.word2vec - INFO - collecting all words and their counts
2026-03-05 11:22:05,474 - gensim.models.word2vec - INFO - PROGRESS: at sentence #0, processed 0 words, keeping 0 word types
2026-03-05 11:22:05,475 - gensim.models.word2vec - INFO - collected 8 word types from a corpus of 1000 raw words and 300 sentences
2026-03-05 11:22:05,476 - gensim.models.word2vec - INFO - Creating a fresh vocabulary
2026-03-05 11:22:05,476 - gensim.utils - INFO - Word2Vec lifecycle event {'msg': 'effective_min_count=5 retains 8 unique words (100.00% of original 8, drops 0)', 'datetime': '2026-03-05T11:22:05.476152', 'gensim': '4.4.0', 'python': '3.11.6 (tags/v3.11.6:8b6ee5b, Oct  2 2023, 14:57:12) [MSC v.1935 64 bit (AMD64)]', 'platform': 'Windows-10-10.0.26200-SP0', 'event': 'prepare_vocab'}
2026-03-05 11:22:05,476 - gensim.utils - INFO - Word2Vec lifecycle event {'msg': 'effective_min_count=5 leaves 1000 word corpus (100.00% of original 1000, drops 0)', 'datetime': '2026-03-05T11:22:05.476152', 'gensim': '4.4.0', 'python': '3.11.6 (tags/v3.11.6:8b6ee5b, Oct  2 2023, 14:57:12) [MSC v.1935 64 bit (AMD64)]', 'platform': 'Windows-10-10.0.26200-SP0', 'event': 'prepare_vocab'}
2026-03-05 11:22:05,476 - gensim.models.word2vec - INFO - deleting the raw counts dictionary of 8 items
2026-03-05 11:22:05,476 - gensim.models.word2vec - INFO - sample=0.001 downsamples 8 most-common words
2026-03-05 11:22:05,480 - gensim.utils - INFO - Word2Vec lifecycle event {'msg': 'downsampling leaves estimated 95.32050807568878 word corpus (9.5%% of prior 1000)', 'datetime': '2026-03-05T11:22:05.476152', 'gensim': '4.4.0', 'python': '3.11.6 (tags/v3.11.6:8b6ee5b, Oct  2 2023, 14:57:12) [MSC v.1935 64 bit (AMD64)]', 'platform': 'Windows-10-10.0.26200-SP0', 'event': 'prepare_vocab'}
2026-03-05 11:22:05,480 - gensim.models.word2vec - INFO - estimated required memory for 8 words and 50 dimensions: 7200 bytes
2026-03-05 11:22:05,481 - gensim.models.word2vec - INFO - resetting layer weights
2026-03-05 11:22:05,482 - gensim.utils - INFO - Word2Vec lifecycle event {'update': False, 'trim_rule': 'None', 'datetime': '2026-03-05T11:22:05.482320', 'gensim': '4.4.0', 'python': '3.11.6 (tags/v3.11.6:8b6ee5b, Oct  2 2023, 14:57:12) [MSC v.1935 64 bit (AMD64)]', 'platform': 'Windows-10-10.0.26200-SP0', 'event': 'build_vocab'}
2026-03-05 11:22:05,482 - gensim.utils - INFO - Word2Vec lifecycle event {'msg': 'training model with 16 workers on 8 vocabulary and 50 features, using sg=1 hs=0 sample=0.001 negative=5 window=10 shrink_windows=True', 'datetime': '2026-03-05T11:22:05.482320', 'gensim': '4.4.0', 'python': '3.11.6 (tags/v3.11.6:8b6ee5b, Oct  2 2023, 14:57:12) [MSC v.1935 64 bit (AMD64)]', 'platform': 'Windows-10-10.0.26200-SP0', 'event': 'train'}
2026-03-05 11:22:05,507 - gensim.models.word2vec - INFO - EPOCH 0: training on 1000 raw words (83 effective words) took 0.0s, 130421 effective words/s
2026-03-05 11:22:05,537 - gensim.models.word2vec - INFO - EPOCH 1: training on 1000 raw words (99 effective words) took 0.0s, 161133 effective words/s
2026-03-05 11:22:05,567 - gensim.models.word2vec - INFO - EPOCH 2: training on 1000 raw words (111 effective words) took 0.0s, 33111 effective words/s
2026-03-05 11:22:05,597 - gensim.models.word2vec - INFO - EPOCH 3: training on 1000 raw words (99 effective words) took 0.0s, 321220 effective words/s
2026-03-05 11:22:05,631 - gensim.models.word2vec - INFO - EPOCH 4: training on 1000 raw words (103 effective words) took 0.0s, 35214 effective words/s
2026-03-05 11:22:05,631 - gensim.utils - INFO - Word2Vec lifecycle event {'msg': 'training on 5000 raw words (495 effective words) took 0.2s, 3280 effective words/s', 'datetime': '2026-03-05T11:22:05.631010', 'gensim': '4.4.0', 'python': '3.11.6 (tags/v3.11.6:8b6ee5b, Oct  2 2023, 14:57:12) [MSC v.1935 64 bit (AMD64)]', 'platform': 'Windows-10-10.0.26200-SP0', 'event': 'train'}
2026-03-05 11:22:05,631 - gensim.utils - INFO - Word2Vec lifecycle event {'params': 'Word2Vec<vocab=8, vector_size=50, alpha=0.025>', 'datetime': '2026-03-05T11:22:05.631010', 'gensim': '4.4.0', 'python': '3.11.6 (tags/v3.11.6:8b6ee5b, Oct  2 2023, 14:57:12) [MSC v.1935 64 bit (AMD64)]', 'platform': 'Windows-10-10.0.26200-SP0', 'event': 'created'}
2026-03-05 11:22:05,631 - gensim.utils - INFO - Word2Vec lifecycle event {'fname_or_handle': 'models/word2vec\\w2v_skipgram_sz50_win10_ep5.model', 'separately': 'None', 'sep_limit': 10485760, 'ignore': frozenset(), 'datetime': '2026-03-05T11:22:05.631010', 'gensim': '4.4.0', 'python': '3.11.6 (tags/v3.11.6:8b6ee5b, Oct  2 2023, 14:57:12) [MSC v.1935 64 bit (AMD64)]', 'platform': 'Windows-10-10.0.26200-SP0', 'event': 'saving'}
2026-03-05 11:22:05,637 - gensim.utils - INFO - not storing attribute cum_table
2026-03-05 11:22:05,640 - gensim.utils - INFO - saved models/word2vec\w2v_skipgram_sz50_win10_ep5.model
2026-03-05 11:22:05,640 - NLP_Project - INFO - Training w2v_skipgram_sz50_win10_ep10...
2026-03-05 11:22:05,642 - gensim.models.word2vec - INFO - collecting all words and their counts
2026-03-05 11:22:05,642 - gensim.models.word2vec - INFO - PROGRESS: at sentence #0, processed 0 words, keeping 0 word types
2026-03-05 11:22:05,643 - gensim.models.word2vec - INFO - collected 8 word types from a corpus of 1000 raw words and 300 sentences
2026-03-05 11:22:05,643 - gensim.models.word2vec - INFO - Creating a fresh vocabulary
2026-03-05 11:22:05,643 - gensim.utils - INFO - Word2Vec lifecycle event {'msg': 'effective_min_count=5 retains 8 unique words (100.00% of original 8, drops 0)', 'datetime': '2026-03-05T11:22:05.643382', 'gensim': '4.4.0', 'python': '3.11.6 (tags/v3.11.6:8b6ee5b, Oct  2 2023, 14:57:12) [MSC v.1935 64 bit (AMD64)]', 'platform': 'Windows-10-10.0.26200-SP0', 'event': 'prepare_vocab'}
2026-03-05 11:22:05,646 - gensim.utils - INFO - Word2Vec lifecycle event {'msg': 'effective_min_count=5 leaves 1000 word corpus (100.00% of original 1000, drops 0)', 'datetime': '2026-03-05T11:22:05.646436', 'gensim': '4.4.0', 'python': '3.11.6 (tags/v3.11.6:8b6ee5b, Oct  2 2023, 14:57:12) [MSC v.1935 64 bit (AMD64)]', 'platform': 'Windows-10-10.0.26200-SP0', 'event': 'prepare_vocab'}
2026-03-05 11:22:05,647 - gensim.models.word2vec - INFO - deleting the raw counts dictionary of 8 items
2026-03-05 11:22:05,647 - gensim.models.word2vec - INFO - sample=0.001 downsamples 8 most-common words
2026-03-05 11:22:05,647 - gensim.utils - INFO - Word2Vec lifecycle event {'msg': 'downsampling leaves estimated 95.32050807568878 word corpus (9.5%% of prior 1000)', 'datetime': '2026-03-05T11:22:05.647906', 'gensim': '4.4.0', 'python': '3.11.6 (tags/v3.11.6:8b6ee5b, Oct  2 2023, 14:57:12) [MSC v.1935 64 bit (AMD64)]', 'platform': 'Windows-10-10.0.26200-SP0', 'event': 'prepare_vocab'}
2026-03-05 11:22:05,649 - gensim.models.word2vec - INFO - estimated required memory for 8 words and 50 dimensions: 7200 bytes
2026-03-05 11:22:05,649 - gensim.models.word2vec - INFO - resetting layer weights
2026-03-05 11:22:05,650 - gensim.utils - INFO - Word2Vec lifecycle event {'update': False, 'trim_rule': 'None', 'datetime': '2026-03-05T11:22:05.650470', 'gensim': '4.4.0', 'python': '3.11.6 (tags/v3.11.6:8b6ee5b, Oct  2 2023, 14:57:12) [MSC v.1935 64 bit (AMD64)]', 'platform': 'Windows-10-10.0.26200-SP0', 'event': 'build_vocab'}
2026-03-05 11:22:05,650 - gensim.utils - INFO - Word2Vec lifecycle event {'msg': 'training model with 16 workers on 8 vocabulary and 50 features, using sg=1 hs=0 sample=0.001 negative=5 window=10 shrink_windows=True', 'datetime': '2026-03-05T11:22:05.650470', 'gensim': '4.4.0', 'python': '3.11.6 (tags/v3.11.6:8b6ee5b, Oct  2 2023, 14:57:12) [MSC v.1935 64 bit (AMD64)]', 'platform': 'Windows-10-10.0.26200-SP0', 'event': 'train'}
2026-03-05 11:22:05,674 - gensim.models.word2vec - INFO - EPOCH 0: training on 1000 raw words (83 effective words) took 0.0s, 110490 effective words/s
2026-03-05 11:22:05,696 - gensim.models.word2vec - INFO - EPOCH 1: training on 1000 raw words (99 effective words) took 0.0s, 40008 effective words/s
2026-03-05 11:22:05,726 - gensim.models.word2vec - INFO - EPOCH 2: training on 1000 raw words (111 effective words) took 0.0s, 37750 effective words/s
2026-03-05 11:22:05,756 - gensim.models.word2vec - INFO - EPOCH 3: training on 1000 raw words (99 effective words) took 0.0s, 147717 effective words/s
2026-03-05 11:22:05,783 - gensim.models.word2vec - INFO - EPOCH 4: training on 1000 raw words (103 effective words) took 0.0s, 40153 effective words/s
2026-03-05 11:22:05,813 - gensim.models.word2vec - INFO - EPOCH 5: training on 1000 raw words (98 effective words) took 0.0s, 32033 effective words/s
2026-03-05 11:22:05,842 - gensim.models.word2vec - INFO - EPOCH 6: training on 1000 raw words (94 effective words) took 0.0s, 154707 effective words/s
2026-03-05 11:22:05,867 - gensim.models.word2vec - INFO - EPOCH 7: training on 1000 raw words (99 effective words) took 0.0s, 172654 effective words/s
2026-03-05 11:22:05,890 - gensim.models.word2vec - INFO - EPOCH 8: training on 1000 raw words (97 effective words) took 0.0s, 186038 effective words/s
2026-03-05 11:22:05,910 - gensim.models.word2vec - INFO - EPOCH 9: training on 1000 raw words (89 effective words) took 0.0s, 25255 effective words/s
2026-03-05 11:22:05,910 - gensim.utils - INFO - Word2Vec lifecycle event {'msg': 'training on 10000 raw words (972 effective words) took 0.3s, 3729 effective words/s', 'datetime': '2026-03-05T11:22:05.910704', 'gensim': '4.4.0', 'python': '3.11.6 (tags/v3.11.6:8b6ee5b, Oct  2 2023, 14:57:12) [MSC v.1935 64 bit (AMD64)]', 'platform': 'Windows-10-10.0.26200-SP0', 'event': 'train'}
2026-03-05 11:22:05,913 - gensim.utils - INFO - Word2Vec lifecycle event {'params': 'Word2Vec<vocab=8, vector_size=50, alpha=0.025>', 'datetime': '2026-03-05T11:22:05.913580', 'gensim': '4.4.0', 'python': '3.11.6 (tags/v3.11.6:8b6ee5b, Oct  2 2023, 14:57:12) [MSC v.1935 64 bit (AMD64)]', 'platform': 'Windows-10-10.0.26200-SP0', 'event': 'created'}
2026-03-05 11:22:05,913 - gensim.utils - INFO - Word2Vec lifecycle event {'fname_or_handle': 'models/word2vec\\w2v_skipgram_sz50_win10_ep10.model', 'separately': 'None', 'sep_limit': 10485760, 'ignore': frozenset(), 'datetime': '2026-03-05T11:22:05.913994', 'gensim': '4.4.0', 'python': '3.11.6 (tags/v3.11.6:8b6ee5b, Oct  2 2023, 14:57:12) [MSC v.1935 64 bit (AMD64)]', 'platform': 'Windows-10-10.0.26200-SP0', 'event': 'saving'}
2026-03-05 11:22:05,913 - gensim.utils - INFO - not storing attribute cum_table
2026-03-05 11:22:05,920 - gensim.utils - INFO - saved models/word2vec\w2v_skipgram_sz50_win10_ep10.model
2026-03-05 11:22:05,920 - NLP_Project - INFO - Training w2v_skipgram_sz50_win10_ep20...
2026-03-05 11:22:05,920 - gensim.models.word2vec - INFO - collecting all words and their counts
2026-03-05 11:22:05,920 - gensim.models.word2vec - INFO - PROGRESS: at sentence #0, processed 0 words, keeping 0 word types
2026-03-05 11:22:05,922 - gensim.models.word2vec - INFO - collected 8 word types from a corpus of 1000 raw words and 300 sentences
2026-03-05 11:22:05,922 - gensim.models.word2vec - INFO - Creating a fresh vocabulary
2026-03-05 11:22:05,922 - gensim.utils - INFO - Word2Vec lifecycle event {'msg': 'effective_min_count=5 retains 8 unique words (100.00% of original 8, drops 0)', 'datetime': '2026-03-05T11:22:05.922351', 'gensim': '4.4.0', 'python': '3.11.6 (tags/v3.11.6:8b6ee5b, Oct  2 2023, 14:57:12) [MSC v.1935 64 bit (AMD64)]', 'platform': 'Windows-10-10.0.26200-SP0', 'event': 'prepare_vocab'}
2026-03-05 11:22:05,922 - gensim.utils - INFO - Word2Vec lifecycle event {'msg': 'effective_min_count=5 leaves 1000 word corpus (100.00% of original 1000, drops 0)', 'datetime': '2026-03-05T11:22:05.922351', 'gensim': '4.4.0', 'python': '3.11.6 (tags/v3.11.6:8b6ee5b, Oct  2 2023, 14:57:12) [MSC v.1935 64 bit (AMD64)]', 'platform': 'Windows-10-10.0.26200-SP0', 'event': 'prepare_vocab'}
2026-03-05 11:22:05,922 - gensim.models.word2vec - INFO - deleting the raw counts dictionary of 8 items
2026-03-05 11:22:05,922 - gensim.models.word2vec - INFO - sample=0.001 downsamples 8 most-common words
2026-03-05 11:22:05,925 - gensim.utils - INFO - Word2Vec lifecycle event {'msg': 'downsampling leaves estimated 95.32050807568878 word corpus (9.5%% of prior 1000)', 'datetime': '2026-03-05T11:22:05.925759', 'gensim': '4.4.0', 'python': '3.11.6 (tags/v3.11.6:8b6ee5b, Oct  2 2023, 14:57:12) [MSC v.1935 64 bit (AMD64)]', 'platform': 'Windows-10-10.0.26200-SP0', 'event': 'prepare_vocab'}
2026-03-05 11:22:05,926 - gensim.models.word2vec - INFO - estimated required memory for 8 words and 50 dimensions: 7200 bytes
2026-03-05 11:22:05,926 - gensim.models.word2vec - INFO - resetting layer weights
2026-03-05 11:22:05,928 - gensim.utils - INFO - Word2Vec lifecycle event {'update': False, 'trim_rule': 'None', 'datetime': '2026-03-05T11:22:05.928130', 'gensim': '4.4.0', 'python': '3.11.6 (tags/v3.11.6:8b6ee5b, Oct  2 2023, 14:57:12) [MSC v.1935 64 bit (AMD64)]', 'platform': 'Windows-10-10.0.26200-SP0', 'event': 'build_vocab'}
2026-03-05 11:22:05,928 - gensim.utils - INFO - Word2Vec lifecycle event {'msg': 'training model with 16 workers on 8 vocabulary and 50 features, using sg=1 hs=0 sample=0.001 negative=5 window=10 shrink_windows=True', 'datetime': '2026-03-05T11:22:05.928130', 'gensim': '4.4.0', 'python': '3.11.6 (tags/v3.11.6:8b6ee5b, Oct  2 2023, 14:57:12) [MSC v.1935 64 bit (AMD64)]', 'platform': 'Windows-10-10.0.26200-SP0', 'event': 'train'}
2026-03-05 11:22:05,947 - gensim.models.word2vec - INFO - EPOCH 0: training on 1000 raw words (83 effective words) took 0.0s, 138587 effective words/s
2026-03-05 11:22:05,973 - gensim.models.word2vec - INFO - EPOCH 1: training on 1000 raw words (99 effective words) took 0.0s, 43055 effective words/s
2026-03-05 11:22:05,999 - gensim.models.word2vec - INFO - EPOCH 2: training on 1000 raw words (111 effective words) took 0.0s, 284470 effective words/s
2026-03-05 11:22:06,031 - gensim.models.word2vec - INFO - EPOCH 3: training on 1000 raw words (99 effective words) took 0.0s, 260389 effective words/s
2026-03-05 11:22:06,067 - gensim.models.word2vec - INFO - EPOCH 4: training on 1000 raw words (103 effective words) took 0.0s, 37210 effective words/s
2026-03-05 11:22:06,098 - gensim.models.word2vec - INFO - EPOCH 5: training on 1000 raw words (98 effective words) took 0.0s, 243116 effective words/s
2026-03-05 11:22:06,130 - gensim.models.word2vec - INFO - EPOCH 6: training on 1000 raw words (94 effective words) took 0.0s, 28320 effective words/s
2026-03-05 11:22:06,159 - gensim.models.word2vec - INFO - EPOCH 7: training on 1000 raw words (99 effective words) took 0.0s, 223982 effective words/s
2026-03-05 11:22:06,186 - gensim.models.word2vec - INFO - EPOCH 8: training on 1000 raw words (97 effective words) took 0.0s, 39127 effective words/s
2026-03-05 11:22:06,213 - gensim.models.word2vec - INFO - EPOCH 9: training on 1000 raw words (89 effective words) took 0.0s, 126998 effective words/s
2026-03-05 11:22:06,238 - gensim.models.word2vec - INFO - EPOCH 10: training on 1000 raw words (90 effective words) took 0.0s, 27481 effective words/s
2026-03-05 11:22:06,265 - gensim.models.word2vec - INFO - EPOCH 11: training on 1000 raw words (96 effective words) took 0.0s, 256684 effective words/s
2026-03-05 11:22:06,290 - gensim.models.word2vec - INFO - EPOCH 12: training on 1000 raw words (102 effective words) took 0.0s, 39172 effective words/s
2026-03-05 11:22:06,317 - gensim.models.word2vec - INFO - EPOCH 13: training on 1000 raw words (116 effective words) took 0.0s, 44958 effective words/s
2026-03-05 11:22:06,343 - gensim.models.word2vec - INFO - EPOCH 14: training on 1000 raw words (78 effective words) took 0.0s, 19864 effective words/s
2026-03-05 11:22:06,370 - gensim.models.word2vec - INFO - EPOCH 15: training on 1000 raw words (93 effective words) took 0.0s, 31436 effective words/s
2026-03-05 11:22:06,397 - gensim.models.word2vec - INFO - EPOCH 16: training on 1000 raw words (85 effective words) took 0.0s, 202622 effective words/s
2026-03-05 11:22:06,422 - gensim.models.word2vec - INFO - EPOCH 17: training on 1000 raw words (92 effective words) took 0.0s, 37485 effective words/s
2026-03-05 11:22:06,450 - gensim.models.word2vec - INFO - EPOCH 18: training on 1000 raw words (107 effective words) took 0.0s, 230157 effective words/s
2026-03-05 11:22:06,476 - gensim.models.word2vec - INFO - EPOCH 19: training on 1000 raw words (116 effective words) took 0.0s, 35853 effective words/s
2026-03-05 11:22:06,476 - gensim.utils - INFO - Word2Vec lifecycle event {'msg': 'training on 20000 raw words (1947 effective words) took 0.5s, 3544 effective words/s', 'datetime': '2026-03-05T11:22:06.476925', 'gensim': '4.4.0', 'python': '3.11.6 (tags/v3.11.6:8b6ee5b, Oct  2 2023, 14:57:12) [MSC v.1935 64 bit (AMD64)]', 'platform': 'Windows-10-10.0.26200-SP0', 'event': 'train'}
2026-03-05 11:22:06,476 - gensim.utils - INFO - Word2Vec lifecycle event {'params': 'Word2Vec<vocab=8, vector_size=50, alpha=0.025>', 'datetime': '2026-03-05T11:22:06.476925', 'gensim': '4.4.0', 'python': '3.11.6 (tags/v3.11.6:8b6ee5b, Oct  2 2023, 14:57:12) [MSC v.1935 64 bit (AMD64)]', 'platform': 'Windows-10-10.0.26200-SP0', 'event': 'created'}
2026-03-05 11:22:06,480 - gensim.utils - INFO - Word2Vec lifecycle event {'fname_or_handle': 'models/word2vec\\w2v_skipgram_sz50_win10_ep20.model', 'separately': 'None', 'sep_limit': 10485760, 'ignore': frozenset(), 'datetime': '2026-03-05T11:22:06.480072', 'gensim': '4.4.0', 'python': '3.11.6 (tags/v3.11.6:8b6ee5b, Oct  2 2023, 14:57:12) [MSC v.1935 64 bit (AMD64)]', 'platform': 'Windows-10-10.0.26200-SP0', 'event': 'saving'}
2026-03-05 11:22:06,481 - gensim.utils - INFO - not storing attribute cum_table
2026-03-05 11:22:06,481 - gensim.utils - INFO - saved models/word2vec\w2v_skipgram_sz50_win10_ep20.model
2026-03-05 11:22:06,487 - NLP_Project - INFO - Training w2v_cbow_sz100_win2_ep5...
2026-03-05 11:22:06,487 - gensim.models.word2vec - INFO - collecting all words and their counts
2026-03-05 11:22:06,487 - gensim.models.word2vec - INFO - PROGRESS: at sentence #0, processed 0 words, keeping 0 word types
2026-03-05 11:22:06,488 - gensim.models.word2vec - INFO - collected 8 word types from a corpus of 1000 raw words and 300 sentences
2026-03-05 11:22:06,489 - gensim.models.word2vec - INFO - Creating a fresh vocabulary
2026-03-05 11:22:06,490 - gensim.utils - INFO - Word2Vec lifecycle event {'msg': 'effective_min_count=5 retains 8 unique words (100.00% of original 8, drops 0)', 'datetime': '2026-03-05T11:22:06.490150', 'gensim': '4.4.0', 'python': '3.11.6 (tags/v3.11.6:8b6ee5b, Oct  2 2023, 14:57:12) [MSC v.1935 64 bit (AMD64)]', 'platform': 'Windows-10-10.0.26200-SP0', 'event': 'prepare_vocab'}
2026-03-05 11:22:06,490 - gensim.utils - INFO - Word2Vec lifecycle event {'msg': 'effective_min_count=5 leaves 1000 word corpus (100.00% of original 1000, drops 0)', 'datetime': '2026-03-05T11:22:06.490150', 'gensim': '4.4.0', 'python': '3.11.6 (tags/v3.11.6:8b6ee5b, Oct  2 2023, 14:57:12) [MSC v.1935 64 bit (AMD64)]', 'platform': 'Windows-10-10.0.26200-SP0', 'event': 'prepare_vocab'}
2026-03-05 11:22:06,490 - gensim.models.word2vec - INFO - deleting the raw counts dictionary of 8 items
2026-03-05 11:22:06,490 - gensim.models.word2vec - INFO - sample=0.001 downsamples 8 most-common words
2026-03-05 11:22:06,490 - gensim.utils - INFO - Word2Vec lifecycle event {'msg': 'downsampling leaves estimated 95.32050807568878 word corpus (9.5%% of prior 1000)', 'datetime': '2026-03-05T11:22:06.490950', 'gensim': '4.4.0', 'python': '3.11.6 (tags/v3.11.6:8b6ee5b, Oct  2 2023, 14:57:12) [MSC v.1935 64 bit (AMD64)]', 'platform': 'Windows-10-10.0.26200-SP0', 'event': 'prepare_vocab'}
2026-03-05 11:22:06,492 - gensim.models.word2vec - INFO - estimated required memory for 8 words and 100 dimensions: 10400 bytes
2026-03-05 11:22:06,492 - gensim.models.word2vec - INFO - resetting layer weights
2026-03-05 11:22:06,492 - gensim.utils - INFO - Word2Vec lifecycle event {'update': False, 'trim_rule': 'None', 'datetime': '2026-03-05T11:22:06.492742', 'gensim': '4.4.0', 'python': '3.11.6 (tags/v3.11.6:8b6ee5b, Oct  2 2023, 14:57:12) [MSC v.1935 64 bit (AMD64)]', 'platform': 'Windows-10-10.0.26200-SP0', 'event': 'build_vocab'}
2026-03-05 11:22:06,492 - gensim.utils - INFO - Word2Vec lifecycle event {'msg': 'training model with 16 workers on 8 vocabulary and 100 features, using sg=0 hs=0 sample=0.001 negative=5 window=2 shrink_windows=True', 'datetime': '2026-03-05T11:22:06.492742', 'gensim': '4.4.0', 'python': '3.11.6 (tags/v3.11.6:8b6ee5b, Oct  2 2023, 14:57:12) [MSC v.1935 64 bit (AMD64)]', 'platform': 'Windows-10-10.0.26200-SP0', 'event': 'train'}
2026-03-05 11:22:06,517 - gensim.models.word2vec - INFO - EPOCH 0: training on 1000 raw words (83 effective words) took 0.0s, 33872 effective words/s
2026-03-05 11:22:06,546 - gensim.models.word2vec - INFO - EPOCH 1: training on 1000 raw words (89 effective words) took 0.0s, 29539 effective words/s
2026-03-05 11:22:06,572 - gensim.models.word2vec - INFO - EPOCH 2: training on 1000 raw words (88 effective words) took 0.0s, 31840 effective words/s
2026-03-05 11:22:06,598 - gensim.models.word2vec - INFO - EPOCH 3: training on 1000 raw words (96 effective words) took 0.0s, 211967 effective words/s
2026-03-05 11:22:06,626 - gensim.models.word2vec - INFO - EPOCH 4: training on 1000 raw words (102 effective words) took 0.0s, 33096 effective words/s
2026-03-05 11:22:06,626 - gensim.utils - INFO - Word2Vec lifecycle event {'msg': 'training on 5000 raw words (458 effective words) took 0.1s, 3486 effective words/s', 'datetime': '2026-03-05T11:22:06.626896', 'gensim': '4.4.0', 'python': '3.11.6 (tags/v3.11.6:8b6ee5b, Oct  2 2023, 14:57:12) [MSC v.1935 64 bit (AMD64)]', 'platform': 'Windows-10-10.0.26200-SP0', 'event': 'train'}
2026-03-05 11:22:06,627 - gensim.utils - INFO - Word2Vec lifecycle event {'params': 'Word2Vec<vocab=8, vector_size=100, alpha=0.025>', 'datetime': '2026-03-05T11:22:06.627684', 'gensim': '4.4.0', 'python': '3.11.6 (tags/v3.11.6:8b6ee5b, Oct  2 2023, 14:57:12) [MSC v.1935 64 bit (AMD64)]', 'platform': 'Windows-10-10.0.26200-SP0', 'event': 'created'}
2026-03-05 11:22:06,627 - gensim.utils - INFO - Word2Vec lifecycle event {'fname_or_handle': 'models/word2vec\\w2v_cbow_sz100_win2_ep5.model', 'separately': 'None', 'sep_limit': 10485760, 'ignore': frozenset(), 'datetime': '2026-03-05T11:22:06.627684', 'gensim': '4.4.0', 'python': '3.11.6 (tags/v3.11.6:8b6ee5b, Oct  2 2023, 14:57:12) [MSC v.1935 64 bit (AMD64)]', 'platform': 'Windows-10-10.0.26200-SP0', 'event': 'saving'}
2026-03-05 11:22:06,627 - gensim.utils - INFO - not storing attribute cum_table
2026-03-05 11:22:06,630 - gensim.utils - INFO - saved models/word2vec\w2v_cbow_sz100_win2_ep5.model
2026-03-05 11:22:06,630 - NLP_Project - INFO - Training w2v_cbow_sz100_win2_ep10...
2026-03-05 11:22:06,630 - gensim.models.word2vec - INFO - collecting all words and their counts
2026-03-05 11:22:06,630 - gensim.models.word2vec - INFO - PROGRESS: at sentence #0, processed 0 words, keeping 0 word types
2026-03-05 11:22:06,634 - gensim.models.word2vec - INFO - collected 8 word types from a corpus of 1000 raw words and 300 sentences
2026-03-05 11:22:06,634 - gensim.models.word2vec - INFO - Creating a fresh vocabulary
2026-03-05 11:22:06,634 - gensim.utils - INFO - Word2Vec lifecycle event {'msg': 'effective_min_count=5 retains 8 unique words (100.00% of original 8, drops 0)', 'datetime': '2026-03-05T11:22:06.634664', 'gensim': '4.4.0', 'python': '3.11.6 (tags/v3.11.6:8b6ee5b, Oct  2 2023, 14:57:12) [MSC v.1935 64 bit (AMD64)]', 'platform': 'Windows-10-10.0.26200-SP0', 'event': 'prepare_vocab'}
2026-03-05 11:22:06,634 - gensim.utils - INFO - Word2Vec lifecycle event {'msg': 'effective_min_count=5 leaves 1000 word corpus (100.00% of original 1000, drops 0)', 'datetime': '2026-03-05T11:22:06.634664', 'gensim': '4.4.0', 'python': '3.11.6 (tags/v3.11.6:8b6ee5b, Oct  2 2023, 14:57:12) [MSC v.1935 64 bit (AMD64)]', 'platform': 'Windows-10-10.0.26200-SP0', 'event': 'prepare_vocab'}
2026-03-05 11:22:06,636 - gensim.models.word2vec - INFO - deleting the raw counts dictionary of 8 items
2026-03-05 11:22:06,637 - gensim.models.word2vec - INFO - sample=0.001 downsamples 8 most-common words
2026-03-05 11:22:06,637 - gensim.utils - INFO - Word2Vec lifecycle event {'msg': 'downsampling leaves estimated 95.32050807568878 word corpus (9.5%% of prior 1000)', 'datetime': '2026-03-05T11:22:06.637143', 'gensim': '4.4.0', 'python': '3.11.6 (tags/v3.11.6:8b6ee5b, Oct  2 2023, 14:57:12) [MSC v.1935 64 bit (AMD64)]', 'platform': 'Windows-10-10.0.26200-SP0', 'event': 'prepare_vocab'}
2026-03-05 11:22:06,637 - gensim.models.word2vec - INFO - estimated required memory for 8 words and 100 dimensions: 10400 bytes
2026-03-05 11:22:06,637 - gensim.models.word2vec - INFO - resetting layer weights
2026-03-05 11:22:06,637 - gensim.utils - INFO - Word2Vec lifecycle event {'update': False, 'trim_rule': 'None', 'datetime': '2026-03-05T11:22:06.637143', 'gensim': '4.4.0', 'python': '3.11.6 (tags/v3.11.6:8b6ee5b, Oct  2 2023, 14:57:12) [MSC v.1935 64 bit (AMD64)]', 'platform': 'Windows-10-10.0.26200-SP0', 'event': 'build_vocab'}
2026-03-05 11:22:06,639 - gensim.utils - INFO - Word2Vec lifecycle event {'msg': 'training model with 16 workers on 8 vocabulary and 100 features, using sg=0 hs=0 sample=0.001 negative=5 window=2 shrink_windows=True', 'datetime': '2026-03-05T11:22:06.639380', 'gensim': '4.4.0', 'python': '3.11.6 (tags/v3.11.6:8b6ee5b, Oct  2 2023, 14:57:12) [MSC v.1935 64 bit (AMD64)]', 'platform': 'Windows-10-10.0.26200-SP0', 'event': 'train'}
2026-03-05 11:22:06,664 - gensim.models.word2vec - INFO - EPOCH 0: training on 1000 raw words (83 effective words) took 0.0s, 214581 effective words/s
2026-03-05 11:22:06,690 - gensim.models.word2vec - INFO - EPOCH 1: training on 1000 raw words (89 effective words) took 0.0s, 192059 effective words/s
2026-03-05 11:22:06,717 - gensim.models.word2vec - INFO - EPOCH 2: training on 1000 raw words (88 effective words) took 0.0s, 226454 effective words/s
2026-03-05 11:22:06,745 - gensim.models.word2vec - INFO - EPOCH 3: training on 1000 raw words (96 effective words) took 0.0s, 27922 effective words/s
2026-03-05 11:22:06,772 - gensim.models.word2vec - INFO - EPOCH 4: training on 1000 raw words (102 effective words) took 0.0s, 32912 effective words/s
2026-03-05 11:22:06,796 - gensim.models.word2vec - INFO - EPOCH 5: training on 1000 raw words (120 effective words) took 0.0s, 40613 effective words/s
2026-03-05 11:22:06,820 - gensim.models.word2vec - INFO - EPOCH 6: training on 1000 raw words (87 effective words) took 0.0s, 37301 effective words/s
2026-03-05 11:22:06,848 - gensim.models.word2vec - INFO - EPOCH 7: training on 1000 raw words (103 effective words) took 0.0s, 36538 effective words/s
2026-03-05 11:22:06,878 - gensim.models.word2vec - INFO - EPOCH 8: training on 1000 raw words (92 effective words) took 0.0s, 27700 effective words/s
2026-03-05 11:22:06,910 - gensim.models.word2vec - INFO - EPOCH 9: training on 1000 raw words (72 effective words) took 0.0s, 20018 effective words/s
2026-03-05 11:22:06,910 - gensim.utils - INFO - Word2Vec lifecycle event {'msg': 'training on 10000 raw words (932 effective words) took 0.3s, 3405 effective words/s', 'datetime': '2026-03-05T11:22:06.910360', 'gensim': '4.4.0', 'python': '3.11.6 (tags/v3.11.6:8b6ee5b, Oct  2 2023, 14:57:12) [MSC v.1935 64 bit (AMD64)]', 'platform': 'Windows-10-10.0.26200-SP0', 'event': 'train'}
2026-03-05 11:22:06,914 - gensim.utils - INFO - Word2Vec lifecycle event {'params': 'Word2Vec<vocab=8, vector_size=100, alpha=0.025>', 'datetime': '2026-03-05T11:22:06.914588', 'gensim': '4.4.0', 'python': '3.11.6 (tags/v3.11.6:8b6ee5b, Oct  2 2023, 14:57:12) [MSC v.1935 64 bit (AMD64)]', 'platform': 'Windows-10-10.0.26200-SP0', 'event': 'created'}
2026-03-05 11:22:06,914 - gensim.utils - INFO - Word2Vec lifecycle event {'fname_or_handle': 'models/word2vec\\w2v_cbow_sz100_win2_ep10.model', 'separately': 'None', 'sep_limit': 10485760, 'ignore': frozenset(), 'datetime': '2026-03-05T11:22:06.914588', 'gensim': '4.4.0', 'python': '3.11.6 (tags/v3.11.6:8b6ee5b, Oct  2 2023, 14:57:12) [MSC v.1935 64 bit (AMD64)]', 'platform': 'Windows-10-10.0.26200-SP0', 'event': 'saving'}
2026-03-05 11:22:06,914 - gensim.utils - INFO - not storing attribute cum_table
2026-03-05 11:22:06,917 - gensim.utils - INFO - saved models/word2vec\w2v_cbow_sz100_win2_ep10.model
2026-03-05 11:22:06,920 - NLP_Project - INFO - Training w2v_cbow_sz100_win2_ep20...
2026-03-05 11:22:06,920 - gensim.models.word2vec - INFO - collecting all words and their counts
2026-03-05 11:22:06,922 - gensim.models.word2vec - INFO - PROGRESS: at sentence #0, processed 0 words, keeping 0 word types
2026-03-05 11:22:06,923 - gensim.models.word2vec - INFO - collected 8 word types from a corpus of 1000 raw words and 300 sentences
2026-03-05 11:22:06,923 - gensim.models.word2vec - INFO - Creating a fresh vocabulary
2026-03-05 11:22:06,923 - gensim.utils - INFO - Word2Vec lifecycle event {'msg': 'effective_min_count=5 retains 8 unique words (100.00% of original 8, drops 0)', 'datetime': '2026-03-05T11:22:06.923685', 'gensim': '4.4.0', 'python': '3.11.6 (tags/v3.11.6:8b6ee5b, Oct  2 2023, 14:57:12) [MSC v.1935 64 bit (AMD64)]', 'platform': 'Windows-10-10.0.26200-SP0', 'event': 'prepare_vocab'}
2026-03-05 11:22:06,923 - gensim.utils - INFO - Word2Vec lifecycle event {'msg': 'effective_min_count=5 leaves 1000 word corpus (100.00% of original 1000, drops 0)', 'datetime': '2026-03-05T11:22:06.923685', 'gensim': '4.4.0', 'python': '3.11.6 (tags/v3.11.6:8b6ee5b, Oct  2 2023, 14:57:12) [MSC v.1935 64 bit (AMD64)]', 'platform': 'Windows-10-10.0.26200-SP0', 'event': 'prepare_vocab'}
2026-03-05 11:22:06,926 - gensim.models.word2vec - INFO - deleting the raw counts dictionary of 8 items
2026-03-05 11:22:06,926 - gensim.models.word2vec - INFO - sample=0.001 downsamples 8 most-common words
2026-03-05 11:22:06,926 - gensim.utils - INFO - Word2Vec lifecycle event {'msg': 'downsampling leaves estimated 95.32050807568878 word corpus (9.5%% of prior 1000)', 'datetime': '2026-03-05T11:22:06.926470', 'gensim': '4.4.0', 'python': '3.11.6 (tags/v3.11.6:8b6ee5b, Oct  2 2023, 14:57:12) [MSC v.1935 64 bit (AMD64)]', 'platform': 'Windows-10-10.0.26200-SP0', 'event': 'prepare_vocab'}
2026-03-05 11:22:06,926 - gensim.models.word2vec - INFO - estimated required memory for 8 words and 100 dimensions: 10400 bytes
2026-03-05 11:22:06,926 - gensim.models.word2vec - INFO - resetting layer weights
2026-03-05 11:22:06,930 - gensim.utils - INFO - Word2Vec lifecycle event {'update': False, 'trim_rule': 'None', 'datetime': '2026-03-05T11:22:06.930634', 'gensim': '4.4.0', 'python': '3.11.6 (tags/v3.11.6:8b6ee5b, Oct  2 2023, 14:57:12) [MSC v.1935 64 bit (AMD64)]', 'platform': 'Windows-10-10.0.26200-SP0', 'event': 'build_vocab'}
2026-03-05 11:22:06,930 - gensim.utils - INFO - Word2Vec lifecycle event {'msg': 'training model with 16 workers on 8 vocabulary and 100 features, using sg=0 hs=0 sample=0.001 negative=5 window=2 shrink_windows=True', 'datetime': '2026-03-05T11:22:06.930953', 'gensim': '4.4.0', 'python': '3.11.6 (tags/v3.11.6:8b6ee5b, Oct  2 2023, 14:57:12) [MSC v.1935 64 bit (AMD64)]', 'platform': 'Windows-10-10.0.26200-SP0', 'event': 'train'}
2026-03-05 11:22:06,959 - gensim.models.word2vec - INFO - EPOCH 0: training on 1000 raw words (83 effective words) took 0.0s, 25845 effective words/s
2026-03-05 11:22:06,992 - gensim.models.word2vec - INFO - EPOCH 1: training on 1000 raw words (89 effective words) took 0.0s, 25932 effective words/s
2026-03-05 11:22:07,020 - gensim.models.word2vec - INFO - EPOCH 2: training on 1000 raw words (88 effective words) took 0.0s, 311946 effective words/s
2026-03-05 11:22:07,047 - gensim.models.word2vec - INFO - EPOCH 3: training on 1000 raw words (96 effective words) took 0.0s, 25033 effective words/s
2026-03-05 11:22:07,080 - gensim.models.word2vec - INFO - EPOCH 4: training on 1000 raw words (102 effective words) took 0.0s, 22529 effective words/s
2026-03-05 11:22:07,106 - gensim.models.word2vec - INFO - EPOCH 5: training on 1000 raw words (120 effective words) took 0.0s, 51939 effective words/s
2026-03-05 11:22:07,137 - gensim.models.word2vec - INFO - EPOCH 6: training on 1000 raw words (87 effective words) took 0.0s, 31712 effective words/s
2026-03-05 11:22:07,163 - gensim.models.word2vec - INFO - EPOCH 7: training on 1000 raw words (103 effective words) took 0.0s, 41490 effective words/s
2026-03-05 11:22:07,190 - gensim.models.word2vec - INFO - EPOCH 8: training on 1000 raw words (92 effective words) took 0.0s, 256768 effective words/s
2026-03-05 11:22:07,217 - gensim.models.word2vec - INFO - EPOCH 9: training on 1000 raw words (72 effective words) took 0.0s, 21075 effective words/s
2026-03-05 11:22:07,243 - gensim.models.word2vec - INFO - EPOCH 10: training on 1000 raw words (118 effective words) took 0.0s, 111668 effective words/s
2026-03-05 11:22:07,267 - gensim.models.word2vec - INFO - EPOCH 11: training on 1000 raw words (80 effective words) took 0.0s, 33957 effective words/s
2026-03-05 11:22:07,292 - gensim.models.word2vec - INFO - EPOCH 12: training on 1000 raw words (84 effective words) took 0.0s, 25734 effective words/s
2026-03-05 11:22:07,321 - gensim.models.word2vec - INFO - EPOCH 13: training on 1000 raw words (91 effective words) took 0.0s, 324305 effective words/s
2026-03-05 11:22:07,347 - gensim.models.word2vec - INFO - EPOCH 14: training on 1000 raw words (92 effective words) took 0.0s, 29623 effective words/s
2026-03-05 11:22:07,403 - gensim.models.word2vec - INFO - EPOCH 15: training on 1000 raw words (94 effective words) took 0.0s, 20485 effective words/s
2026-03-05 11:22:07,447 - gensim.models.word2vec - INFO - EPOCH 16: training on 1000 raw words (100 effective words) took 0.0s, 29269 effective words/s
2026-03-05 11:22:07,467 - gensim.models.word2vec - INFO - EPOCH 17: training on 1000 raw words (96 effective words) took 0.0s, 45690 effective words/s
2026-03-05 11:22:07,489 - gensim.models.word2vec - INFO - EPOCH 18: training on 1000 raw words (95 effective words) took 0.0s, 523993 effective words/s
2026-03-05 11:22:07,503 - gensim.models.word2vec - INFO - EPOCH 19: training on 1000 raw words (103 effective words) took 0.0s, 52634 effective words/s
2026-03-05 11:22:07,503 - gensim.utils - INFO - Word2Vec lifecycle event {'msg': 'training on 20000 raw words (1885 effective words) took 0.6s, 3285 effective words/s', 'datetime': '2026-03-05T11:22:07.503681', 'gensim': '4.4.0', 'python': '3.11.6 (tags/v3.11.6:8b6ee5b, Oct  2 2023, 14:57:12) [MSC v.1935 64 bit (AMD64)]', 'platform': 'Windows-10-10.0.26200-SP0', 'event': 'train'}
2026-03-05 11:22:07,506 - gensim.utils - INFO - Word2Vec lifecycle event {'params': 'Word2Vec<vocab=8, vector_size=100, alpha=0.025>', 'datetime': '2026-03-05T11:22:07.506659', 'gensim': '4.4.0', 'python': '3.11.6 (tags/v3.11.6:8b6ee5b, Oct  2 2023, 14:57:12) [MSC v.1935 64 bit (AMD64)]', 'platform': 'Windows-10-10.0.26200-SP0', 'event': 'created'}
2026-03-05 11:22:07,507 - gensim.utils - INFO - Word2Vec lifecycle event {'fname_or_handle': 'models/word2vec\\w2v_cbow_sz100_win2_ep20.model', 'separately': 'None', 'sep_limit': 10485760, 'ignore': frozenset(), 'datetime': '2026-03-05T11:22:07.507468', 'gensim': '4.4.0', 'python': '3.11.6 (tags/v3.11.6:8b6ee5b, Oct  2 2023, 14:57:12) [MSC v.1935 64 bit (AMD64)]', 'platform': 'Windows-10-10.0.26200-SP0', 'event': 'saving'}
2026-03-05 11:22:07,508 - gensim.utils - INFO - not storing attribute cum_table
2026-03-05 11:22:07,509 - gensim.utils - INFO - saved models/word2vec\w2v_cbow_sz100_win2_ep20.model
2026-03-05 11:22:07,509 - NLP_Project - INFO - Training w2v_skipgram_sz100_win2_ep5...
2026-03-05 11:22:07,512 - gensim.models.word2vec - INFO - collecting all words and their counts
2026-03-05 11:22:07,512 - gensim.models.word2vec - INFO - PROGRESS: at sentence #0, processed 0 words, keeping 0 word types
2026-03-05 11:22:07,513 - gensim.models.word2vec - INFO - collected 8 word types from a corpus of 1000 raw words and 300 sentences
2026-03-05 11:22:07,514 - gensim.models.word2vec - INFO - Creating a fresh vocabulary
2026-03-05 11:22:07,515 - gensim.utils - INFO - Word2Vec lifecycle event {'msg': 'effective_min_count=5 retains 8 unique words (100.00% of original 8, drops 0)', 'datetime': '2026-03-05T11:22:07.515382', 'gensim': '4.4.0', 'python': '3.11.6 (tags/v3.11.6:8b6ee5b, Oct  2 2023, 14:57:12) [MSC v.1935 64 bit (AMD64)]', 'platform': 'Windows-10-10.0.26200-SP0', 'event': 'prepare_vocab'}
2026-03-05 11:22:07,515 - gensim.utils - INFO - Word2Vec lifecycle event {'msg': 'effective_min_count=5 leaves 1000 word corpus (100.00% of original 1000, drops 0)', 'datetime': '2026-03-05T11:22:07.515791', 'gensim': '4.4.0', 'python': '3.11.6 (tags/v3.11.6:8b6ee5b, Oct  2 2023, 14:57:12) [MSC v.1935 64 bit (AMD64)]', 'platform': 'Windows-10-10.0.26200-SP0', 'event': 'prepare_vocab'}
2026-03-05 11:22:07,515 - gensim.models.word2vec - INFO - deleting the raw counts dictionary of 8 items
2026-03-05 11:22:07,515 - gensim.models.word2vec - INFO - sample=0.001 downsamples 8 most-common words
2026-03-05 11:22:07,515 - gensim.utils - INFO - Word2Vec lifecycle event {'msg': 'downsampling leaves estimated 95.32050807568878 word corpus (9.5%% of prior 1000)', 'datetime': '2026-03-05T11:22:07.515791', 'gensim': '4.4.0', 'python': '3.11.6 (tags/v3.11.6:8b6ee5b, Oct  2 2023, 14:57:12) [MSC v.1935 64 bit (AMD64)]', 'platform': 'Windows-10-10.0.26200-SP0', 'event': 'prepare_vocab'}
2026-03-05 11:22:07,515 - gensim.models.word2vec - INFO - estimated required memory for 8 words and 100 dimensions: 10400 bytes
2026-03-05 11:22:07,517 - gensim.models.word2vec - INFO - resetting layer weights
2026-03-05 11:22:07,517 - gensim.utils - INFO - Word2Vec lifecycle event {'update': False, 'trim_rule': 'None', 'datetime': '2026-03-05T11:22:07.517317', 'gensim': '4.4.0', 'python': '3.11.6 (tags/v3.11.6:8b6ee5b, Oct  2 2023, 14:57:12) [MSC v.1935 64 bit (AMD64)]', 'platform': 'Windows-10-10.0.26200-SP0', 'event': 'build_vocab'}
2026-03-05 11:22:07,517 - gensim.utils - INFO - Word2Vec lifecycle event {'msg': 'training model with 16 workers on 8 vocabulary and 100 features, using sg=1 hs=0 sample=0.001 negative=5 window=2 shrink_windows=True', 'datetime': '2026-03-05T11:22:07.517971', 'gensim': '4.4.0', 'python': '3.11.6 (tags/v3.11.6:8b6ee5b, Oct  2 2023, 14:57:12) [MSC v.1935 64 bit (AMD64)]', 'platform': 'Windows-10-10.0.26200-SP0', 'event': 'train'}
2026-03-05 11:22:07,531 - gensim.models.word2vec - INFO - EPOCH 0: training on 1000 raw words (83 effective words) took 0.0s, 29290 effective words/s
2026-03-05 11:22:07,557 - gensim.models.word2vec - INFO - EPOCH 1: training on 1000 raw words (89 effective words) took 0.0s, 26227 effective words/s
2026-03-05 11:22:07,589 - gensim.models.word2vec - INFO - EPOCH 2: training on 1000 raw words (88 effective words) took 0.0s, 20500 effective words/s
2026-03-05 11:22:07,620 - gensim.models.word2vec - INFO - EPOCH 3: training on 1000 raw words (96 effective words) took 0.0s, 23219 effective words/s
2026-03-05 11:22:07,647 - gensim.models.word2vec - INFO - EPOCH 4: training on 1000 raw words (102 effective words) took 0.0s, 157044 effective words/s
2026-03-05 11:22:07,653 - gensim.utils - INFO - Word2Vec lifecycle event {'msg': 'training on 5000 raw words (458 effective words) took 0.1s, 3376 effective words/s', 'datetime': '2026-03-05T11:22:07.653884', 'gensim': '4.4.0', 'python': '3.11.6 (tags/v3.11.6:8b6ee5b, Oct  2 2023, 14:57:12) [MSC v.1935 64 bit (AMD64)]', 'platform': 'Windows-10-10.0.26200-SP0', 'event': 'train'}
2026-03-05 11:22:07,654 - gensim.utils - INFO - Word2Vec lifecycle event {'params': 'Word2Vec<vocab=8, vector_size=100, alpha=0.025>', 'datetime': '2026-03-05T11:22:07.654808', 'gensim': '4.4.0', 'python': '3.11.6 (tags/v3.11.6:8b6ee5b, Oct  2 2023, 14:57:12) [MSC v.1935 64 bit (AMD64)]', 'platform': 'Windows-10-10.0.26200-SP0', 'event': 'created'}
2026-03-05 11:22:07,654 - gensim.utils - INFO - Word2Vec lifecycle event {'fname_or_handle': 'models/word2vec\\w2v_skipgram_sz100_win2_ep5.model', 'separately': 'None', 'sep_limit': 10485760, 'ignore': frozenset(), 'datetime': '2026-03-05T11:22:07.654808', 'gensim': '4.4.0', 'python': '3.11.6 (tags/v3.11.6:8b6ee5b, Oct  2 2023, 14:57:12) [MSC v.1935 64 bit (AMD64)]', 'platform': 'Windows-10-10.0.26200-SP0', 'event': 'saving'}
2026-03-05 11:22:07,657 - gensim.utils - INFO - not storing attribute cum_table
2026-03-05 11:22:07,659 - gensim.utils - INFO - saved models/word2vec\w2v_skipgram_sz100_win2_ep5.model
2026-03-05 11:22:07,663 - NLP_Project - INFO - Training w2v_skipgram_sz100_win2_ep10...
2026-03-05 11:22:07,664 - gensim.models.word2vec - INFO - collecting all words and their counts
2026-03-05 11:22:07,665 - gensim.models.word2vec - INFO - PROGRESS: at sentence #0, processed 0 words, keeping 0 word types
2026-03-05 11:22:07,665 - gensim.models.word2vec - INFO - collected 8 word types from a corpus of 1000 raw words and 300 sentences
2026-03-05 11:22:07,665 - gensim.models.word2vec - INFO - Creating a fresh vocabulary
2026-03-05 11:22:07,665 - gensim.utils - INFO - Word2Vec lifecycle event {'msg': 'effective_min_count=5 retains 8 unique words (100.00% of original 8, drops 0)', 'datetime': '2026-03-05T11:22:07.665669', 'gensim': '4.4.0', 'python': '3.11.6 (tags/v3.11.6:8b6ee5b, Oct  2 2023, 14:57:12) [MSC v.1935 64 bit (AMD64)]', 'platform': 'Windows-10-10.0.26200-SP0', 'event': 'prepare_vocab'}
2026-03-05 11:22:07,667 - gensim.utils - INFO - Word2Vec lifecycle event {'msg': 'effective_min_count=5 leaves 1000 word corpus (100.00% of original 1000, drops 0)', 'datetime': '2026-03-05T11:22:07.667275', 'gensim': '4.4.0', 'python': '3.11.6 (tags/v3.11.6:8b6ee5b, Oct  2 2023, 14:57:12) [MSC v.1935 64 bit (AMD64)]', 'platform': 'Windows-10-10.0.26200-SP0', 'event': 'prepare_vocab'}
2026-03-05 11:22:07,668 - gensim.models.word2vec - INFO - deleting the raw counts dictionary of 8 items
2026-03-05 11:22:07,668 - gensim.models.word2vec - INFO - sample=0.001 downsamples 8 most-common words
2026-03-05 11:22:07,668 - gensim.utils - INFO - Word2Vec lifecycle event {'msg': 'downsampling leaves estimated 95.32050807568878 word corpus (9.5%% of prior 1000)', 'datetime': '2026-03-05T11:22:07.668003', 'gensim': '4.4.0', 'python': '3.11.6 (tags/v3.11.6:8b6ee5b, Oct  2 2023, 14:57:12) [MSC v.1935 64 bit (AMD64)]', 'platform': 'Windows-10-10.0.26200-SP0', 'event': 'prepare_vocab'}
2026-03-05 11:22:07,669 - gensim.models.word2vec - INFO - estimated required memory for 8 words and 100 dimensions: 10400 bytes
2026-03-05 11:22:07,670 - gensim.models.word2vec - INFO - resetting layer weights
2026-03-05 11:22:07,671 - gensim.utils - INFO - Word2Vec lifecycle event {'update': False, 'trim_rule': 'None', 'datetime': '2026-03-05T11:22:07.671120', 'gensim': '4.4.0', 'python': '3.11.6 (tags/v3.11.6:8b6ee5b, Oct  2 2023, 14:57:12) [MSC v.1935 64 bit (AMD64)]', 'platform': 'Windows-10-10.0.26200-SP0', 'event': 'build_vocab'}
2026-03-05 11:22:07,671 - gensim.utils - INFO - Word2Vec lifecycle event {'msg': 'training model with 16 workers on 8 vocabulary and 100 features, using sg=1 hs=0 sample=0.001 negative=5 window=2 shrink_windows=True', 'datetime': '2026-03-05T11:22:07.671120', 'gensim': '4.4.0', 'python': '3.11.6 (tags/v3.11.6:8b6ee5b, Oct  2 2023, 14:57:12) [MSC v.1935 64 bit (AMD64)]', 'platform': 'Windows-10-10.0.26200-SP0', 'event': 'train'}
2026-03-05 11:22:07,697 - gensim.models.word2vec - INFO - EPOCH 0: training on 1000 raw words (83 effective words) took 0.0s, 21040 effective words/s
2026-03-05 11:22:07,720 - gensim.models.word2vec - INFO - EPOCH 1: training on 1000 raw words (89 effective words) took 0.0s, 272922 effective words/s
2026-03-05 11:22:07,746 - gensim.models.word2vec - INFO - EPOCH 2: training on 1000 raw words (88 effective words) took 0.0s, 26748 effective words/s
2026-03-05 11:22:07,772 - gensim.models.word2vec - INFO - EPOCH 3: training on 1000 raw words (96 effective words) took 0.0s, 39509 effective words/s
2026-03-05 11:22:07,797 - gensim.models.word2vec - INFO - EPOCH 4: training on 1000 raw words (102 effective words) took 0.0s, 30370 effective words/s
2026-03-05 11:22:07,822 - gensim.models.word2vec - INFO - EPOCH 5: training on 1000 raw words (120 effective words) took 0.0s, 42677 effective words/s
2026-03-05 11:22:07,847 - gensim.models.word2vec - INFO - EPOCH 6: training on 1000 raw words (87 effective words) took 0.0s, 29710 effective words/s
2026-03-05 11:22:07,876 - gensim.models.word2vec - INFO - EPOCH 7: training on 1000 raw words (103 effective words) took 0.0s, 31544 effective words/s
2026-03-05 11:22:07,903 - gensim.models.word2vec - INFO - EPOCH 8: training on 1000 raw words (92 effective words) took 0.0s, 37027 effective words/s
2026-03-05 11:22:07,927 - gensim.models.word2vec - INFO - EPOCH 9: training on 1000 raw words (72 effective words) took 0.0s, 23596 effective words/s
2026-03-05 11:22:07,930 - gensim.utils - INFO - Word2Vec lifecycle event {'msg': 'training on 10000 raw words (932 effective words) took 0.3s, 3604 effective words/s', 'datetime': '2026-03-05T11:22:07.930825', 'gensim': '4.4.0', 'python': '3.11.6 (tags/v3.11.6:8b6ee5b, Oct  2 2023, 14:57:12) [MSC v.1935 64 bit (AMD64)]', 'platform': 'Windows-10-10.0.26200-SP0', 'event': 'train'}
2026-03-05 11:22:07,931 - gensim.utils - INFO - Word2Vec lifecycle event {'params': 'Word2Vec<vocab=8, vector_size=100, alpha=0.025>', 'datetime': '2026-03-05T11:22:07.931217', 'gensim': '4.4.0', 'python': '3.11.6 (tags/v3.11.6:8b6ee5b, Oct  2 2023, 14:57:12) [MSC v.1935 64 bit (AMD64)]', 'platform': 'Windows-10-10.0.26200-SP0', 'event': 'created'}
2026-03-05 11:22:07,931 - gensim.utils - INFO - Word2Vec lifecycle event {'fname_or_handle': 'models/word2vec\\w2v_skipgram_sz100_win2_ep10.model', 'separately': 'None', 'sep_limit': 10485760, 'ignore': frozenset(), 'datetime': '2026-03-05T11:22:07.931217', 'gensim': '4.4.0', 'python': '3.11.6 (tags/v3.11.6:8b6ee5b, Oct  2 2023, 14:57:12) [MSC v.1935 64 bit (AMD64)]', 'platform': 'Windows-10-10.0.26200-SP0', 'event': 'saving'}
2026-03-05 11:22:07,933 - gensim.utils - INFO - not storing attribute cum_table
2026-03-05 11:22:07,933 - gensim.utils - INFO - saved models/word2vec\w2v_skipgram_sz100_win2_ep10.model
2026-03-05 11:22:07,933 - NLP_Project - INFO - Training w2v_skipgram_sz100_win2_ep20...
2026-03-05 11:22:07,936 - gensim.models.word2vec - INFO - collecting all words and their counts
2026-03-05 11:22:07,936 - gensim.models.word2vec - INFO - PROGRESS: at sentence #0, processed 0 words, keeping 0 word types
2026-03-05 11:22:07,938 - gensim.models.word2vec - INFO - collected 8 word types from a corpus of 1000 raw words and 300 sentences
2026-03-05 11:22:07,938 - gensim.models.word2vec - INFO - Creating a fresh vocabulary
2026-03-05 11:22:07,938 - gensim.utils - INFO - Word2Vec lifecycle event {'msg': 'effective_min_count=5 retains 8 unique words (100.00% of original 8, drops 0)', 'datetime': '2026-03-05T11:22:07.938617', 'gensim': '4.4.0', 'python': '3.11.6 (tags/v3.11.6:8b6ee5b, Oct  2 2023, 14:57:12) [MSC v.1935 64 bit (AMD64)]', 'platform': 'Windows-10-10.0.26200-SP0', 'event': 'prepare_vocab'}
2026-03-05 11:22:07,938 - gensim.utils - INFO - Word2Vec lifecycle event {'msg': 'effective_min_count=5 leaves 1000 word corpus (100.00% of original 1000, drops 0)', 'datetime': '2026-03-05T11:22:07.938617', 'gensim': '4.4.0', 'python': '3.11.6 (tags/v3.11.6:8b6ee5b, Oct  2 2023, 14:57:12) [MSC v.1935 64 bit (AMD64)]', 'platform': 'Windows-10-10.0.26200-SP0', 'event': 'prepare_vocab'}
2026-03-05 11:22:07,940 - gensim.models.word2vec - INFO - deleting the raw counts dictionary of 8 items
2026-03-05 11:22:07,940 - gensim.models.word2vec - INFO - sample=0.001 downsamples 8 most-common words
2026-03-05 11:22:07,940 - gensim.utils - INFO - Word2Vec lifecycle event {'msg': 'downsampling leaves estimated 95.32050807568878 word corpus (9.5%% of prior 1000)', 'datetime': '2026-03-05T11:22:07.940707', 'gensim': '4.4.0', 'python': '3.11.6 (tags/v3.11.6:8b6ee5b, Oct  2 2023, 14:57:12) [MSC v.1935 64 bit (AMD64)]', 'platform': 'Windows-10-10.0.26200-SP0', 'event': 'prepare_vocab'}
2026-03-05 11:22:07,940 - gensim.models.word2vec - INFO - estimated required memory for 8 words and 100 dimensions: 10400 bytes
2026-03-05 11:22:07,940 - gensim.models.word2vec - INFO - resetting layer weights
2026-03-05 11:22:07,946 - gensim.utils - INFO - Word2Vec lifecycle event {'update': False, 'trim_rule': 'None', 'datetime': '2026-03-05T11:22:07.946317', 'gensim': '4.4.0', 'python': '3.11.6 (tags/v3.11.6:8b6ee5b, Oct  2 2023, 14:57:12) [MSC v.1935 64 bit (AMD64)]', 'platform': 'Windows-10-10.0.26200-SP0', 'event': 'build_vocab'}
2026-03-05 11:22:07,946 - gensim.utils - INFO - Word2Vec lifecycle event {'msg': 'training model with 16 workers on 8 vocabulary and 100 features, using sg=1 hs=0 sample=0.001 negative=5 window=2 shrink_windows=True', 'datetime': '2026-03-05T11:22:07.946980', 'gensim': '4.4.0', 'python': '3.11.6 (tags/v3.11.6:8b6ee5b, Oct  2 2023, 14:57:12) [MSC v.1935 64 bit (AMD64)]', 'platform': 'Windows-10-10.0.26200-SP0', 'event': 'train'}
2026-03-05 11:22:07,970 - gensim.models.word2vec - INFO - EPOCH 0: training on 1000 raw words (83 effective words) took 0.0s, 28634 effective words/s
2026-03-05 11:22:07,997 - gensim.models.word2vec - INFO - EPOCH 1: training on 1000 raw words (89 effective words) took 0.0s, 140445 effective words/s
2026-03-05 11:22:08,022 - gensim.models.word2vec - INFO - EPOCH 2: training on 1000 raw words (88 effective words) took 0.0s, 36248 effective words/s
2026-03-05 11:22:08,046 - gensim.models.word2vec - INFO - EPOCH 3: training on 1000 raw words (96 effective words) took 0.0s, 38931 effective words/s
2026-03-05 11:22:08,074 - gensim.models.word2vec - INFO - EPOCH 4: training on 1000 raw words (102 effective words) took 0.0s, 28700 effective words/s
2026-03-05 11:22:08,101 - gensim.models.word2vec - INFO - EPOCH 5: training on 1000 raw words (120 effective words) took 0.0s, 31664 effective words/s
2026-03-05 11:22:08,128 - gensim.models.word2vec - INFO - EPOCH 6: training on 1000 raw words (87 effective words) took 0.0s, 20781 effective words/s
2026-03-05 11:22:08,154 - gensim.models.word2vec - INFO - EPOCH 7: training on 1000 raw words (103 effective words) took 0.0s, 41075 effective words/s
2026-03-05 11:22:08,181 - gensim.models.word2vec - INFO - EPOCH 8: training on 1000 raw words (92 effective words) took 0.0s, 26304 effective words/s
2026-03-05 11:22:08,214 - gensim.models.word2vec - INFO - EPOCH 9: training on 1000 raw words (72 effective words) took 0.0s, 106936 effective words/s
2026-03-05 11:22:08,247 - gensim.models.word2vec - INFO - EPOCH 10: training on 1000 raw words (118 effective words) took 0.0s, 32487 effective words/s
2026-03-05 11:22:08,276 - gensim.models.word2vec - INFO - EPOCH 11: training on 1000 raw words (80 effective words) took 0.0s, 111951 effective words/s
2026-03-05 11:22:08,303 - gensim.models.word2vec - INFO - EPOCH 12: training on 1000 raw words (84 effective words) took 0.0s, 35164 effective words/s
2026-03-05 11:22:08,333 - gensim.models.word2vec - INFO - EPOCH 13: training on 1000 raw words (91 effective words) took 0.0s, 185676 effective words/s
2026-03-05 11:22:08,360 - gensim.models.word2vec - INFO - EPOCH 14: training on 1000 raw words (92 effective words) took 0.0s, 25647 effective words/s
2026-03-05 11:22:08,385 - gensim.models.word2vec - INFO - EPOCH 15: training on 1000 raw words (94 effective words) took 0.0s, 31834 effective words/s
2026-03-05 11:22:08,413 - gensim.models.word2vec - INFO - EPOCH 16: training on 1000 raw words (100 effective words) took 0.0s, 33727 effective words/s
2026-03-05 11:22:08,436 - gensim.models.word2vec - INFO - EPOCH 17: training on 1000 raw words (96 effective words) took 0.0s, 227165 effective words/s
2026-03-05 11:22:08,466 - gensim.models.word2vec - INFO - EPOCH 18: training on 1000 raw words (95 effective words) took 0.0s, 40924 effective words/s
2026-03-05 11:22:08,493 - gensim.models.word2vec - INFO - EPOCH 19: training on 1000 raw words (103 effective words) took 0.0s, 26985 effective words/s
2026-03-05 11:22:08,493 - gensim.utils - INFO - Word2Vec lifecycle event {'msg': 'training on 20000 raw words (1885 effective words) took 0.5s, 3449 effective words/s', 'datetime': '2026-03-05T11:22:08.493217', 'gensim': '4.4.0', 'python': '3.11.6 (tags/v3.11.6:8b6ee5b, Oct  2 2023, 14:57:12) [MSC v.1935 64 bit (AMD64)]', 'platform': 'Windows-10-10.0.26200-SP0', 'event': 'train'}
2026-03-05 11:22:08,493 - gensim.utils - INFO - Word2Vec lifecycle event {'params': 'Word2Vec<vocab=8, vector_size=100, alpha=0.025>', 'datetime': '2026-03-05T11:22:08.493217', 'gensim': '4.4.0', 'python': '3.11.6 (tags/v3.11.6:8b6ee5b, Oct  2 2023, 14:57:12) [MSC v.1935 64 bit (AMD64)]', 'platform': 'Windows-10-10.0.26200-SP0', 'event': 'created'}
2026-03-05 11:22:08,495 - gensim.utils - INFO - Word2Vec lifecycle event {'fname_or_handle': 'models/word2vec\\w2v_skipgram_sz100_win2_ep20.model', 'separately': 'None', 'sep_limit': 10485760, 'ignore': frozenset(), 'datetime': '2026-03-05T11:22:08.495777', 'gensim': '4.4.0', 'python': '3.11.6 (tags/v3.11.6:8b6ee5b, Oct  2 2023, 14:57:12) [MSC v.1935 64 bit (AMD64)]', 'platform': 'Windows-10-10.0.26200-SP0', 'event': 'saving'}
2026-03-05 11:22:08,497 - gensim.utils - INFO - not storing attribute cum_table
2026-03-05 11:22:08,497 - gensim.utils - INFO - saved models/word2vec\w2v_skipgram_sz100_win2_ep20.model
2026-03-05 11:22:08,497 - NLP_Project - INFO - Training w2v_cbow_sz100_win5_ep5...
2026-03-05 11:22:08,497 - gensim.models.word2vec - INFO - collecting all words and their counts
2026-03-05 11:22:08,497 - gensim.models.word2vec - INFO - PROGRESS: at sentence #0, processed 0 words, keeping 0 word types
2026-03-05 11:22:08,502 - gensim.models.word2vec - INFO - collected 8 word types from a corpus of 1000 raw words and 300 sentences
2026-03-05 11:22:08,503 - gensim.models.word2vec - INFO - Creating a fresh vocabulary
2026-03-05 11:22:08,503 - gensim.utils - INFO - Word2Vec lifecycle event {'msg': 'effective_min_count=5 retains 8 unique words (100.00% of original 8, drops 0)', 'datetime': '2026-03-05T11:22:08.503215', 'gensim': '4.4.0', 'python': '3.11.6 (tags/v3.11.6:8b6ee5b, Oct  2 2023, 14:57:12) [MSC v.1935 64 bit (AMD64)]', 'platform': 'Windows-10-10.0.26200-SP0', 'event': 'prepare_vocab'}
2026-03-05 11:22:08,503 - gensim.utils - INFO - Word2Vec lifecycle event {'msg': 'effective_min_count=5 leaves 1000 word corpus (100.00% of original 1000, drops 0)', 'datetime': '2026-03-05T11:22:08.503851', 'gensim': '4.4.0', 'python': '3.11.6 (tags/v3.11.6:8b6ee5b, Oct  2 2023, 14:57:12) [MSC v.1935 64 bit (AMD64)]', 'platform': 'Windows-10-10.0.26200-SP0', 'event': 'prepare_vocab'}
2026-03-05 11:22:08,504 - gensim.models.word2vec - INFO - deleting the raw counts dictionary of 8 items
2026-03-05 11:22:08,504 - gensim.models.word2vec - INFO - sample=0.001 downsamples 8 most-common words
2026-03-05 11:22:08,504 - gensim.utils - INFO - Word2Vec lifecycle event {'msg': 'downsampling leaves estimated 95.32050807568878 word corpus (9.5%% of prior 1000)', 'datetime': '2026-03-05T11:22:08.504608', 'gensim': '4.4.0', 'python': '3.11.6 (tags/v3.11.6:8b6ee5b, Oct  2 2023, 14:57:12) [MSC v.1935 64 bit (AMD64)]', 'platform': 'Windows-10-10.0.26200-SP0', 'event': 'prepare_vocab'}
2026-03-05 11:22:08,504 - gensim.models.word2vec - INFO - estimated required memory for 8 words and 100 dimensions: 10400 bytes
2026-03-05 11:22:08,507 - gensim.models.word2vec - INFO - resetting layer weights
2026-03-05 11:22:08,507 - gensim.utils - INFO - Word2Vec lifecycle event {'update': False, 'trim_rule': 'None', 'datetime': '2026-03-05T11:22:08.507256', 'gensim': '4.4.0', 'python': '3.11.6 (tags/v3.11.6:8b6ee5b, Oct  2 2023, 14:57:12) [MSC v.1935 64 bit (AMD64)]', 'platform': 'Windows-10-10.0.26200-SP0', 'event': 'build_vocab'}
2026-03-05 11:22:08,508 - gensim.utils - INFO - Word2Vec lifecycle event {'msg': 'training model with 16 workers on 8 vocabulary and 100 features, using sg=0 hs=0 sample=0.001 negative=5 window=5 shrink_windows=True', 'datetime': '2026-03-05T11:22:08.508981', 'gensim': '4.4.0', 'python': '3.11.6 (tags/v3.11.6:8b6ee5b, Oct  2 2023, 14:57:12) [MSC v.1935 64 bit (AMD64)]', 'platform': 'Windows-10-10.0.26200-SP0', 'event': 'train'}
2026-03-05 11:22:08,531 - gensim.models.word2vec - INFO - EPOCH 0: training on 1000 raw words (83 effective words) took 0.0s, 215249 effective words/s
2026-03-05 11:22:08,557 - gensim.models.word2vec - INFO - EPOCH 1: training on 1000 raw words (92 effective words) took 0.0s, 30833 effective words/s
2026-03-05 11:22:08,587 - gensim.models.word2vec - INFO - EPOCH 2: training on 1000 raw words (82 effective words) took 0.0s, 124017 effective words/s
2026-03-05 11:22:08,613 - gensim.models.word2vec - INFO - EPOCH 3: training on 1000 raw words (96 effective words) took 0.0s, 352164 effective words/s
2026-03-05 11:22:08,640 - gensim.models.word2vec - INFO - EPOCH 4: training on 1000 raw words (96 effective words) took 0.0s, 30453 effective words/s
2026-03-05 11:22:08,642 - gensim.utils - INFO - Word2Vec lifecycle event {'msg': 'training on 5000 raw words (449 effective words) took 0.1s, 3392 effective words/s', 'datetime': '2026-03-05T11:22:08.642353', 'gensim': '4.4.0', 'python': '3.11.6 (tags/v3.11.6:8b6ee5b, Oct  2 2023, 14:57:12) [MSC v.1935 64 bit (AMD64)]', 'platform': 'Windows-10-10.0.26200-SP0', 'event': 'train'}
2026-03-05 11:22:08,642 - gensim.utils - INFO - Word2Vec lifecycle event {'params': 'Word2Vec<vocab=8, vector_size=100, alpha=0.025>', 'datetime': '2026-03-05T11:22:08.642841', 'gensim': '4.4.0', 'python': '3.11.6 (tags/v3.11.6:8b6ee5b, Oct  2 2023, 14:57:12) [MSC v.1935 64 bit (AMD64)]', 'platform': 'Windows-10-10.0.26200-SP0', 'event': 'created'}
2026-03-05 11:22:08,642 - gensim.utils - INFO - Word2Vec lifecycle event {'fname_or_handle': 'models/word2vec\\w2v_cbow_sz100_win5_ep5.model', 'separately': 'None', 'sep_limit': 10485760, 'ignore': frozenset(), 'datetime': '2026-03-05T11:22:08.642841', 'gensim': '4.4.0', 'python': '3.11.6 (tags/v3.11.6:8b6ee5b, Oct  2 2023, 14:57:12) [MSC v.1935 64 bit (AMD64)]', 'platform': 'Windows-10-10.0.26200-SP0', 'event': 'saving'}
2026-03-05 11:22:08,645 - gensim.utils - INFO - not storing attribute cum_table
2026-03-05 11:22:08,648 - gensim.utils - INFO - saved models/word2vec\w2v_cbow_sz100_win5_ep5.model
2026-03-05 11:22:08,649 - NLP_Project - INFO - Training w2v_cbow_sz100_win5_ep10...
2026-03-05 11:22:08,649 - gensim.models.word2vec - INFO - collecting all words and their counts
2026-03-05 11:22:08,649 - gensim.models.word2vec - INFO - PROGRESS: at sentence #0, processed 0 words, keeping 0 word types
2026-03-05 11:22:08,649 - gensim.models.word2vec - INFO - collected 8 word types from a corpus of 1000 raw words and 300 sentences
2026-03-05 11:22:08,649 - gensim.models.word2vec - INFO - Creating a fresh vocabulary
2026-03-05 11:22:08,649 - gensim.utils - INFO - Word2Vec lifecycle event {'msg': 'effective_min_count=5 retains 8 unique words (100.00% of original 8, drops 0)', 'datetime': '2026-03-05T11:22:08.649758', 'gensim': '4.4.0', 'python': '3.11.6 (tags/v3.11.6:8b6ee5b, Oct  2 2023, 14:57:12) [MSC v.1935 64 bit (AMD64)]', 'platform': 'Windows-10-10.0.26200-SP0', 'event': 'prepare_vocab'}
2026-03-05 11:22:08,653 - gensim.utils - INFO - Word2Vec lifecycle event {'msg': 'effective_min_count=5 leaves 1000 word corpus (100.00% of original 1000, drops 0)', 'datetime': '2026-03-05T11:22:08.653861', 'gensim': '4.4.0', 'python': '3.11.6 (tags/v3.11.6:8b6ee5b, Oct  2 2023, 14:57:12) [MSC v.1935 64 bit (AMD64)]', 'platform': 'Windows-10-10.0.26200-SP0', 'event': 'prepare_vocab'}
2026-03-05 11:22:08,653 - gensim.models.word2vec - INFO - deleting the raw counts dictionary of 8 items
2026-03-05 11:22:08,653 - gensim.models.word2vec - INFO - sample=0.001 downsamples 8 most-common words
2026-03-05 11:22:08,653 - gensim.utils - INFO - Word2Vec lifecycle event {'msg': 'downsampling leaves estimated 95.32050807568878 word corpus (9.5%% of prior 1000)', 'datetime': '2026-03-05T11:22:08.653861', 'gensim': '4.4.0', 'python': '3.11.6 (tags/v3.11.6:8b6ee5b, Oct  2 2023, 14:57:12) [MSC v.1935 64 bit (AMD64)]', 'platform': 'Windows-10-10.0.26200-SP0', 'event': 'prepare_vocab'}
2026-03-05 11:22:08,655 - gensim.models.word2vec - INFO - estimated required memory for 8 words and 100 dimensions: 10400 bytes
2026-03-05 11:22:08,656 - gensim.models.word2vec - INFO - resetting layer weights
2026-03-05 11:22:08,657 - gensim.utils - INFO - Word2Vec lifecycle event {'update': False, 'trim_rule': 'None', 'datetime': '2026-03-05T11:22:08.657454', 'gensim': '4.4.0', 'python': '3.11.6 (tags/v3.11.6:8b6ee5b, Oct  2 2023, 14:57:12) [MSC v.1935 64 bit (AMD64)]', 'platform': 'Windows-10-10.0.26200-SP0', 'event': 'build_vocab'}
2026-03-05 11:22:08,658 - gensim.utils - INFO - Word2Vec lifecycle event {'msg': 'training model with 16 workers on 8 vocabulary and 100 features, using sg=0 hs=0 sample=0.001 negative=5 window=5 shrink_windows=True', 'datetime': '2026-03-05T11:22:08.658074', 'gensim': '4.4.0', 'python': '3.11.6 (tags/v3.11.6:8b6ee5b, Oct  2 2023, 14:57:12) [MSC v.1935 64 bit (AMD64)]', 'platform': 'Windows-10-10.0.26200-SP0', 'event': 'train'}
2026-03-05 11:22:08,688 - gensim.models.word2vec - INFO - EPOCH 0: training on 1000 raw words (83 effective words) took 0.0s, 18423 effective words/s
2026-03-05 11:22:08,720 - gensim.models.word2vec - INFO - EPOCH 1: training on 1000 raw words (92 effective words) took 0.0s, 203901 effective words/s
2026-03-05 11:22:08,747 - gensim.models.word2vec - INFO - EPOCH 2: training on 1000 raw words (82 effective words) took 0.0s, 107358 effective words/s
2026-03-05 11:22:08,776 - gensim.models.word2vec - INFO - EPOCH 3: training on 1000 raw words (96 effective words) took 0.0s, 24501 effective words/s
2026-03-05 11:22:08,803 - gensim.models.word2vec - INFO - EPOCH 4: training on 1000 raw words (96 effective words) took 0.0s, 204429 effective words/s
2026-03-05 11:22:08,830 - gensim.models.word2vec - INFO - EPOCH 5: training on 1000 raw words (95 effective words) took 0.0s, 36783 effective words/s
2026-03-05 11:22:08,857 - gensim.models.word2vec - INFO - EPOCH 6: training on 1000 raw words (93 effective words) took 0.0s, 35993 effective words/s
2026-03-05 11:22:08,882 - gensim.models.word2vec - INFO - EPOCH 7: training on 1000 raw words (79 effective words) took 0.0s, 178129 effective words/s
2026-03-05 11:22:08,913 - gensim.models.word2vec - INFO - EPOCH 8: training on 1000 raw words (102 effective words) took 0.0s, 31423 effective words/s
2026-03-05 11:22:08,939 - gensim.models.word2vec - INFO - EPOCH 9: training on 1000 raw words (99 effective words) took 0.0s, 267857 effective words/s
2026-03-05 11:22:08,940 - gensim.utils - INFO - Word2Vec lifecycle event {'msg': 'training on 10000 raw words (917 effective words) took 0.3s, 3260 effective words/s', 'datetime': '2026-03-05T11:22:08.940562', 'gensim': '4.4.0', 'python': '3.11.6 (tags/v3.11.6:8b6ee5b, Oct  2 2023, 14:57:12) [MSC v.1935 64 bit (AMD64)]', 'platform': 'Windows-10-10.0.26200-SP0', 'event': 'train'}
2026-03-05 11:22:08,940 - gensim.utils - INFO - Word2Vec lifecycle event {'params': 'Word2Vec<vocab=8, vector_size=100, alpha=0.025>', 'datetime': '2026-03-05T11:22:08.940562', 'gensim': '4.4.0', 'python': '3.11.6 (tags/v3.11.6:8b6ee5b, Oct  2 2023, 14:57:12) [MSC v.1935 64 bit (AMD64)]', 'platform': 'Windows-10-10.0.26200-SP0', 'event': 'created'}
2026-03-05 11:22:08,942 - gensim.utils - INFO - Word2Vec lifecycle event {'fname_or_handle': 'models/word2vec\\w2v_cbow_sz100_win5_ep10.model', 'separately': 'None', 'sep_limit': 10485760, 'ignore': frozenset(), 'datetime': '2026-03-05T11:22:08.942421', 'gensim': '4.4.0', 'python': '3.11.6 (tags/v3.11.6:8b6ee5b, Oct  2 2023, 14:57:12) [MSC v.1935 64 bit (AMD64)]', 'platform': 'Windows-10-10.0.26200-SP0', 'event': 'saving'}
2026-03-05 11:22:08,942 - gensim.utils - INFO - not storing attribute cum_table
2026-03-05 11:22:08,947 - gensim.utils - INFO - saved models/word2vec\w2v_cbow_sz100_win5_ep10.model
2026-03-05 11:22:08,947 - NLP_Project - INFO - Training w2v_cbow_sz100_win5_ep20...
2026-03-05 11:22:08,947 - gensim.models.word2vec - INFO - collecting all words and their counts
2026-03-05 11:22:08,947 - gensim.models.word2vec - INFO - PROGRESS: at sentence #0, processed 0 words, keeping 0 word types
2026-03-05 11:22:08,951 - gensim.models.word2vec - INFO - collected 8 word types from a corpus of 1000 raw words and 300 sentences
2026-03-05 11:22:08,952 - gensim.models.word2vec - INFO - Creating a fresh vocabulary
2026-03-05 11:22:08,952 - gensim.utils - INFO - Word2Vec lifecycle event {'msg': 'effective_min_count=5 retains 8 unique words (100.00% of original 8, drops 0)', 'datetime': '2026-03-05T11:22:08.952125', 'gensim': '4.4.0', 'python': '3.11.6 (tags/v3.11.6:8b6ee5b, Oct  2 2023, 14:57:12) [MSC v.1935 64 bit (AMD64)]', 'platform': 'Windows-10-10.0.26200-SP0', 'event': 'prepare_vocab'}
2026-03-05 11:22:08,952 - gensim.utils - INFO - Word2Vec lifecycle event {'msg': 'effective_min_count=5 leaves 1000 word corpus (100.00% of original 1000, drops 0)', 'datetime': '2026-03-05T11:22:08.952125', 'gensim': '4.4.0', 'python': '3.11.6 (tags/v3.11.6:8b6ee5b, Oct  2 2023, 14:57:12) [MSC v.1935 64 bit (AMD64)]', 'platform': 'Windows-10-10.0.26200-SP0', 'event': 'prepare_vocab'}
2026-03-05 11:22:08,953 - gensim.models.word2vec - INFO - deleting the raw counts dictionary of 8 items
2026-03-05 11:22:08,953 - gensim.models.word2vec - INFO - sample=0.001 downsamples 8 most-common words
2026-03-05 11:22:08,953 - gensim.utils - INFO - Word2Vec lifecycle event {'msg': 'downsampling leaves estimated 95.32050807568878 word corpus (9.5%% of prior 1000)', 'datetime': '2026-03-05T11:22:08.953669', 'gensim': '4.4.0', 'python': '3.11.6 (tags/v3.11.6:8b6ee5b, Oct  2 2023, 14:57:12) [MSC v.1935 64 bit (AMD64)]', 'platform': 'Windows-10-10.0.26200-SP0', 'event': 'prepare_vocab'}
2026-03-05 11:22:08,955 - gensim.models.word2vec - INFO - estimated required memory for 8 words and 100 dimensions: 10400 bytes
2026-03-05 11:22:08,955 - gensim.models.word2vec - INFO - resetting layer weights
2026-03-05 11:22:08,955 - gensim.utils - INFO - Word2Vec lifecycle event {'update': False, 'trim_rule': 'None', 'datetime': '2026-03-05T11:22:08.955986', 'gensim': '4.4.0', 'python': '3.11.6 (tags/v3.11.6:8b6ee5b, Oct  2 2023, 14:57:12) [MSC v.1935 64 bit (AMD64)]', 'platform': 'Windows-10-10.0.26200-SP0', 'event': 'build_vocab'}
2026-03-05 11:22:08,955 - gensim.utils - INFO - Word2Vec lifecycle event {'msg': 'training model with 16 workers on 8 vocabulary and 100 features, using sg=0 hs=0 sample=0.001 negative=5 window=5 shrink_windows=True', 'datetime': '2026-03-05T11:22:08.955986', 'gensim': '4.4.0', 'python': '3.11.6 (tags/v3.11.6:8b6ee5b, Oct  2 2023, 14:57:12) [MSC v.1935 64 bit (AMD64)]', 'platform': 'Windows-10-10.0.26200-SP0', 'event': 'train'}
2026-03-05 11:22:08,981 - gensim.models.word2vec - INFO - EPOCH 0: training on 1000 raw words (83 effective words) took 0.0s, 22935 effective words/s
2026-03-05 11:22:09,007 - gensim.models.word2vec - INFO - EPOCH 1: training on 1000 raw words (92 effective words) took 0.0s, 224008 effective words/s
2026-03-05 11:22:09,032 - gensim.models.word2vec - INFO - EPOCH 2: training on 1000 raw words (82 effective words) took 0.0s, 26859 effective words/s
2026-03-05 11:22:09,062 - gensim.models.word2vec - INFO - EPOCH 3: training on 1000 raw words (96 effective words) took 0.0s, 30515 effective words/s
2026-03-05 11:22:09,091 - gensim.models.word2vec - INFO - EPOCH 4: training on 1000 raw words (96 effective words) took 0.0s, 31042 effective words/s
2026-03-05 11:22:09,117 - gensim.models.word2vec - INFO - EPOCH 5: training on 1000 raw words (95 effective words) took 0.0s, 223793 effective words/s
2026-03-05 11:22:09,143 - gensim.models.word2vec - INFO - EPOCH 6: training on 1000 raw words (93 effective words) took 0.0s, 122902 effective words/s
2026-03-05 11:22:09,170 - gensim.models.word2vec - INFO - EPOCH 7: training on 1000 raw words (79 effective words) took 0.0s, 24212 effective words/s
2026-03-05 11:22:09,196 - gensim.models.word2vec - INFO - EPOCH 8: training on 1000 raw words (102 effective words) took 0.0s, 30996 effective words/s
2026-03-05 11:22:09,220 - gensim.models.word2vec - INFO - EPOCH 9: training on 1000 raw words (99 effective words) took 0.0s, 42415 effective words/s
2026-03-05 11:22:09,247 - gensim.models.word2vec - INFO - EPOCH 10: training on 1000 raw words (89 effective words) took 0.0s, 214820 effective words/s
2026-03-05 11:22:09,276 - gensim.models.word2vec - INFO - EPOCH 11: training on 1000 raw words (99 effective words) took 0.0s, 27558 effective words/s
2026-03-05 11:22:09,297 - gensim.models.word2vec - INFO - EPOCH 12: training on 1000 raw words (88 effective words) took 0.0s, 39035 effective words/s
2026-03-05 11:22:09,326 - gensim.models.word2vec - INFO - EPOCH 13: training on 1000 raw words (100 effective words) took 0.0s, 27277 effective words/s
2026-03-05 11:22:09,353 - gensim.models.word2vec - INFO - EPOCH 14: training on 1000 raw words (89 effective words) took 0.0s, 34713 effective words/s
2026-03-05 11:22:09,381 - gensim.models.word2vec - INFO - EPOCH 15: training on 1000 raw words (104 effective words) took 0.0s, 31031 effective words/s
2026-03-05 11:22:09,403 - gensim.models.word2vec - INFO - EPOCH 16: training on 1000 raw words (105 effective words) took 0.0s, 271108 effective words/s
2026-03-05 11:22:09,432 - gensim.models.word2vec - INFO - EPOCH 17: training on 1000 raw words (84 effective words) took 0.0s, 253547 effective words/s
2026-03-05 11:22:09,459 - gensim.models.word2vec - INFO - EPOCH 18: training on 1000 raw words (85 effective words) took 0.0s, 107283 effective words/s
2026-03-05 11:22:09,481 - gensim.models.word2vec - INFO - EPOCH 19: training on 1000 raw words (90 effective words) took 0.0s, 220967 effective words/s
2026-03-05 11:22:09,481 - gensim.utils - INFO - Word2Vec lifecycle event {'msg': 'training on 20000 raw words (1850 effective words) took 0.5s, 3494 effective words/s', 'datetime': '2026-03-05T11:22:09.481457', 'gensim': '4.4.0', 'python': '3.11.6 (tags/v3.11.6:8b6ee5b, Oct  2 2023, 14:57:12) [MSC v.1935 64 bit (AMD64)]', 'platform': 'Windows-10-10.0.26200-SP0', 'event': 'train'}
2026-03-05 11:22:09,487 - gensim.utils - INFO - Word2Vec lifecycle event {'params': 'Word2Vec<vocab=8, vector_size=100, alpha=0.025>', 'datetime': '2026-03-05T11:22:09.487229', 'gensim': '4.4.0', 'python': '3.11.6 (tags/v3.11.6:8b6ee5b, Oct  2 2023, 14:57:12) [MSC v.1935 64 bit (AMD64)]', 'platform': 'Windows-10-10.0.26200-SP0', 'event': 'created'}
2026-03-05 11:22:09,487 - gensim.utils - INFO - Word2Vec lifecycle event {'fname_or_handle': 'models/word2vec\\w2v_cbow_sz100_win5_ep20.model', 'separately': 'None', 'sep_limit': 10485760, 'ignore': frozenset(), 'datetime': '2026-03-05T11:22:09.487229', 'gensim': '4.4.0', 'python': '3.11.6 (tags/v3.11.6:8b6ee5b, Oct  2 2023, 14:57:12) [MSC v.1935 64 bit (AMD64)]', 'platform': 'Windows-10-10.0.26200-SP0', 'event': 'saving'}
2026-03-05 11:22:09,487 - gensim.utils - INFO - not storing attribute cum_table
2026-03-05 11:22:09,490 - gensim.utils - INFO - saved models/word2vec\w2v_cbow_sz100_win5_ep20.model
2026-03-05 11:22:09,492 - NLP_Project - INFO - Training w2v_skipgram_sz100_win5_ep5...
2026-03-05 11:22:09,492 - gensim.models.word2vec - INFO - collecting all words and their counts
2026-03-05 11:22:09,492 - gensim.models.word2vec - INFO - PROGRESS: at sentence #0, processed 0 words, keeping 0 word types
2026-03-05 11:22:09,492 - gensim.models.word2vec - INFO - collected 8 word types from a corpus of 1000 raw words and 300 sentences
2026-03-05 11:22:09,492 - gensim.models.word2vec - INFO - Creating a fresh vocabulary
2026-03-05 11:22:09,495 - gensim.utils - INFO - Word2Vec lifecycle event {'msg': 'effective_min_count=5 retains 8 unique words (100.00% of original 8, drops 0)', 'datetime': '2026-03-05T11:22:09.495813', 'gensim': '4.4.0', 'python': '3.11.6 (tags/v3.11.6:8b6ee5b, Oct  2 2023, 14:57:12) [MSC v.1935 64 bit (AMD64)]', 'platform': 'Windows-10-10.0.26200-SP0', 'event': 'prepare_vocab'}
2026-03-05 11:22:09,496 - gensim.utils - INFO - Word2Vec lifecycle event {'msg': 'effective_min_count=5 leaves 1000 word corpus (100.00% of original 1000, drops 0)', 'datetime': '2026-03-05T11:22:09.496335', 'gensim': '4.4.0', 'python': '3.11.6 (tags/v3.11.6:8b6ee5b, Oct  2 2023, 14:57:12) [MSC v.1935 64 bit (AMD64)]', 'platform': 'Windows-10-10.0.26200-SP0', 'event': 'prepare_vocab'}
2026-03-05 11:22:09,497 - gensim.models.word2vec - INFO - deleting the raw counts dictionary of 8 items
2026-03-05 11:22:09,497 - gensim.models.word2vec - INFO - sample=0.001 downsamples 8 most-common words
2026-03-05 11:22:09,499 - gensim.utils - INFO - Word2Vec lifecycle event {'msg': 'downsampling leaves estimated 95.32050807568878 word corpus (9.5%% of prior 1000)', 'datetime': '2026-03-05T11:22:09.499154', 'gensim': '4.4.0', 'python': '3.11.6 (tags/v3.11.6:8b6ee5b, Oct  2 2023, 14:57:12) [MSC v.1935 64 bit (AMD64)]', 'platform': 'Windows-10-10.0.26200-SP0', 'event': 'prepare_vocab'}
2026-03-05 11:22:09,500 - gensim.models.word2vec - INFO - estimated required memory for 8 words and 100 dimensions: 10400 bytes
2026-03-05 11:22:09,500 - gensim.models.word2vec - INFO - resetting layer weights
2026-03-05 11:22:09,500 - gensim.utils - INFO - Word2Vec lifecycle event {'update': False, 'trim_rule': 'None', 'datetime': '2026-03-05T11:22:09.500552', 'gensim': '4.4.0', 'python': '3.11.6 (tags/v3.11.6:8b6ee5b, Oct  2 2023, 14:57:12) [MSC v.1935 64 bit (AMD64)]', 'platform': 'Windows-10-10.0.26200-SP0', 'event': 'build_vocab'}
2026-03-05 11:22:09,500 - gensim.utils - INFO - Word2Vec lifecycle event {'msg': 'training model with 16 workers on 8 vocabulary and 100 features, using sg=1 hs=0 sample=0.001 negative=5 window=5 shrink_windows=True', 'datetime': '2026-03-05T11:22:09.500552', 'gensim': '4.4.0', 'python': '3.11.6 (tags/v3.11.6:8b6ee5b, Oct  2 2023, 14:57:12) [MSC v.1935 64 bit (AMD64)]', 'platform': 'Windows-10-10.0.26200-SP0', 'event': 'train'}
2026-03-05 11:22:09,530 - gensim.models.word2vec - INFO - EPOCH 0: training on 1000 raw words (83 effective words) took 0.0s, 28450 effective words/s
2026-03-05 11:22:09,560 - gensim.models.word2vec - INFO - EPOCH 1: training on 1000 raw words (92 effective words) took 0.0s, 27204 effective words/s
2026-03-05 11:22:09,597 - gensim.models.word2vec - INFO - EPOCH 2: training on 1000 raw words (82 effective words) took 0.0s, 20568 effective words/s
2026-03-05 11:22:09,627 - gensim.models.word2vec - INFO - EPOCH 3: training on 1000 raw words (96 effective words) took 0.0s, 21997 effective words/s
2026-03-05 11:22:09,659 - gensim.models.word2vec - INFO - EPOCH 4: training on 1000 raw words (96 effective words) took 0.0s, 27034 effective words/s
2026-03-05 11:22:09,659 - gensim.utils - INFO - Word2Vec lifecycle event {'msg': 'training on 5000 raw words (449 effective words) took 0.2s, 2858 effective words/s', 'datetime': '2026-03-05T11:22:09.659239', 'gensim': '4.4.0', 'python': '3.11.6 (tags/v3.11.6:8b6ee5b, Oct  2 2023, 14:57:12) [MSC v.1935 64 bit (AMD64)]', 'platform': 'Windows-10-10.0.26200-SP0', 'event': 'train'}
2026-03-05 11:22:09,659 - gensim.utils - INFO - Word2Vec lifecycle event {'params': 'Word2Vec<vocab=8, vector_size=100, alpha=0.025>', 'datetime': '2026-03-05T11:22:09.659239', 'gensim': '4.4.0', 'python': '3.11.6 (tags/v3.11.6:8b6ee5b, Oct  2 2023, 14:57:12) [MSC v.1935 64 bit (AMD64)]', 'platform': 'Windows-10-10.0.26200-SP0', 'event': 'created'}
2026-03-05 11:22:09,659 - gensim.utils - INFO - Word2Vec lifecycle event {'fname_or_handle': 'models/word2vec\\w2v_skipgram_sz100_win5_ep5.model', 'separately': 'None', 'sep_limit': 10485760, 'ignore': frozenset(), 'datetime': '2026-03-05T11:22:09.659239', 'gensim': '4.4.0', 'python': '3.11.6 (tags/v3.11.6:8b6ee5b, Oct  2 2023, 14:57:12) [MSC v.1935 64 bit (AMD64)]', 'platform': 'Windows-10-10.0.26200-SP0', 'event': 'saving'}
2026-03-05 11:22:09,659 - gensim.utils - INFO - not storing attribute cum_table
2026-03-05 11:22:09,667 - gensim.utils - INFO - saved models/word2vec\w2v_skipgram_sz100_win5_ep5.model
2026-03-05 11:22:09,667 - NLP_Project - INFO - Training w2v_skipgram_sz100_win5_ep10...
2026-03-05 11:22:09,670 - gensim.models.word2vec - INFO - collecting all words and their counts
2026-03-05 11:22:09,670 - gensim.models.word2vec - INFO - PROGRESS: at sentence #0, processed 0 words, keeping 0 word types
2026-03-05 11:22:09,671 - gensim.models.word2vec - INFO - collected 8 word types from a corpus of 1000 raw words and 300 sentences
2026-03-05 11:22:09,671 - gensim.models.word2vec - INFO - Creating a fresh vocabulary
2026-03-05 11:22:09,672 - gensim.utils - INFO - Word2Vec lifecycle event {'msg': 'effective_min_count=5 retains 8 unique words (100.00% of original 8, drops 0)', 'datetime': '2026-03-05T11:22:09.672568', 'gensim': '4.4.0', 'python': '3.11.6 (tags/v3.11.6:8b6ee5b, Oct  2 2023, 14:57:12) [MSC v.1935 64 bit (AMD64)]', 'platform': 'Windows-10-10.0.26200-SP0', 'event': 'prepare_vocab'}
2026-03-05 11:22:09,672 - gensim.utils - INFO - Word2Vec lifecycle event {'msg': 'effective_min_count=5 leaves 1000 word corpus (100.00% of original 1000, drops 0)', 'datetime': '2026-03-05T11:22:09.672568', 'gensim': '4.4.0', 'python': '3.11.6 (tags/v3.11.6:8b6ee5b, Oct  2 2023, 14:57:12) [MSC v.1935 64 bit (AMD64)]', 'platform': 'Windows-10-10.0.26200-SP0', 'event': 'prepare_vocab'}
2026-03-05 11:22:09,672 - gensim.models.word2vec - INFO - deleting the raw counts dictionary of 8 items
2026-03-05 11:22:09,672 - gensim.models.word2vec - INFO - sample=0.001 downsamples 8 most-common words
2026-03-05 11:22:09,672 - gensim.utils - INFO - Word2Vec lifecycle event {'msg': 'downsampling leaves estimated 95.32050807568878 word corpus (9.5%% of prior 1000)', 'datetime': '2026-03-05T11:22:09.672568', 'gensim': '4.4.0', 'python': '3.11.6 (tags/v3.11.6:8b6ee5b, Oct  2 2023, 14:57:12) [MSC v.1935 64 bit (AMD64)]', 'platform': 'Windows-10-10.0.26200-SP0', 'event': 'prepare_vocab'}
2026-03-05 11:22:09,672 - gensim.models.word2vec - INFO - estimated required memory for 8 words and 100 dimensions: 10400 bytes
2026-03-05 11:22:09,675 - gensim.models.word2vec - INFO - resetting layer weights
2026-03-05 11:22:09,676 - gensim.utils - INFO - Word2Vec lifecycle event {'update': False, 'trim_rule': 'None', 'datetime': '2026-03-05T11:22:09.676399', 'gensim': '4.4.0', 'python': '3.11.6 (tags/v3.11.6:8b6ee5b, Oct  2 2023, 14:57:12) [MSC v.1935 64 bit (AMD64)]', 'platform': 'Windows-10-10.0.26200-SP0', 'event': 'build_vocab'}
2026-03-05 11:22:09,676 - gensim.utils - INFO - Word2Vec lifecycle event {'msg': 'training model with 16 workers on 8 vocabulary and 100 features, using sg=1 hs=0 sample=0.001 negative=5 window=5 shrink_windows=True', 'datetime': '2026-03-05T11:22:09.676399', 'gensim': '4.4.0', 'python': '3.11.6 (tags/v3.11.6:8b6ee5b, Oct  2 2023, 14:57:12) [MSC v.1935 64 bit (AMD64)]', 'platform': 'Windows-10-10.0.26200-SP0', 'event': 'train'}
2026-03-05 11:22:09,703 - gensim.models.word2vec - INFO - EPOCH 0: training on 1000 raw words (83 effective words) took 0.0s, 27938 effective words/s
2026-03-05 11:22:09,731 - gensim.models.word2vec - INFO - EPOCH 1: training on 1000 raw words (92 effective words) took 0.0s, 176991 effective words/s
2026-03-05 11:22:09,758 - gensim.models.word2vec - INFO - EPOCH 2: training on 1000 raw words (82 effective words) took 0.0s, 27242 effective words/s
2026-03-05 11:22:09,785 - gensim.models.word2vec - INFO - EPOCH 3: training on 1000 raw words (96 effective words) took 0.0s, 38385 effective words/s
2026-03-05 11:22:09,813 - gensim.models.word2vec - INFO - EPOCH 4: training on 1000 raw words (96 effective words) took 0.0s, 217293 effective words/s
2026-03-05 11:22:09,836 - gensim.models.word2vec - INFO - EPOCH 5: training on 1000 raw words (95 effective words) took 0.0s, 249475 effective words/s
2026-03-05 11:22:09,867 - gensim.models.word2vec - INFO - EPOCH 6: training on 1000 raw words (93 effective words) took 0.0s, 32042 effective words/s
2026-03-05 11:22:09,893 - gensim.models.word2vec - INFO - EPOCH 7: training on 1000 raw words (79 effective words) took 0.0s, 133109 effective words/s
2026-03-05 11:22:09,917 - gensim.models.word2vec - INFO - EPOCH 8: training on 1000 raw words (102 effective words) took 0.0s, 253794 effective words/s
2026-03-05 11:22:09,945 - gensim.models.word2vec - INFO - EPOCH 9: training on 1000 raw words (99 effective words) took 0.0s, 31260 effective words/s
2026-03-05 11:22:09,946 - gensim.utils - INFO - Word2Vec lifecycle event {'msg': 'training on 10000 raw words (917 effective words) took 0.3s, 3425 effective words/s', 'datetime': '2026-03-05T11:22:09.946158', 'gensim': '4.4.0', 'python': '3.11.6 (tags/v3.11.6:8b6ee5b, Oct  2 2023, 14:57:12) [MSC v.1935 64 bit (AMD64)]', 'platform': 'Windows-10-10.0.26200-SP0', 'event': 'train'}
2026-03-05 11:22:09,947 - gensim.utils - INFO - Word2Vec lifecycle event {'params': 'Word2Vec<vocab=8, vector_size=100, alpha=0.025>', 'datetime': '2026-03-05T11:22:09.947239', 'gensim': '4.4.0', 'python': '3.11.6 (tags/v3.11.6:8b6ee5b, Oct  2 2023, 14:57:12) [MSC v.1935 64 bit (AMD64)]', 'platform': 'Windows-10-10.0.26200-SP0', 'event': 'created'}
2026-03-05 11:22:09,947 - gensim.utils - INFO - Word2Vec lifecycle event {'fname_or_handle': 'models/word2vec\\w2v_skipgram_sz100_win5_ep10.model', 'separately': 'None', 'sep_limit': 10485760, 'ignore': frozenset(), 'datetime': '2026-03-05T11:22:09.947239', 'gensim': '4.4.0', 'python': '3.11.6 (tags/v3.11.6:8b6ee5b, Oct  2 2023, 14:57:12) [MSC v.1935 64 bit (AMD64)]', 'platform': 'Windows-10-10.0.26200-SP0', 'event': 'saving'}
2026-03-05 11:22:09,947 - gensim.utils - INFO - not storing attribute cum_table
2026-03-05 11:22:09,950 - gensim.utils - INFO - saved models/word2vec\w2v_skipgram_sz100_win5_ep10.model
2026-03-05 11:22:09,950 - NLP_Project - INFO - Training w2v_skipgram_sz100_win5_ep20...
2026-03-05 11:22:09,953 - gensim.models.word2vec - INFO - collecting all words and their counts
2026-03-05 11:22:09,953 - gensim.models.word2vec - INFO - PROGRESS: at sentence #0, processed 0 words, keeping 0 word types
2026-03-05 11:22:09,953 - gensim.models.word2vec - INFO - collected 8 word types from a corpus of 1000 raw words and 300 sentences
2026-03-05 11:22:09,955 - gensim.models.word2vec - INFO - Creating a fresh vocabulary
2026-03-05 11:22:09,956 - gensim.utils - INFO - Word2Vec lifecycle event {'msg': 'effective_min_count=5 retains 8 unique words (100.00% of original 8, drops 0)', 'datetime': '2026-03-05T11:22:09.956299', 'gensim': '4.4.0', 'python': '3.11.6 (tags/v3.11.6:8b6ee5b, Oct  2 2023, 14:57:12) [MSC v.1935 64 bit (AMD64)]', 'platform': 'Windows-10-10.0.26200-SP0', 'event': 'prepare_vocab'}
2026-03-05 11:22:09,956 - gensim.utils - INFO - Word2Vec lifecycle event {'msg': 'effective_min_count=5 leaves 1000 word corpus (100.00% of original 1000, drops 0)', 'datetime': '2026-03-05T11:22:09.956873', 'gensim': '4.4.0', 'python': '3.11.6 (tags/v3.11.6:8b6ee5b, Oct  2 2023, 14:57:12) [MSC v.1935 64 bit (AMD64)]', 'platform': 'Windows-10-10.0.26200-SP0', 'event': 'prepare_vocab'}
2026-03-05 11:22:09,956 - gensim.models.word2vec - INFO - deleting the raw counts dictionary of 8 items
2026-03-05 11:22:09,956 - gensim.models.word2vec - INFO - sample=0.001 downsamples 8 most-common words
2026-03-05 11:22:09,956 - gensim.utils - INFO - Word2Vec lifecycle event {'msg': 'downsampling leaves estimated 95.32050807568878 word corpus (9.5%% of prior 1000)', 'datetime': '2026-03-05T11:22:09.956873', 'gensim': '4.4.0', 'python': '3.11.6 (tags/v3.11.6:8b6ee5b, Oct  2 2023, 14:57:12) [MSC v.1935 64 bit (AMD64)]', 'platform': 'Windows-10-10.0.26200-SP0', 'event': 'prepare_vocab'}
2026-03-05 11:22:09,959 - gensim.models.word2vec - INFO - estimated required memory for 8 words and 100 dimensions: 10400 bytes
2026-03-05 11:22:09,959 - gensim.models.word2vec - INFO - resetting layer weights
2026-03-05 11:22:09,959 - gensim.utils - INFO - Word2Vec lifecycle event {'update': False, 'trim_rule': 'None', 'datetime': '2026-03-05T11:22:09.959821', 'gensim': '4.4.0', 'python': '3.11.6 (tags/v3.11.6:8b6ee5b, Oct  2 2023, 14:57:12) [MSC v.1935 64 bit (AMD64)]', 'platform': 'Windows-10-10.0.26200-SP0', 'event': 'build_vocab'}
2026-03-05 11:22:09,959 - gensim.utils - INFO - Word2Vec lifecycle event {'msg': 'training model with 16 workers on 8 vocabulary and 100 features, using sg=1 hs=0 sample=0.001 negative=5 window=5 shrink_windows=True', 'datetime': '2026-03-05T11:22:09.959821', 'gensim': '4.4.0', 'python': '3.11.6 (tags/v3.11.6:8b6ee5b, Oct  2 2023, 14:57:12) [MSC v.1935 64 bit (AMD64)]', 'platform': 'Windows-10-10.0.26200-SP0', 'event': 'train'}
2026-03-05 11:22:09,983 - gensim.models.word2vec - INFO - EPOCH 0: training on 1000 raw words (83 effective words) took 0.0s, 31858 effective words/s
2026-03-05 11:22:10,010 - gensim.models.word2vec - INFO - EPOCH 1: training on 1000 raw words (92 effective words) took 0.0s, 206324 effective words/s
2026-03-05 11:22:10,051 - gensim.models.word2vec - INFO - EPOCH 2: training on 1000 raw words (82 effective words) took 0.0s, 28732 effective words/s
2026-03-05 11:22:10,085 - gensim.models.word2vec - INFO - EPOCH 3: training on 1000 raw words (96 effective words) took 0.0s, 22394 effective words/s
2026-03-05 11:22:10,117 - gensim.models.word2vec - INFO - EPOCH 4: training on 1000 raw words (96 effective words) took 0.0s, 35343 effective words/s
2026-03-05 11:22:10,143 - gensim.models.word2vec - INFO - EPOCH 5: training on 1000 raw words (95 effective words) took 0.0s, 182798 effective words/s
2026-03-05 11:22:10,170 - gensim.models.word2vec - INFO - EPOCH 6: training on 1000 raw words (93 effective words) took 0.0s, 253130 effective words/s
2026-03-05 11:22:10,199 - gensim.models.word2vec - INFO - EPOCH 7: training on 1000 raw words (79 effective words) took 0.0s, 163122 effective words/s
2026-03-05 11:22:10,223 - gensim.models.word2vec - INFO - EPOCH 8: training on 1000 raw words (102 effective words) took 0.0s, 39082 effective words/s
2026-03-05 11:22:10,246 - gensim.models.word2vec - INFO - EPOCH 9: training on 1000 raw words (99 effective words) took 0.0s, 214797 effective words/s
2026-03-05 11:22:10,275 - gensim.models.word2vec - INFO - EPOCH 10: training on 1000 raw words (89 effective words) took 0.0s, 24674 effective words/s
2026-03-05 11:22:10,300 - gensim.models.word2vec - INFO - EPOCH 11: training on 1000 raw words (99 effective words) took 0.0s, 247006 effective words/s
2026-03-05 11:22:10,326 - gensim.models.word2vec - INFO - EPOCH 12: training on 1000 raw words (88 effective words) took 0.0s, 23850 effective words/s
2026-03-05 11:22:10,352 - gensim.models.word2vec - INFO - EPOCH 13: training on 1000 raw words (100 effective words) took 0.0s, 42203 effective words/s
2026-03-05 11:22:10,381 - gensim.models.word2vec - INFO - EPOCH 14: training on 1000 raw words (89 effective words) took 0.0s, 23293 effective words/s
2026-03-05 11:22:10,407 - gensim.models.word2vec - INFO - EPOCH 15: training on 1000 raw words (104 effective words) took 0.0s, 167445 effective words/s
2026-03-05 11:22:10,431 - gensim.models.word2vec - INFO - EPOCH 16: training on 1000 raw words (105 effective words) took 0.0s, 31345 effective words/s
2026-03-05 11:22:10,459 - gensim.models.word2vec - INFO - EPOCH 17: training on 1000 raw words (84 effective words) took 0.0s, 23545 effective words/s
2026-03-05 11:22:10,484 - gensim.models.word2vec - INFO - EPOCH 18: training on 1000 raw words (85 effective words) took 0.0s, 31457 effective words/s
2026-03-05 11:22:10,508 - gensim.models.word2vec - INFO - EPOCH 19: training on 1000 raw words (90 effective words) took 0.0s, 36303 effective words/s
2026-03-05 11:22:10,509 - gensim.utils - INFO - Word2Vec lifecycle event {'msg': 'training on 20000 raw words (1850 effective words) took 0.5s, 3381 effective words/s', 'datetime': '2026-03-05T11:22:10.509486', 'gensim': '4.4.0', 'python': '3.11.6 (tags/v3.11.6:8b6ee5b, Oct  2 2023, 14:57:12) [MSC v.1935 64 bit (AMD64)]', 'platform': 'Windows-10-10.0.26200-SP0', 'event': 'train'}
2026-03-05 11:22:10,509 - gensim.utils - INFO - Word2Vec lifecycle event {'params': 'Word2Vec<vocab=8, vector_size=100, alpha=0.025>', 'datetime': '2026-03-05T11:22:10.509486', 'gensim': '4.4.0', 'python': '3.11.6 (tags/v3.11.6:8b6ee5b, Oct  2 2023, 14:57:12) [MSC v.1935 64 bit (AMD64)]', 'platform': 'Windows-10-10.0.26200-SP0', 'event': 'created'}
2026-03-05 11:22:10,509 - gensim.utils - INFO - Word2Vec lifecycle event {'fname_or_handle': 'models/word2vec\\w2v_skipgram_sz100_win5_ep20.model', 'separately': 'None', 'sep_limit': 10485760, 'ignore': frozenset(), 'datetime': '2026-03-05T11:22:10.509486', 'gensim': '4.4.0', 'python': '3.11.6 (tags/v3.11.6:8b6ee5b, Oct  2 2023, 14:57:12) [MSC v.1935 64 bit (AMD64)]', 'platform': 'Windows-10-10.0.26200-SP0', 'event': 'saving'}
2026-03-05 11:22:10,509 - gensim.utils - INFO - not storing attribute cum_table
2026-03-05 11:22:10,517 - gensim.utils - INFO - saved models/word2vec\w2v_skipgram_sz100_win5_ep20.model
2026-03-05 11:22:10,517 - NLP_Project - INFO - Training w2v_cbow_sz100_win10_ep5...
2026-03-05 11:22:10,517 - gensim.models.word2vec - INFO - collecting all words and their counts
2026-03-05 11:22:10,517 - gensim.models.word2vec - INFO - PROGRESS: at sentence #0, processed 0 words, keeping 0 word types
2026-03-05 11:22:10,520 - gensim.models.word2vec - INFO - collected 8 word types from a corpus of 1000 raw words and 300 sentences
2026-03-05 11:22:10,520 - gensim.models.word2vec - INFO - Creating a fresh vocabulary
2026-03-05 11:22:10,520 - gensim.utils - INFO - Word2Vec lifecycle event {'msg': 'effective_min_count=5 retains 8 unique words (100.00% of original 8, drops 0)', 'datetime': '2026-03-05T11:22:10.520797', 'gensim': '4.4.0', 'python': '3.11.6 (tags/v3.11.6:8b6ee5b, Oct  2 2023, 14:57:12) [MSC v.1935 64 bit (AMD64)]', 'platform': 'Windows-10-10.0.26200-SP0', 'event': 'prepare_vocab'}
2026-03-05 11:22:10,520 - gensim.utils - INFO - Word2Vec lifecycle event {'msg': 'effective_min_count=5 leaves 1000 word corpus (100.00% of original 1000, drops 0)', 'datetime': '2026-03-05T11:22:10.520797', 'gensim': '4.4.0', 'python': '3.11.6 (tags/v3.11.6:8b6ee5b, Oct  2 2023, 14:57:12) [MSC v.1935 64 bit (AMD64)]', 'platform': 'Windows-10-10.0.26200-SP0', 'event': 'prepare_vocab'}
2026-03-05 11:22:10,520 - gensim.models.word2vec - INFO - deleting the raw counts dictionary of 8 items
2026-03-05 11:22:10,522 - gensim.models.word2vec - INFO - sample=0.001 downsamples 8 most-common words
2026-03-05 11:22:10,522 - gensim.utils - INFO - Word2Vec lifecycle event {'msg': 'downsampling leaves estimated 95.32050807568878 word corpus (9.5%% of prior 1000)', 'datetime': '2026-03-05T11:22:10.522313', 'gensim': '4.4.0', 'python': '3.11.6 (tags/v3.11.6:8b6ee5b, Oct  2 2023, 14:57:12) [MSC v.1935 64 bit (AMD64)]', 'platform': 'Windows-10-10.0.26200-SP0', 'event': 'prepare_vocab'}
2026-03-05 11:22:10,522 - gensim.models.word2vec - INFO - estimated required memory for 8 words and 100 dimensions: 10400 bytes
2026-03-05 11:22:10,522 - gensim.models.word2vec - INFO - resetting layer weights
2026-03-05 11:22:10,522 - gensim.utils - INFO - Word2Vec lifecycle event {'update': False, 'trim_rule': 'None', 'datetime': '2026-03-05T11:22:10.522313', 'gensim': '4.4.0', 'python': '3.11.6 (tags/v3.11.6:8b6ee5b, Oct  2 2023, 14:57:12) [MSC v.1935 64 bit (AMD64)]', 'platform': 'Windows-10-10.0.26200-SP0', 'event': 'build_vocab'}
2026-03-05 11:22:10,524 - gensim.utils - INFO - Word2Vec lifecycle event {'msg': 'training model with 16 workers on 8 vocabulary and 100 features, using sg=0 hs=0 sample=0.001 negative=5 window=10 shrink_windows=True', 'datetime': '2026-03-05T11:22:10.524674', 'gensim': '4.4.0', 'python': '3.11.6 (tags/v3.11.6:8b6ee5b, Oct  2 2023, 14:57:12) [MSC v.1935 64 bit (AMD64)]', 'platform': 'Windows-10-10.0.26200-SP0', 'event': 'train'}
2026-03-05 11:22:10,547 - gensim.models.word2vec - INFO - EPOCH 0: training on 1000 raw words (83 effective words) took 0.0s, 127712 effective words/s
2026-03-05 11:22:10,572 - gensim.models.word2vec - INFO - EPOCH 1: training on 1000 raw words (99 effective words) took 0.0s, 36787 effective words/s
2026-03-05 11:22:10,597 - gensim.models.word2vec - INFO - EPOCH 2: training on 1000 raw words (111 effective words) took 0.0s, 39485 effective words/s
2026-03-05 11:22:10,626 - gensim.models.word2vec - INFO - EPOCH 3: training on 1000 raw words (99 effective words) took 0.0s, 28013 effective words/s
2026-03-05 11:22:10,647 - gensim.models.word2vec - INFO - EPOCH 4: training on 1000 raw words (103 effective words) took 0.0s, 41344 effective words/s
2026-03-05 11:22:10,653 - gensim.utils - INFO - Word2Vec lifecycle event {'msg': 'training on 5000 raw words (495 effective words) took 0.1s, 3877 effective words/s', 'datetime': '2026-03-05T11:22:10.653527', 'gensim': '4.4.0', 'python': '3.11.6 (tags/v3.11.6:8b6ee5b, Oct  2 2023, 14:57:12) [MSC v.1935 64 bit (AMD64)]', 'platform': 'Windows-10-10.0.26200-SP0', 'event': 'train'}
2026-03-05 11:22:10,653 - gensim.utils - INFO - Word2Vec lifecycle event {'params': 'Word2Vec<vocab=8, vector_size=100, alpha=0.025>', 'datetime': '2026-03-05T11:22:10.653882', 'gensim': '4.4.0', 'python': '3.11.6 (tags/v3.11.6:8b6ee5b, Oct  2 2023, 14:57:12) [MSC v.1935 64 bit (AMD64)]', 'platform': 'Windows-10-10.0.26200-SP0', 'event': 'created'}
2026-03-05 11:22:10,653 - gensim.utils - INFO - Word2Vec lifecycle event {'fname_or_handle': 'models/word2vec\\w2v_cbow_sz100_win10_ep5.model', 'separately': 'None', 'sep_limit': 10485760, 'ignore': frozenset(), 'datetime': '2026-03-05T11:22:10.653882', 'gensim': '4.4.0', 'python': '3.11.6 (tags/v3.11.6:8b6ee5b, Oct  2 2023, 14:57:12) [MSC v.1935 64 bit (AMD64)]', 'platform': 'Windows-10-10.0.26200-SP0', 'event': 'saving'}
2026-03-05 11:22:10,653 - gensim.utils - INFO - not storing attribute cum_table
2026-03-05 11:22:10,657 - gensim.utils - INFO - saved models/word2vec\w2v_cbow_sz100_win10_ep5.model
2026-03-05 11:22:10,659 - NLP_Project - INFO - Training w2v_cbow_sz100_win10_ep10...
2026-03-05 11:22:10,659 - gensim.models.word2vec - INFO - collecting all words and their counts
2026-03-05 11:22:10,659 - gensim.models.word2vec - INFO - PROGRESS: at sentence #0, processed 0 words, keeping 0 word types
2026-03-05 11:22:10,659 - gensim.models.word2vec - INFO - collected 8 word types from a corpus of 1000 raw words and 300 sentences
2026-03-05 11:22:10,659 - gensim.models.word2vec - INFO - Creating a fresh vocabulary
2026-03-05 11:22:10,659 - gensim.utils - INFO - Word2Vec lifecycle event {'msg': 'effective_min_count=5 retains 8 unique words (100.00% of original 8, drops 0)', 'datetime': '2026-03-05T11:22:10.659966', 'gensim': '4.4.0', 'python': '3.11.6 (tags/v3.11.6:8b6ee5b, Oct  2 2023, 14:57:12) [MSC v.1935 64 bit (AMD64)]', 'platform': 'Windows-10-10.0.26200-SP0', 'event': 'prepare_vocab'}
2026-03-05 11:22:10,659 - gensim.utils - INFO - Word2Vec lifecycle event {'msg': 'effective_min_count=5 leaves 1000 word corpus (100.00% of original 1000, drops 0)', 'datetime': '2026-03-05T11:22:10.659966', 'gensim': '4.4.0', 'python': '3.11.6 (tags/v3.11.6:8b6ee5b, Oct  2 2023, 14:57:12) [MSC v.1935 64 bit (AMD64)]', 'platform': 'Windows-10-10.0.26200-SP0', 'event': 'prepare_vocab'}
2026-03-05 11:22:10,663 - gensim.models.word2vec - INFO - deleting the raw counts dictionary of 8 items
2026-03-05 11:22:10,664 - gensim.models.word2vec - INFO - sample=0.001 downsamples 8 most-common words
2026-03-05 11:22:10,664 - gensim.utils - INFO - Word2Vec lifecycle event {'msg': 'downsampling leaves estimated 95.32050807568878 word corpus (9.5%% of prior 1000)', 'datetime': '2026-03-05T11:22:10.664619', 'gensim': '4.4.0', 'python': '3.11.6 (tags/v3.11.6:8b6ee5b, Oct  2 2023, 14:57:12) [MSC v.1935 64 bit (AMD64)]', 'platform': 'Windows-10-10.0.26200-SP0', 'event': 'prepare_vocab'}
2026-03-05 11:22:10,665 - gensim.models.word2vec - INFO - estimated required memory for 8 words and 100 dimensions: 10400 bytes
2026-03-05 11:22:10,665 - gensim.models.word2vec - INFO - resetting layer weights
2026-03-05 11:22:10,665 - gensim.utils - INFO - Word2Vec lifecycle event {'update': False, 'trim_rule': 'None', 'datetime': '2026-03-05T11:22:10.665668', 'gensim': '4.4.0', 'python': '3.11.6 (tags/v3.11.6:8b6ee5b, Oct  2 2023, 14:57:12) [MSC v.1935 64 bit (AMD64)]', 'platform': 'Windows-10-10.0.26200-SP0', 'event': 'build_vocab'}
2026-03-05 11:22:10,667 - gensim.utils - INFO - Word2Vec lifecycle event {'msg': 'training model with 16 workers on 8 vocabulary and 100 features, using sg=0 hs=0 sample=0.001 negative=5 window=10 shrink_windows=True', 'datetime': '2026-03-05T11:22:10.667329', 'gensim': '4.4.0', 'python': '3.11.6 (tags/v3.11.6:8b6ee5b, Oct  2 2023, 14:57:12) [MSC v.1935 64 bit (AMD64)]', 'platform': 'Windows-10-10.0.26200-SP0', 'event': 'train'}
2026-03-05 11:22:10,687 - gensim.models.word2vec - INFO - EPOCH 0: training on 1000 raw words (83 effective words) took 0.0s, 31707 effective words/s
2026-03-05 11:22:10,713 - gensim.models.word2vec - INFO - EPOCH 1: training on 1000 raw words (99 effective words) took 0.0s, 374858 effective words/s
2026-03-05 11:22:10,743 - gensim.models.word2vec - INFO - EPOCH 2: training on 1000 raw words (111 effective words) took 0.0s, 29392 effective words/s
2026-03-05 11:22:10,770 - gensim.models.word2vec - INFO - EPOCH 3: training on 1000 raw words (99 effective words) took 0.0s, 267351 effective words/s
2026-03-05 11:22:10,796 - gensim.models.word2vec - INFO - EPOCH 4: training on 1000 raw words (103 effective words) took 0.0s, 35104 effective words/s
2026-03-05 11:22:10,824 - gensim.models.word2vec - INFO - EPOCH 5: training on 1000 raw words (98 effective words) took 0.0s, 224565 effective words/s
2026-03-05 11:22:10,860 - gensim.models.word2vec - INFO - EPOCH 6: training on 1000 raw words (94 effective words) took 0.0s, 21666 effective words/s
2026-03-05 11:22:10,892 - gensim.models.word2vec - INFO - EPOCH 7: training on 1000 raw words (99 effective words) took 0.0s, 227743 effective words/s
2026-03-05 11:22:10,924 - gensim.models.word2vec - INFO - EPOCH 8: training on 1000 raw words (97 effective words) took 0.0s, 131579 effective words/s
2026-03-05 11:22:10,947 - gensim.models.word2vec - INFO - EPOCH 9: training on 1000 raw words (89 effective words) took 0.0s, 35484 effective words/s
2026-03-05 11:22:10,953 - gensim.utils - INFO - Word2Vec lifecycle event {'msg': 'training on 10000 raw words (972 effective words) took 0.3s, 3403 effective words/s', 'datetime': '2026-03-05T11:22:10.953647', 'gensim': '4.4.0', 'python': '3.11.6 (tags/v3.11.6:8b6ee5b, Oct  2 2023, 14:57:12) [MSC v.1935 64 bit (AMD64)]', 'platform': 'Windows-10-10.0.26200-SP0', 'event': 'train'}
2026-03-05 11:22:10,953 - gensim.utils - INFO - Word2Vec lifecycle event {'params': 'Word2Vec<vocab=8, vector_size=100, alpha=0.025>', 'datetime': '2026-03-05T11:22:10.953647', 'gensim': '4.4.0', 'python': '3.11.6 (tags/v3.11.6:8b6ee5b, Oct  2 2023, 14:57:12) [MSC v.1935 64 bit (AMD64)]', 'platform': 'Windows-10-10.0.26200-SP0', 'event': 'created'}
2026-03-05 11:22:10,953 - gensim.utils - INFO - Word2Vec lifecycle event {'fname_or_handle': 'models/word2vec\\w2v_cbow_sz100_win10_ep10.model', 'separately': 'None', 'sep_limit': 10485760, 'ignore': frozenset(), 'datetime': '2026-03-05T11:22:10.953647', 'gensim': '4.4.0', 'python': '3.11.6 (tags/v3.11.6:8b6ee5b, Oct  2 2023, 14:57:12) [MSC v.1935 64 bit (AMD64)]', 'platform': 'Windows-10-10.0.26200-SP0', 'event': 'saving'}
2026-03-05 11:22:10,953 - gensim.utils - INFO - not storing attribute cum_table
2026-03-05 11:22:10,958 - gensim.utils - INFO - saved models/word2vec\w2v_cbow_sz100_win10_ep10.model
2026-03-05 11:22:10,958 - NLP_Project - INFO - Training w2v_cbow_sz100_win10_ep20...
2026-03-05 11:22:10,963 - gensim.models.word2vec - INFO - collecting all words and their counts
2026-03-05 11:22:10,963 - gensim.models.word2vec - INFO - PROGRESS: at sentence #0, processed 0 words, keeping 0 word types
2026-03-05 11:22:10,963 - gensim.models.word2vec - INFO - collected 8 word types from a corpus of 1000 raw words and 300 sentences
2026-03-05 11:22:10,963 - gensim.models.word2vec - INFO - Creating a fresh vocabulary
2026-03-05 11:22:10,963 - gensim.utils - INFO - Word2Vec lifecycle event {'msg': 'effective_min_count=5 retains 8 unique words (100.00% of original 8, drops 0)', 'datetime': '2026-03-05T11:22:10.963964', 'gensim': '4.4.0', 'python': '3.11.6 (tags/v3.11.6:8b6ee5b, Oct  2 2023, 14:57:12) [MSC v.1935 64 bit (AMD64)]', 'platform': 'Windows-10-10.0.26200-SP0', 'event': 'prepare_vocab'}
2026-03-05 11:22:10,967 - gensim.utils - INFO - Word2Vec lifecycle event {'msg': 'effective_min_count=5 leaves 1000 word corpus (100.00% of original 1000, drops 0)', 'datetime': '2026-03-05T11:22:10.967456', 'gensim': '4.4.0', 'python': '3.11.6 (tags/v3.11.6:8b6ee5b, Oct  2 2023, 14:57:12) [MSC v.1935 64 bit (AMD64)]', 'platform': 'Windows-10-10.0.26200-SP0', 'event': 'prepare_vocab'}
2026-03-05 11:22:10,968 - gensim.models.word2vec - INFO - deleting the raw counts dictionary of 8 items
2026-03-05 11:22:10,968 - gensim.models.word2vec - INFO - sample=0.001 downsamples 8 most-common words
2026-03-05 11:22:10,968 - gensim.utils - INFO - Word2Vec lifecycle event {'msg': 'downsampling leaves estimated 95.32050807568878 word corpus (9.5%% of prior 1000)', 'datetime': '2026-03-05T11:22:10.968987', 'gensim': '4.4.0', 'python': '3.11.6 (tags/v3.11.6:8b6ee5b, Oct  2 2023, 14:57:12) [MSC v.1935 64 bit (AMD64)]', 'platform': 'Windows-10-10.0.26200-SP0', 'event': 'prepare_vocab'}
2026-03-05 11:22:10,970 - gensim.models.word2vec - INFO - estimated required memory for 8 words and 100 dimensions: 10400 bytes
2026-03-05 11:22:10,970 - gensim.models.word2vec - INFO - resetting layer weights
2026-03-05 11:22:10,970 - gensim.utils - INFO - Word2Vec lifecycle event {'update': False, 'trim_rule': 'None', 'datetime': '2026-03-05T11:22:10.970081', 'gensim': '4.4.0', 'python': '3.11.6 (tags/v3.11.6:8b6ee5b, Oct  2 2023, 14:57:12) [MSC v.1935 64 bit (AMD64)]', 'platform': 'Windows-10-10.0.26200-SP0', 'event': 'build_vocab'}
2026-03-05 11:22:10,970 - gensim.utils - INFO - Word2Vec lifecycle event {'msg': 'training model with 16 workers on 8 vocabulary and 100 features, using sg=0 hs=0 sample=0.001 negative=5 window=10 shrink_windows=True', 'datetime': '2026-03-05T11:22:10.970081', 'gensim': '4.4.0', 'python': '3.11.6 (tags/v3.11.6:8b6ee5b, Oct  2 2023, 14:57:12) [MSC v.1935 64 bit (AMD64)]', 'platform': 'Windows-10-10.0.26200-SP0', 'event': 'train'}
2026-03-05 11:22:10,993 - gensim.models.word2vec - INFO - EPOCH 0: training on 1000 raw words (83 effective words) took 0.0s, 23892 effective words/s
2026-03-05 11:22:11,022 - gensim.models.word2vec - INFO - EPOCH 1: training on 1000 raw words (99 effective words) took 0.0s, 37463 effective words/s
2026-03-05 11:22:11,050 - gensim.models.word2vec - INFO - EPOCH 2: training on 1000 raw words (111 effective words) took 0.0s, 42940 effective words/s
2026-03-05 11:22:11,081 - gensim.models.word2vec - INFO - EPOCH 3: training on 1000 raw words (99 effective words) took 0.0s, 20262 effective words/s
2026-03-05 11:22:11,109 - gensim.models.word2vec - INFO - EPOCH 4: training on 1000 raw words (103 effective words) took 0.0s, 190283 effective words/s
2026-03-05 11:22:11,137 - gensim.models.word2vec - INFO - EPOCH 5: training on 1000 raw words (98 effective words) took 0.0s, 39293 effective words/s
2026-03-05 11:22:11,166 - gensim.models.word2vec - INFO - EPOCH 6: training on 1000 raw words (94 effective words) took 0.0s, 225366 effective words/s
2026-03-05 11:22:11,195 - gensim.models.word2vec - INFO - EPOCH 7: training on 1000 raw words (99 effective words) took 0.0s, 22941 effective words/s
2026-03-05 11:22:11,220 - gensim.models.word2vec - INFO - EPOCH 8: training on 1000 raw words (97 effective words) took 0.0s, 38375 effective words/s
2026-03-05 11:22:11,248 - gensim.models.word2vec - INFO - EPOCH 9: training on 1000 raw words (89 effective words) took 0.0s, 149933 effective words/s
2026-03-05 11:22:11,281 - gensim.models.word2vec - INFO - EPOCH 10: training on 1000 raw words (90 effective words) took 0.0s, 118157 effective words/s
2026-03-05 11:22:11,320 - gensim.models.word2vec - INFO - EPOCH 11: training on 1000 raw words (96 effective words) took 0.0s, 31187 effective words/s
2026-03-05 11:22:11,353 - gensim.models.word2vec - INFO - EPOCH 12: training on 1000 raw words (102 effective words) took 0.0s, 31466 effective words/s
2026-03-05 11:22:11,386 - gensim.models.word2vec - INFO - EPOCH 13: training on 1000 raw words (116 effective words) took 0.0s, 40342 effective words/s
2026-03-05 11:22:11,417 - gensim.models.word2vec - INFO - EPOCH 14: training on 1000 raw words (78 effective words) took 0.0s, 27089 effective words/s
2026-03-05 11:22:11,443 - gensim.models.word2vec - INFO - EPOCH 15: training on 1000 raw words (93 effective words) took 0.0s, 163015 effective words/s
2026-03-05 11:22:11,468 - gensim.models.word2vec - INFO - EPOCH 16: training on 1000 raw words (85 effective words) took 0.0s, 33384 effective words/s
2026-03-05 11:22:11,495 - gensim.models.word2vec - INFO - EPOCH 17: training on 1000 raw words (92 effective words) took 0.0s, 33946 effective words/s
2026-03-05 11:22:11,525 - gensim.models.word2vec - INFO - EPOCH 18: training on 1000 raw words (107 effective words) took 0.0s, 39606 effective words/s
2026-03-05 11:22:11,547 - gensim.models.word2vec - INFO - EPOCH 19: training on 1000 raw words (116 effective words) took 0.0s, 462520 effective words/s
2026-03-05 11:22:11,547 - gensim.utils - INFO - Word2Vec lifecycle event {'msg': 'training on 20000 raw words (1947 effective words) took 0.6s, 3365 effective words/s', 'datetime': '2026-03-05T11:22:11.547017', 'gensim': '4.4.0', 'python': '3.11.6 (tags/v3.11.6:8b6ee5b, Oct  2 2023, 14:57:12) [MSC v.1935 64 bit (AMD64)]', 'platform': 'Windows-10-10.0.26200-SP0', 'event': 'train'}
2026-03-05 11:22:11,547 - gensim.utils - INFO - Word2Vec lifecycle event {'params': 'Word2Vec<vocab=8, vector_size=100, alpha=0.025>', 'datetime': '2026-03-05T11:22:11.547017', 'gensim': '4.4.0', 'python': '3.11.6 (tags/v3.11.6:8b6ee5b, Oct  2 2023, 14:57:12) [MSC v.1935 64 bit (AMD64)]', 'platform': 'Windows-10-10.0.26200-SP0', 'event': 'created'}
2026-03-05 11:22:11,547 - gensim.utils - INFO - Word2Vec lifecycle event {'fname_or_handle': 'models/word2vec\\w2v_cbow_sz100_win10_ep20.model', 'separately': 'None', 'sep_limit': 10485760, 'ignore': frozenset(), 'datetime': '2026-03-05T11:22:11.547017', 'gensim': '4.4.0', 'python': '3.11.6 (tags/v3.11.6:8b6ee5b, Oct  2 2023, 14:57:12) [MSC v.1935 64 bit (AMD64)]', 'platform': 'Windows-10-10.0.26200-SP0', 'event': 'saving'}
2026-03-05 11:22:11,553 - gensim.utils - INFO - not storing attribute cum_table
2026-03-05 11:22:11,554 - gensim.utils - INFO - saved models/word2vec\w2v_cbow_sz100_win10_ep20.model
2026-03-05 11:22:11,554 - NLP_Project - INFO - Training w2v_skipgram_sz100_win10_ep5...
2026-03-05 11:22:11,557 - gensim.models.word2vec - INFO - collecting all words and their counts
2026-03-05 11:22:11,557 - gensim.models.word2vec - INFO - PROGRESS: at sentence #0, processed 0 words, keeping 0 word types
2026-03-05 11:22:11,558 - gensim.models.word2vec - INFO - collected 8 word types from a corpus of 1000 raw words and 300 sentences
2026-03-05 11:22:11,558 - gensim.models.word2vec - INFO - Creating a fresh vocabulary
2026-03-05 11:22:11,558 - gensim.utils - INFO - Word2Vec lifecycle event {'msg': 'effective_min_count=5 retains 8 unique words (100.00% of original 8, drops 0)', 'datetime': '2026-03-05T11:22:11.558538', 'gensim': '4.4.0', 'python': '3.11.6 (tags/v3.11.6:8b6ee5b, Oct  2 2023, 14:57:12) [MSC v.1935 64 bit (AMD64)]', 'platform': 'Windows-10-10.0.26200-SP0', 'event': 'prepare_vocab'}
2026-03-05 11:22:11,558 - gensim.utils - INFO - Word2Vec lifecycle event {'msg': 'effective_min_count=5 leaves 1000 word corpus (100.00% of original 1000, drops 0)', 'datetime': '2026-03-05T11:22:11.558538', 'gensim': '4.4.0', 'python': '3.11.6 (tags/v3.11.6:8b6ee5b, Oct  2 2023, 14:57:12) [MSC v.1935 64 bit (AMD64)]', 'platform': 'Windows-10-10.0.26200-SP0', 'event': 'prepare_vocab'}
2026-03-05 11:22:11,558 - gensim.models.word2vec - INFO - deleting the raw counts dictionary of 8 items
2026-03-05 11:22:11,558 - gensim.models.word2vec - INFO - sample=0.001 downsamples 8 most-common words
2026-03-05 11:22:11,558 - gensim.utils - INFO - Word2Vec lifecycle event {'msg': 'downsampling leaves estimated 95.32050807568878 word corpus (9.5%% of prior 1000)', 'datetime': '2026-03-05T11:22:11.558538', 'gensim': '4.4.0', 'python': '3.11.6 (tags/v3.11.6:8b6ee5b, Oct  2 2023, 14:57:12) [MSC v.1935 64 bit (AMD64)]', 'platform': 'Windows-10-10.0.26200-SP0', 'event': 'prepare_vocab'}
2026-03-05 11:22:11,558 - gensim.models.word2vec - INFO - estimated required memory for 8 words and 100 dimensions: 10400 bytes
2026-03-05 11:22:11,564 - gensim.models.word2vec - INFO - resetting layer weights
2026-03-05 11:22:11,565 - gensim.utils - INFO - Word2Vec lifecycle event {'update': False, 'trim_rule': 'None', 'datetime': '2026-03-05T11:22:11.565090', 'gensim': '4.4.0', 'python': '3.11.6 (tags/v3.11.6:8b6ee5b, Oct  2 2023, 14:57:12) [MSC v.1935 64 bit (AMD64)]', 'platform': 'Windows-10-10.0.26200-SP0', 'event': 'build_vocab'}
2026-03-05 11:22:11,565 - gensim.utils - INFO - Word2Vec lifecycle event {'msg': 'training model with 16 workers on 8 vocabulary and 100 features, using sg=1 hs=0 sample=0.001 negative=5 window=10 shrink_windows=True', 'datetime': '2026-03-05T11:22:11.565784', 'gensim': '4.4.0', 'python': '3.11.6 (tags/v3.11.6:8b6ee5b, Oct  2 2023, 14:57:12) [MSC v.1935 64 bit (AMD64)]', 'platform': 'Windows-10-10.0.26200-SP0', 'event': 'train'}
2026-03-05 11:22:11,599 - gensim.models.word2vec - INFO - EPOCH 0: training on 1000 raw words (83 effective words) took 0.0s, 17995 effective words/s
2026-03-05 11:22:11,636 - gensim.models.word2vec - INFO - EPOCH 1: training on 1000 raw words (99 effective words) took 0.0s, 22333 effective words/s
2026-03-05 11:22:11,658 - gensim.models.word2vec - INFO - EPOCH 2: training on 1000 raw words (111 effective words) took 0.0s, 473549 effective words/s
2026-03-05 11:22:11,680 - gensim.models.word2vec - INFO - EPOCH 3: training on 1000 raw words (99 effective words) took 0.0s, 68531 effective words/s
2026-03-05 11:22:11,697 - gensim.models.word2vec - INFO - EPOCH 4: training on 1000 raw words (103 effective words) took 0.0s, 32725 effective words/s
2026-03-05 11:22:11,697 - gensim.utils - INFO - Word2Vec lifecycle event {'msg': 'training on 5000 raw words (495 effective words) took 0.1s, 3777 effective words/s', 'datetime': '2026-03-05T11:22:11.697759', 'gensim': '4.4.0', 'python': '3.11.6 (tags/v3.11.6:8b6ee5b, Oct  2 2023, 14:57:12) [MSC v.1935 64 bit (AMD64)]', 'platform': 'Windows-10-10.0.26200-SP0', 'event': 'train'}
2026-03-05 11:22:11,697 - gensim.utils - INFO - Word2Vec lifecycle event {'params': 'Word2Vec<vocab=8, vector_size=100, alpha=0.025>', 'datetime': '2026-03-05T11:22:11.697759', 'gensim': '4.4.0', 'python': '3.11.6 (tags/v3.11.6:8b6ee5b, Oct  2 2023, 14:57:12) [MSC v.1935 64 bit (AMD64)]', 'platform': 'Windows-10-10.0.26200-SP0', 'event': 'created'}
2026-03-05 11:22:11,697 - gensim.utils - INFO - Word2Vec lifecycle event {'fname_or_handle': 'models/word2vec\\w2v_skipgram_sz100_win10_ep5.model', 'separately': 'None', 'sep_limit': 10485760, 'ignore': frozenset(), 'datetime': '2026-03-05T11:22:11.697759', 'gensim': '4.4.0', 'python': '3.11.6 (tags/v3.11.6:8b6ee5b, Oct  2 2023, 14:57:12) [MSC v.1935 64 bit (AMD64)]', 'platform': 'Windows-10-10.0.26200-SP0', 'event': 'saving'}
2026-03-05 11:22:11,697 - gensim.utils - INFO - not storing attribute cum_table
2026-03-05 11:22:11,697 - gensim.utils - INFO - saved models/word2vec\w2v_skipgram_sz100_win10_ep5.model
2026-03-05 11:22:11,697 - NLP_Project - INFO - Training w2v_skipgram_sz100_win10_ep10...
2026-03-05 11:22:11,697 - gensim.models.word2vec - INFO - collecting all words and their counts
2026-03-05 11:22:11,697 - gensim.models.word2vec - INFO - PROGRESS: at sentence #0, processed 0 words, keeping 0 word types
2026-03-05 11:22:11,697 - gensim.models.word2vec - INFO - collected 8 word types from a corpus of 1000 raw words and 300 sentences
2026-03-05 11:22:11,697 - gensim.models.word2vec - INFO - Creating a fresh vocabulary
2026-03-05 11:22:11,697 - gensim.utils - INFO - Word2Vec lifecycle event {'msg': 'effective_min_count=5 retains 8 unique words (100.00% of original 8, drops 0)', 'datetime': '2026-03-05T11:22:11.697759', 'gensim': '4.4.0', 'python': '3.11.6 (tags/v3.11.6:8b6ee5b, Oct  2 2023, 14:57:12) [MSC v.1935 64 bit (AMD64)]', 'platform': 'Windows-10-10.0.26200-SP0', 'event': 'prepare_vocab'}
2026-03-05 11:22:11,697 - gensim.utils - INFO - Word2Vec lifecycle event {'msg': 'effective_min_count=5 leaves 1000 word corpus (100.00% of original 1000, drops 0)', 'datetime': '2026-03-05T11:22:11.697759', 'gensim': '4.4.0', 'python': '3.11.6 (tags/v3.11.6:8b6ee5b, Oct  2 2023, 14:57:12) [MSC v.1935 64 bit (AMD64)]', 'platform': 'Windows-10-10.0.26200-SP0', 'event': 'prepare_vocab'}
2026-03-05 11:22:11,703 - gensim.models.word2vec - INFO - deleting the raw counts dictionary of 8 items
2026-03-05 11:22:11,703 - gensim.models.word2vec - INFO - sample=0.001 downsamples 8 most-common words
2026-03-05 11:22:11,704 - gensim.utils - INFO - Word2Vec lifecycle event {'msg': 'downsampling leaves estimated 95.32050807568878 word corpus (9.5%% of prior 1000)', 'datetime': '2026-03-05T11:22:11.704195', 'gensim': '4.4.0', 'python': '3.11.6 (tags/v3.11.6:8b6ee5b, Oct  2 2023, 14:57:12) [MSC v.1935 64 bit (AMD64)]', 'platform': 'Windows-10-10.0.26200-SP0', 'event': 'prepare_vocab'}
2026-03-05 11:22:11,704 - gensim.models.word2vec - INFO - estimated required memory for 8 words and 100 dimensions: 10400 bytes
2026-03-05 11:22:11,704 - gensim.models.word2vec - INFO - resetting layer weights
2026-03-05 11:22:11,704 - gensim.utils - INFO - Word2Vec lifecycle event {'update': False, 'trim_rule': 'None', 'datetime': '2026-03-05T11:22:11.704603', 'gensim': '4.4.0', 'python': '3.11.6 (tags/v3.11.6:8b6ee5b, Oct  2 2023, 14:57:12) [MSC v.1935 64 bit (AMD64)]', 'platform': 'Windows-10-10.0.26200-SP0', 'event': 'build_vocab'}
2026-03-05 11:22:11,704 - gensim.utils - INFO - Word2Vec lifecycle event {'msg': 'training model with 16 workers on 8 vocabulary and 100 features, using sg=1 hs=0 sample=0.001 negative=5 window=10 shrink_windows=True', 'datetime': '2026-03-05T11:22:11.704603', 'gensim': '4.4.0', 'python': '3.11.6 (tags/v3.11.6:8b6ee5b, Oct  2 2023, 14:57:12) [MSC v.1935 64 bit (AMD64)]', 'platform': 'Windows-10-10.0.26200-SP0', 'event': 'train'}
2026-03-05 11:22:11,721 - gensim.models.word2vec - INFO - EPOCH 0: training on 1000 raw words (83 effective words) took 0.0s, 34192 effective words/s
2026-03-05 11:22:11,743 - gensim.models.word2vec - INFO - EPOCH 1: training on 1000 raw words (99 effective words) took 0.0s, 197054 effective words/s
2026-03-05 11:22:11,770 - gensim.models.word2vec - INFO - EPOCH 2: training on 1000 raw words (111 effective words) took 0.0s, 30504 effective words/s
2026-03-05 11:22:11,796 - gensim.models.word2vec - INFO - EPOCH 3: training on 1000 raw words (99 effective words) took 0.0s, 29782 effective words/s
2026-03-05 11:22:11,818 - gensim.models.word2vec - INFO - EPOCH 4: training on 1000 raw words (103 effective words) took 0.0s, 408082 effective words/s
2026-03-05 11:22:11,846 - gensim.models.word2vec - INFO - EPOCH 5: training on 1000 raw words (98 effective words) took 0.0s, 159739 effective words/s
2026-03-05 11:22:11,877 - gensim.models.word2vec - INFO - EPOCH 6: training on 1000 raw words (94 effective words) took 0.0s, 136173 effective words/s
2026-03-05 11:22:11,909 - gensim.models.word2vec - INFO - EPOCH 7: training on 1000 raw words (99 effective words) took 0.0s, 24061 effective words/s
2026-03-05 11:22:11,940 - gensim.models.word2vec - INFO - EPOCH 8: training on 1000 raw words (97 effective words) took 0.0s, 29399 effective words/s
2026-03-05 11:22:11,971 - gensim.models.word2vec - INFO - EPOCH 9: training on 1000 raw words (89 effective words) took 0.0s, 25880 effective words/s
2026-03-05 11:22:11,972 - gensim.utils - INFO - Word2Vec lifecycle event {'msg': 'training on 10000 raw words (972 effective words) took 0.3s, 3638 effective words/s', 'datetime': '2026-03-05T11:22:11.972733', 'gensim': '4.4.0', 'python': '3.11.6 (tags/v3.11.6:8b6ee5b, Oct  2 2023, 14:57:12) [MSC v.1935 64 bit (AMD64)]', 'platform': 'Windows-10-10.0.26200-SP0', 'event': 'train'}
2026-03-05 11:22:11,972 - gensim.utils - INFO - Word2Vec lifecycle event {'params': 'Word2Vec<vocab=8, vector_size=100, alpha=0.025>', 'datetime': '2026-03-05T11:22:11.972733', 'gensim': '4.4.0', 'python': '3.11.6 (tags/v3.11.6:8b6ee5b, Oct  2 2023, 14:57:12) [MSC v.1935 64 bit (AMD64)]', 'platform': 'Windows-10-10.0.26200-SP0', 'event': 'created'}
2026-03-05 11:22:11,972 - gensim.utils - INFO - Word2Vec lifecycle event {'fname_or_handle': 'models/word2vec\\w2v_skipgram_sz100_win10_ep10.model', 'separately': 'None', 'sep_limit': 10485760, 'ignore': frozenset(), 'datetime': '2026-03-05T11:22:11.972733', 'gensim': '4.4.0', 'python': '3.11.6 (tags/v3.11.6:8b6ee5b, Oct  2 2023, 14:57:12) [MSC v.1935 64 bit (AMD64)]', 'platform': 'Windows-10-10.0.26200-SP0', 'event': 'saving'}
2026-03-05 11:22:11,975 - gensim.utils - INFO - not storing attribute cum_table
2026-03-05 11:22:11,977 - gensim.utils - INFO - saved models/word2vec\w2v_skipgram_sz100_win10_ep10.model
2026-03-05 11:22:11,979 - NLP_Project - INFO - Training w2v_skipgram_sz100_win10_ep20...
2026-03-05 11:22:11,980 - gensim.models.word2vec - INFO - collecting all words and their counts
2026-03-05 11:22:11,981 - gensim.models.word2vec - INFO - PROGRESS: at sentence #0, processed 0 words, keeping 0 word types
2026-03-05 11:22:11,981 - gensim.models.word2vec - INFO - collected 8 word types from a corpus of 1000 raw words and 300 sentences
2026-03-05 11:22:11,981 - gensim.models.word2vec - INFO - Creating a fresh vocabulary
2026-03-05 11:22:11,981 - gensim.utils - INFO - Word2Vec lifecycle event {'msg': 'effective_min_count=5 retains 8 unique words (100.00% of original 8, drops 0)', 'datetime': '2026-03-05T11:22:11.981658', 'gensim': '4.4.0', 'python': '3.11.6 (tags/v3.11.6:8b6ee5b, Oct  2 2023, 14:57:12) [MSC v.1935 64 bit (AMD64)]', 'platform': 'Windows-10-10.0.26200-SP0', 'event': 'prepare_vocab'}
2026-03-05 11:22:11,981 - gensim.utils - INFO - Word2Vec lifecycle event {'msg': 'effective_min_count=5 leaves 1000 word corpus (100.00% of original 1000, drops 0)', 'datetime': '2026-03-05T11:22:11.981658', 'gensim': '4.4.0', 'python': '3.11.6 (tags/v3.11.6:8b6ee5b, Oct  2 2023, 14:57:12) [MSC v.1935 64 bit (AMD64)]', 'platform': 'Windows-10-10.0.26200-SP0', 'event': 'prepare_vocab'}
2026-03-05 11:22:11,981 - gensim.models.word2vec - INFO - deleting the raw counts dictionary of 8 items
2026-03-05 11:22:11,981 - gensim.models.word2vec - INFO - sample=0.001 downsamples 8 most-common words
2026-03-05 11:22:11,981 - gensim.utils - INFO - Word2Vec lifecycle event {'msg': 'downsampling leaves estimated 95.32050807568878 word corpus (9.5%% of prior 1000)', 'datetime': '2026-03-05T11:22:11.981658', 'gensim': '4.4.0', 'python': '3.11.6 (tags/v3.11.6:8b6ee5b, Oct  2 2023, 14:57:12) [MSC v.1935 64 bit (AMD64)]', 'platform': 'Windows-10-10.0.26200-SP0', 'event': 'prepare_vocab'}
2026-03-05 11:22:11,987 - gensim.models.word2vec - INFO - estimated required memory for 8 words and 100 dimensions: 10400 bytes
2026-03-05 11:22:11,987 - gensim.models.word2vec - INFO - resetting layer weights
2026-03-05 11:22:11,987 - gensim.utils - INFO - Word2Vec lifecycle event {'update': False, 'trim_rule': 'None', 'datetime': '2026-03-05T11:22:11.987985', 'gensim': '4.4.0', 'python': '3.11.6 (tags/v3.11.6:8b6ee5b, Oct  2 2023, 14:57:12) [MSC v.1935 64 bit (AMD64)]', 'platform': 'Windows-10-10.0.26200-SP0', 'event': 'build_vocab'}
2026-03-05 11:22:11,988 - gensim.utils - INFO - Word2Vec lifecycle event {'msg': 'training model with 16 workers on 8 vocabulary and 100 features, using sg=1 hs=0 sample=0.001 negative=5 window=10 shrink_windows=True', 'datetime': '2026-03-05T11:22:11.988479', 'gensim': '4.4.0', 'python': '3.11.6 (tags/v3.11.6:8b6ee5b, Oct  2 2023, 14:57:12) [MSC v.1935 64 bit (AMD64)]', 'platform': 'Windows-10-10.0.26200-SP0', 'event': 'train'}
2026-03-05 11:22:12,013 - gensim.models.word2vec - INFO - EPOCH 0: training on 1000 raw words (83 effective words) took 0.0s, 20535 effective words/s
2026-03-05 11:22:12,045 - gensim.models.word2vec - INFO - EPOCH 1: training on 1000 raw words (99 effective words) took 0.0s, 31481 effective words/s
2026-03-05 11:22:12,076 - gensim.models.word2vec - INFO - EPOCH 2: training on 1000 raw words (111 effective words) took 0.0s, 192175 effective words/s
2026-03-05 11:22:12,106 - gensim.models.word2vec - INFO - EPOCH 3: training on 1000 raw words (99 effective words) took 0.0s, 27787 effective words/s
2026-03-05 11:22:12,140 - gensim.models.word2vec - INFO - EPOCH 4: training on 1000 raw words (103 effective words) took 0.0s, 26467 effective words/s
2026-03-05 11:22:12,170 - gensim.models.word2vec - INFO - EPOCH 5: training on 1000 raw words (98 effective words) took 0.0s, 184523 effective words/s
2026-03-05 11:22:12,197 - gensim.models.word2vec - INFO - EPOCH 6: training on 1000 raw words (94 effective words) took 0.0s, 142988 effective words/s
2026-03-05 11:22:12,231 - gensim.models.word2vec - INFO - EPOCH 7: training on 1000 raw words (99 effective words) took 0.0s, 30506 effective words/s
2026-03-05 11:22:12,266 - gensim.models.word2vec - INFO - EPOCH 8: training on 1000 raw words (97 effective words) took 0.0s, 24507 effective words/s
2026-03-05 11:22:12,297 - gensim.models.word2vec - INFO - EPOCH 9: training on 1000 raw words (89 effective words) took 0.0s, 196338 effective words/s
2026-03-05 11:22:12,330 - gensim.models.word2vec - INFO - EPOCH 10: training on 1000 raw words (90 effective words) took 0.0s, 28164 effective words/s
2026-03-05 11:22:12,359 - gensim.models.word2vec - INFO - EPOCH 11: training on 1000 raw words (96 effective words) took 0.0s, 122527 effective words/s
2026-03-05 11:22:12,388 - gensim.models.word2vec - INFO - EPOCH 12: training on 1000 raw words (102 effective words) took 0.0s, 199882 effective words/s
2026-03-05 11:22:12,417 - gensim.models.word2vec - INFO - EPOCH 13: training on 1000 raw words (116 effective words) took 0.0s, 35077 effective words/s
2026-03-05 11:22:12,447 - gensim.models.word2vec - INFO - EPOCH 14: training on 1000 raw words (78 effective words) took 0.0s, 16355 effective words/s
2026-03-05 11:22:12,481 - gensim.models.word2vec - INFO - EPOCH 15: training on 1000 raw words (93 effective words) took 0.0s, 26983 effective words/s
2026-03-05 11:22:12,508 - gensim.models.word2vec - INFO - EPOCH 16: training on 1000 raw words (85 effective words) took 0.0s, 137318 effective words/s
2026-03-05 11:22:12,529 - gensim.models.word2vec - INFO - EPOCH 17: training on 1000 raw words (92 effective words) took 0.0s, 39412 effective words/s
2026-03-05 11:22:12,540 - gensim.models.word2vec - INFO - EPOCH 18: training on 1000 raw words (107 effective words) took 0.0s, 45578 effective words/s
2026-03-05 11:22:12,559 - gensim.models.word2vec - INFO - EPOCH 19: training on 1000 raw words (116 effective words) took 0.0s, 48682 effective words/s
2026-03-05 11:22:12,559 - gensim.utils - INFO - Word2Vec lifecycle event {'msg': 'training on 20000 raw words (1947 effective words) took 0.6s, 3374 effective words/s', 'datetime': '2026-03-05T11:22:12.559323', 'gensim': '4.4.0', 'python': '3.11.6 (tags/v3.11.6:8b6ee5b, Oct  2 2023, 14:57:12) [MSC v.1935 64 bit (AMD64)]', 'platform': 'Windows-10-10.0.26200-SP0', 'event': 'train'}
2026-03-05 11:22:12,559 - gensim.utils - INFO - Word2Vec lifecycle event {'params': 'Word2Vec<vocab=8, vector_size=100, alpha=0.025>', 'datetime': '2026-03-05T11:22:12.559323', 'gensim': '4.4.0', 'python': '3.11.6 (tags/v3.11.6:8b6ee5b, Oct  2 2023, 14:57:12) [MSC v.1935 64 bit (AMD64)]', 'platform': 'Windows-10-10.0.26200-SP0', 'event': 'created'}
2026-03-05 11:22:12,567 - gensim.utils - INFO - Word2Vec lifecycle event {'fname_or_handle': 'models/word2vec\\w2v_skipgram_sz100_win10_ep20.model', 'separately': 'None', 'sep_limit': 10485760, 'ignore': frozenset(), 'datetime': '2026-03-05T11:22:12.567496', 'gensim': '4.4.0', 'python': '3.11.6 (tags/v3.11.6:8b6ee5b, Oct  2 2023, 14:57:12) [MSC v.1935 64 bit (AMD64)]', 'platform': 'Windows-10-10.0.26200-SP0', 'event': 'saving'}
2026-03-05 11:22:12,567 - gensim.utils - INFO - not storing attribute cum_table
2026-03-05 11:22:12,570 - gensim.utils - INFO - saved models/word2vec\w2v_skipgram_sz100_win10_ep20.model
2026-03-05 11:22:12,571 - NLP_Project - INFO - Training w2v_cbow_sz200_win2_ep5...
2026-03-05 11:22:12,572 - gensim.models.word2vec - INFO - collecting all words and their counts
2026-03-05 11:22:12,572 - gensim.models.word2vec - INFO - PROGRESS: at sentence #0, processed 0 words, keeping 0 word types
2026-03-05 11:22:12,572 - gensim.models.word2vec - INFO - collected 8 word types from a corpus of 1000 raw words and 300 sentences
2026-03-05 11:22:12,572 - gensim.models.word2vec - INFO - Creating a fresh vocabulary
2026-03-05 11:22:12,572 - gensim.utils - INFO - Word2Vec lifecycle event {'msg': 'effective_min_count=5 retains 8 unique words (100.00% of original 8, drops 0)', 'datetime': '2026-03-05T11:22:12.572870', 'gensim': '4.4.0', 'python': '3.11.6 (tags/v3.11.6:8b6ee5b, Oct  2 2023, 14:57:12) [MSC v.1935 64 bit (AMD64)]', 'platform': 'Windows-10-10.0.26200-SP0', 'event': 'prepare_vocab'}
2026-03-05 11:22:12,572 - gensim.utils - INFO - Word2Vec lifecycle event {'msg': 'effective_min_count=5 leaves 1000 word corpus (100.00% of original 1000, drops 0)', 'datetime': '2026-03-05T11:22:12.572870', 'gensim': '4.4.0', 'python': '3.11.6 (tags/v3.11.6:8b6ee5b, Oct  2 2023, 14:57:12) [MSC v.1935 64 bit (AMD64)]', 'platform': 'Windows-10-10.0.26200-SP0', 'event': 'prepare_vocab'}
2026-03-05 11:22:12,572 - gensim.models.word2vec - INFO - deleting the raw counts dictionary of 8 items
2026-03-05 11:22:12,572 - gensim.models.word2vec - INFO - sample=0.001 downsamples 8 most-common words
2026-03-05 11:22:12,572 - gensim.utils - INFO - Word2Vec lifecycle event {'msg': 'downsampling leaves estimated 95.32050807568878 word corpus (9.5%% of prior 1000)', 'datetime': '2026-03-05T11:22:12.572870', 'gensim': '4.4.0', 'python': '3.11.6 (tags/v3.11.6:8b6ee5b, Oct  2 2023, 14:57:12) [MSC v.1935 64 bit (AMD64)]', 'platform': 'Windows-10-10.0.26200-SP0', 'event': 'prepare_vocab'}
2026-03-05 11:22:12,572 - gensim.models.word2vec - INFO - estimated required memory for 8 words and 200 dimensions: 16800 bytes
2026-03-05 11:22:12,572 - gensim.models.word2vec - INFO - resetting layer weights
2026-03-05 11:22:12,579 - gensim.utils - INFO - Word2Vec lifecycle event {'update': False, 'trim_rule': 'None', 'datetime': '2026-03-05T11:22:12.579189', 'gensim': '4.4.0', 'python': '3.11.6 (tags/v3.11.6:8b6ee5b, Oct  2 2023, 14:57:12) [MSC v.1935 64 bit (AMD64)]', 'platform': 'Windows-10-10.0.26200-SP0', 'event': 'build_vocab'}
2026-03-05 11:22:12,579 - gensim.utils - INFO - Word2Vec lifecycle event {'msg': 'training model with 16 workers on 8 vocabulary and 200 features, using sg=0 hs=0 sample=0.001 negative=5 window=2 shrink_windows=True', 'datetime': '2026-03-05T11:22:12.579189', 'gensim': '4.4.0', 'python': '3.11.6 (tags/v3.11.6:8b6ee5b, Oct  2 2023, 14:57:12) [MSC v.1935 64 bit (AMD64)]', 'platform': 'Windows-10-10.0.26200-SP0', 'event': 'train'}
2026-03-05 11:22:12,596 - gensim.models.word2vec - INFO - EPOCH 0: training on 1000 raw words (83 effective words) took 0.0s, 377444 effective words/s
2026-03-05 11:22:12,622 - gensim.models.word2vec - INFO - EPOCH 1: training on 1000 raw words (89 effective words) took 0.0s, 31157 effective words/s
2026-03-05 11:22:12,646 - gensim.models.word2vec - INFO - EPOCH 2: training on 1000 raw words (88 effective words) took 0.0s, 340821 effective words/s
2026-03-05 11:22:12,675 - gensim.models.word2vec - INFO - EPOCH 3: training on 1000 raw words (96 effective words) took 0.0s, 25063 effective words/s
2026-03-05 11:22:12,703 - gensim.models.word2vec - INFO - EPOCH 4: training on 1000 raw words (102 effective words) took 0.0s, 271132 effective words/s
2026-03-05 11:22:12,704 - gensim.utils - INFO - Word2Vec lifecycle event {'msg': 'training on 5000 raw words (458 effective words) took 0.1s, 3667 effective words/s', 'datetime': '2026-03-05T11:22:12.704472', 'gensim': '4.4.0', 'python': '3.11.6 (tags/v3.11.6:8b6ee5b, Oct  2 2023, 14:57:12) [MSC v.1935 64 bit (AMD64)]', 'platform': 'Windows-10-10.0.26200-SP0', 'event': 'train'}
2026-03-05 11:22:12,704 - gensim.utils - INFO - Word2Vec lifecycle event {'params': 'Word2Vec<vocab=8, vector_size=200, alpha=0.025>', 'datetime': '2026-03-05T11:22:12.704472', 'gensim': '4.4.0', 'python': '3.11.6 (tags/v3.11.6:8b6ee5b, Oct  2 2023, 14:57:12) [MSC v.1935 64 bit (AMD64)]', 'platform': 'Windows-10-10.0.26200-SP0', 'event': 'created'}
2026-03-05 11:22:12,704 - gensim.utils - INFO - Word2Vec lifecycle event {'fname_or_handle': 'models/word2vec\\w2v_cbow_sz200_win2_ep5.model', 'separately': 'None', 'sep_limit': 10485760, 'ignore': frozenset(), 'datetime': '2026-03-05T11:22:12.704472', 'gensim': '4.4.0', 'python': '3.11.6 (tags/v3.11.6:8b6ee5b, Oct  2 2023, 14:57:12) [MSC v.1935 64 bit (AMD64)]', 'platform': 'Windows-10-10.0.26200-SP0', 'event': 'saving'}
2026-03-05 11:22:12,707 - gensim.utils - INFO - not storing attribute cum_table
2026-03-05 11:22:12,708 - gensim.utils - INFO - saved models/word2vec\w2v_cbow_sz200_win2_ep5.model
2026-03-05 11:22:12,708 - NLP_Project - INFO - Training w2v_cbow_sz200_win2_ep10...
2026-03-05 11:22:12,708 - gensim.models.word2vec - INFO - collecting all words and their counts
2026-03-05 11:22:12,708 - gensim.models.word2vec - INFO - PROGRESS: at sentence #0, processed 0 words, keeping 0 word types
2026-03-05 11:22:12,708 - gensim.models.word2vec - INFO - collected 8 word types from a corpus of 1000 raw words and 300 sentences
2026-03-05 11:22:12,714 - gensim.models.word2vec - INFO - Creating a fresh vocabulary
2026-03-05 11:22:12,715 - gensim.utils - INFO - Word2Vec lifecycle event {'msg': 'effective_min_count=5 retains 8 unique words (100.00% of original 8, drops 0)', 'datetime': '2026-03-05T11:22:12.715206', 'gensim': '4.4.0', 'python': '3.11.6 (tags/v3.11.6:8b6ee5b, Oct  2 2023, 14:57:12) [MSC v.1935 64 bit (AMD64)]', 'platform': 'Windows-10-10.0.26200-SP0', 'event': 'prepare_vocab'}
2026-03-05 11:22:12,715 - gensim.utils - INFO - Word2Vec lifecycle event {'msg': 'effective_min_count=5 leaves 1000 word corpus (100.00% of original 1000, drops 0)', 'datetime': '2026-03-05T11:22:12.715799', 'gensim': '4.4.0', 'python': '3.11.6 (tags/v3.11.6:8b6ee5b, Oct  2 2023, 14:57:12) [MSC v.1935 64 bit (AMD64)]', 'platform': 'Windows-10-10.0.26200-SP0', 'event': 'prepare_vocab'}
2026-03-05 11:22:12,715 - gensim.models.word2vec - INFO - deleting the raw counts dictionary of 8 items
2026-03-05 11:22:12,715 - gensim.models.word2vec - INFO - sample=0.001 downsamples 8 most-common words
2026-03-05 11:22:12,717 - gensim.utils - INFO - Word2Vec lifecycle event {'msg': 'downsampling leaves estimated 95.32050807568878 word corpus (9.5%% of prior 1000)', 'datetime': '2026-03-05T11:22:12.717417', 'gensim': '4.4.0', 'python': '3.11.6 (tags/v3.11.6:8b6ee5b, Oct  2 2023, 14:57:12) [MSC v.1935 64 bit (AMD64)]', 'platform': 'Windows-10-10.0.26200-SP0', 'event': 'prepare_vocab'}
2026-03-05 11:22:12,718 - gensim.models.word2vec - INFO - estimated required memory for 8 words and 200 dimensions: 16800 bytes
2026-03-05 11:22:12,718 - gensim.models.word2vec - INFO - resetting layer weights
2026-03-05 11:22:12,719 - gensim.utils - INFO - Word2Vec lifecycle event {'update': False, 'trim_rule': 'None', 'datetime': '2026-03-05T11:22:12.719401', 'gensim': '4.4.0', 'python': '3.11.6 (tags/v3.11.6:8b6ee5b, Oct  2 2023, 14:57:12) [MSC v.1935 64 bit (AMD64)]', 'platform': 'Windows-10-10.0.26200-SP0', 'event': 'build_vocab'}
2026-03-05 11:22:12,719 - gensim.utils - INFO - Word2Vec lifecycle event {'msg': 'training model with 16 workers on 8 vocabulary and 200 features, using sg=0 hs=0 sample=0.001 negative=5 window=2 shrink_windows=True', 'datetime': '2026-03-05T11:22:12.719995', 'gensim': '4.4.0', 'python': '3.11.6 (tags/v3.11.6:8b6ee5b, Oct  2 2023, 14:57:12) [MSC v.1935 64 bit (AMD64)]', 'platform': 'Windows-10-10.0.26200-SP0', 'event': 'train'}
2026-03-05 11:22:12,740 - gensim.models.word2vec - INFO - EPOCH 0: training on 1000 raw words (83 effective words) took 0.0s, 29571 effective words/s
2026-03-05 11:22:12,767 - gensim.models.word2vec - INFO - EPOCH 1: training on 1000 raw words (89 effective words) took 0.0s, 28621 effective words/s
2026-03-05 11:22:12,795 - gensim.models.word2vec - INFO - EPOCH 2: training on 1000 raw words (88 effective words) took 0.0s, 23981 effective words/s
2026-03-05 11:22:12,822 - gensim.models.word2vec - INFO - EPOCH 3: training on 1000 raw words (96 effective words) took 0.0s, 27624 effective words/s
2026-03-05 11:22:12,847 - gensim.models.word2vec - INFO - EPOCH 4: training on 1000 raw words (102 effective words) took 0.0s, 260138 effective words/s
2026-03-05 11:22:12,872 - gensim.models.word2vec - INFO - EPOCH 5: training on 1000 raw words (120 effective words) took 0.0s, 322407 effective words/s
2026-03-05 11:22:12,897 - gensim.models.word2vec - INFO - EPOCH 6: training on 1000 raw words (87 effective words) took 0.0s, 31252 effective words/s
2026-03-05 11:22:12,920 - gensim.models.word2vec - INFO - EPOCH 7: training on 1000 raw words (103 effective words) took 0.0s, 170983 effective words/s
2026-03-05 11:22:12,942 - gensim.models.word2vec - INFO - EPOCH 8: training on 1000 raw words (92 effective words) took 0.0s, 167334 effective words/s
2026-03-05 11:22:12,967 - gensim.models.word2vec - INFO - EPOCH 9: training on 1000 raw words (72 effective words) took 0.0s, 233463 effective words/s
2026-03-05 11:22:12,970 - gensim.utils - INFO - Word2Vec lifecycle event {'msg': 'training on 10000 raw words (932 effective words) took 0.2s, 3729 effective words/s', 'datetime': '2026-03-05T11:22:12.970067', 'gensim': '4.4.0', 'python': '3.11.6 (tags/v3.11.6:8b6ee5b, Oct  2 2023, 14:57:12) [MSC v.1935 64 bit (AMD64)]', 'platform': 'Windows-10-10.0.26200-SP0', 'event': 'train'}
2026-03-05 11:22:12,970 - gensim.utils - INFO - Word2Vec lifecycle event {'params': 'Word2Vec<vocab=8, vector_size=200, alpha=0.025>', 'datetime': '2026-03-05T11:22:12.970067', 'gensim': '4.4.0', 'python': '3.11.6 (tags/v3.11.6:8b6ee5b, Oct  2 2023, 14:57:12) [MSC v.1935 64 bit (AMD64)]', 'platform': 'Windows-10-10.0.26200-SP0', 'event': 'created'}
2026-03-05 11:22:12,972 - gensim.utils - INFO - Word2Vec lifecycle event {'fname_or_handle': 'models/word2vec\\w2v_cbow_sz200_win2_ep10.model', 'separately': 'None', 'sep_limit': 10485760, 'ignore': frozenset(), 'datetime': '2026-03-05T11:22:12.971825', 'gensim': '4.4.0', 'python': '3.11.6 (tags/v3.11.6:8b6ee5b, Oct  2 2023, 14:57:12) [MSC v.1935 64 bit (AMD64)]', 'platform': 'Windows-10-10.0.26200-SP0', 'event': 'saving'}
2026-03-05 11:22:12,972 - gensim.utils - INFO - not storing attribute cum_table
2026-03-05 11:22:12,972 - gensim.utils - INFO - saved models/word2vec\w2v_cbow_sz200_win2_ep10.model
2026-03-05 11:22:12,975 - NLP_Project - INFO - Training w2v_cbow_sz200_win2_ep20...
2026-03-05 11:22:12,975 - gensim.models.word2vec - INFO - collecting all words and their counts
2026-03-05 11:22:12,975 - gensim.models.word2vec - INFO - PROGRESS: at sentence #0, processed 0 words, keeping 0 word types
2026-03-05 11:22:12,975 - gensim.models.word2vec - INFO - collected 8 word types from a corpus of 1000 raw words and 300 sentences
2026-03-05 11:22:12,975 - gensim.models.word2vec - INFO - Creating a fresh vocabulary
2026-03-05 11:22:12,980 - gensim.utils - INFO - Word2Vec lifecycle event {'msg': 'effective_min_count=5 retains 8 unique words (100.00% of original 8, drops 0)', 'datetime': '2026-03-05T11:22:12.980015', 'gensim': '4.4.0', 'python': '3.11.6 (tags/v3.11.6:8b6ee5b, Oct  2 2023, 14:57:12) [MSC v.1935 64 bit (AMD64)]', 'platform': 'Windows-10-10.0.26200-SP0', 'event': 'prepare_vocab'}
2026-03-05 11:22:12,980 - gensim.utils - INFO - Word2Vec lifecycle event {'msg': 'effective_min_count=5 leaves 1000 word corpus (100.00% of original 1000, drops 0)', 'datetime': '2026-03-05T11:22:12.980015', 'gensim': '4.4.0', 'python': '3.11.6 (tags/v3.11.6:8b6ee5b, Oct  2 2023, 14:57:12) [MSC v.1935 64 bit (AMD64)]', 'platform': 'Windows-10-10.0.26200-SP0', 'event': 'prepare_vocab'}
2026-03-05 11:22:12,981 - gensim.models.word2vec - INFO - deleting the raw counts dictionary of 8 items
2026-03-05 11:22:12,981 - gensim.models.word2vec - INFO - sample=0.001 downsamples 8 most-common words
2026-03-05 11:22:12,983 - gensim.utils - INFO - Word2Vec lifecycle event {'msg': 'downsampling leaves estimated 95.32050807568878 word corpus (9.5%% of prior 1000)', 'datetime': '2026-03-05T11:22:12.983040', 'gensim': '4.4.0', 'python': '3.11.6 (tags/v3.11.6:8b6ee5b, Oct  2 2023, 14:57:12) [MSC v.1935 64 bit (AMD64)]', 'platform': 'Windows-10-10.0.26200-SP0', 'event': 'prepare_vocab'}
2026-03-05 11:22:12,983 - gensim.models.word2vec - INFO - estimated required memory for 8 words and 200 dimensions: 16800 bytes
2026-03-05 11:22:12,983 - gensim.models.word2vec - INFO - resetting layer weights
2026-03-05 11:22:12,983 - gensim.utils - INFO - Word2Vec lifecycle event {'update': False, 'trim_rule': 'None', 'datetime': '2026-03-05T11:22:12.983040', 'gensim': '4.4.0', 'python': '3.11.6 (tags/v3.11.6:8b6ee5b, Oct  2 2023, 14:57:12) [MSC v.1935 64 bit (AMD64)]', 'platform': 'Windows-10-10.0.26200-SP0', 'event': 'build_vocab'}
2026-03-05 11:22:12,983 - gensim.utils - INFO - Word2Vec lifecycle event {'msg': 'training model with 16 workers on 8 vocabulary and 200 features, using sg=0 hs=0 sample=0.001 negative=5 window=2 shrink_windows=True', 'datetime': '2026-03-05T11:22:12.983040', 'gensim': '4.4.0', 'python': '3.11.6 (tags/v3.11.6:8b6ee5b, Oct  2 2023, 14:57:12) [MSC v.1935 64 bit (AMD64)]', 'platform': 'Windows-10-10.0.26200-SP0', 'event': 'train'}
2026-03-05 11:22:13,007 - gensim.models.word2vec - INFO - EPOCH 0: training on 1000 raw words (83 effective words) took 0.0s, 106807 effective words/s
2026-03-05 11:22:13,031 - gensim.models.word2vec - INFO - EPOCH 1: training on 1000 raw words (89 effective words) took 0.0s, 326725 effective words/s
2026-03-05 11:22:13,059 - gensim.models.word2vec - INFO - EPOCH 2: training on 1000 raw words (88 effective words) took 0.0s, 68809 effective words/s
2026-03-05 11:22:13,085 - gensim.models.word2vec - INFO - EPOCH 3: training on 1000 raw words (96 effective words) took 0.0s, 31891 effective words/s
2026-03-05 11:22:13,108 - gensim.models.word2vec - INFO - EPOCH 4: training on 1000 raw words (102 effective words) took 0.0s, 32709 effective words/s
2026-03-05 11:22:13,140 - gensim.models.word2vec - INFO - EPOCH 5: training on 1000 raw words (120 effective words) took 0.0s, 274474 effective words/s
2026-03-05 11:22:13,174 - gensim.models.word2vec - INFO - EPOCH 6: training on 1000 raw words (87 effective words) took 0.0s, 23009 effective words/s
2026-03-05 11:22:13,201 - gensim.models.word2vec - INFO - EPOCH 7: training on 1000 raw words (103 effective words) took 0.0s, 38755 effective words/s
2026-03-05 11:22:13,227 - gensim.models.word2vec - INFO - EPOCH 8: training on 1000 raw words (92 effective words) took 0.0s, 26544 effective words/s
2026-03-05 11:22:13,253 - gensim.models.word2vec - INFO - EPOCH 9: training on 1000 raw words (72 effective words) took 0.0s, 136415 effective words/s
2026-03-05 11:22:13,280 - gensim.models.word2vec - INFO - EPOCH 10: training on 1000 raw words (118 effective words) took 0.0s, 35950 effective words/s
2026-03-05 11:22:13,306 - gensim.models.word2vec - INFO - EPOCH 11: training on 1000 raw words (80 effective words) took 0.0s, 32301 effective words/s
2026-03-05 11:22:13,330 - gensim.models.word2vec - INFO - EPOCH 12: training on 1000 raw words (84 effective words) took 0.0s, 29804 effective words/s
2026-03-05 11:22:13,358 - gensim.models.word2vec - INFO - EPOCH 13: training on 1000 raw words (91 effective words) took 0.0s, 27814 effective words/s
2026-03-05 11:22:13,389 - gensim.models.word2vec - INFO - EPOCH 14: training on 1000 raw words (92 effective words) took 0.0s, 31146 effective words/s
2026-03-05 11:22:13,420 - gensim.models.word2vec - INFO - EPOCH 15: training on 1000 raw words (94 effective words) took 0.0s, 218401 effective words/s
2026-03-05 11:22:13,447 - gensim.models.word2vec - INFO - EPOCH 16: training on 1000 raw words (100 effective words) took 0.0s, 332557 effective words/s
2026-03-05 11:22:13,475 - gensim.models.word2vec - INFO - EPOCH 17: training on 1000 raw words (96 effective words) took 0.0s, 185974 effective words/s
2026-03-05 11:22:13,497 - gensim.models.word2vec - INFO - EPOCH 18: training on 1000 raw words (95 effective words) took 0.0s, 245161 effective words/s
2026-03-05 11:22:13,517 - gensim.models.word2vec - INFO - EPOCH 19: training on 1000 raw words (103 effective words) took 0.0s, 130528 effective words/s
2026-03-05 11:22:13,517 - gensim.utils - INFO - Word2Vec lifecycle event {'msg': 'training on 20000 raw words (1885 effective words) took 0.5s, 3529 effective words/s', 'datetime': '2026-03-05T11:22:13.517613', 'gensim': '4.4.0', 'python': '3.11.6 (tags/v3.11.6:8b6ee5b, Oct  2 2023, 14:57:12) [MSC v.1935 64 bit (AMD64)]', 'platform': 'Windows-10-10.0.26200-SP0', 'event': 'train'}
2026-03-05 11:22:13,520 - gensim.utils - INFO - Word2Vec lifecycle event {'params': 'Word2Vec<vocab=8, vector_size=200, alpha=0.025>', 'datetime': '2026-03-05T11:22:13.520378', 'gensim': '4.4.0', 'python': '3.11.6 (tags/v3.11.6:8b6ee5b, Oct  2 2023, 14:57:12) [MSC v.1935 64 bit (AMD64)]', 'platform': 'Windows-10-10.0.26200-SP0', 'event': 'created'}
2026-03-05 11:22:13,521 - gensim.utils - INFO - Word2Vec lifecycle event {'fname_or_handle': 'models/word2vec\\w2v_cbow_sz200_win2_ep20.model', 'separately': 'None', 'sep_limit': 10485760, 'ignore': frozenset(), 'datetime': '2026-03-05T11:22:13.521246', 'gensim': '4.4.0', 'python': '3.11.6 (tags/v3.11.6:8b6ee5b, Oct  2 2023, 14:57:12) [MSC v.1935 64 bit (AMD64)]', 'platform': 'Windows-10-10.0.26200-SP0', 'event': 'saving'}
2026-03-05 11:22:13,522 - gensim.utils - INFO - not storing attribute cum_table
2026-03-05 11:22:13,522 - gensim.utils - INFO - saved models/word2vec\w2v_cbow_sz200_win2_ep20.model
2026-03-05 11:22:13,525 - NLP_Project - INFO - Training w2v_skipgram_sz200_win2_ep5...
2026-03-05 11:22:13,525 - gensim.models.word2vec - INFO - collecting all words and their counts
2026-03-05 11:22:13,525 - gensim.models.word2vec - INFO - PROGRESS: at sentence #0, processed 0 words, keeping 0 word types
2026-03-05 11:22:13,525 - gensim.models.word2vec - INFO - collected 8 word types from a corpus of 1000 raw words and 300 sentences
2026-03-05 11:22:13,525 - gensim.models.word2vec - INFO - Creating a fresh vocabulary
2026-03-05 11:22:13,525 - gensim.utils - INFO - Word2Vec lifecycle event {'msg': 'effective_min_count=5 retains 8 unique words (100.00% of original 8, drops 0)', 'datetime': '2026-03-05T11:22:13.525493', 'gensim': '4.4.0', 'python': '3.11.6 (tags/v3.11.6:8b6ee5b, Oct  2 2023, 14:57:12) [MSC v.1935 64 bit (AMD64)]', 'platform': 'Windows-10-10.0.26200-SP0', 'event': 'prepare_vocab'}
2026-03-05 11:22:13,525 - gensim.utils - INFO - Word2Vec lifecycle event {'msg': 'effective_min_count=5 leaves 1000 word corpus (100.00% of original 1000, drops 0)', 'datetime': '2026-03-05T11:22:13.525493', 'gensim': '4.4.0', 'python': '3.11.6 (tags/v3.11.6:8b6ee5b, Oct  2 2023, 14:57:12) [MSC v.1935 64 bit (AMD64)]', 'platform': 'Windows-10-10.0.26200-SP0', 'event': 'prepare_vocab'}
2026-03-05 11:22:13,525 - gensim.models.word2vec - INFO - deleting the raw counts dictionary of 8 items
2026-03-05 11:22:13,525 - gensim.models.word2vec - INFO - sample=0.001 downsamples 8 most-common words
2026-03-05 11:22:13,525 - gensim.utils - INFO - Word2Vec lifecycle event {'msg': 'downsampling leaves estimated 95.32050807568878 word corpus (9.5%% of prior 1000)', 'datetime': '2026-03-05T11:22:13.525493', 'gensim': '4.4.0', 'python': '3.11.6 (tags/v3.11.6:8b6ee5b, Oct  2 2023, 14:57:12) [MSC v.1935 64 bit (AMD64)]', 'platform': 'Windows-10-10.0.26200-SP0', 'event': 'prepare_vocab'}
2026-03-05 11:22:13,531 - gensim.models.word2vec - INFO - estimated required memory for 8 words and 200 dimensions: 16800 bytes
2026-03-05 11:22:13,531 - gensim.models.word2vec - INFO - resetting layer weights
2026-03-05 11:22:13,532 - gensim.utils - INFO - Word2Vec lifecycle event {'update': False, 'trim_rule': 'None', 'datetime': '2026-03-05T11:22:13.532253', 'gensim': '4.4.0', 'python': '3.11.6 (tags/v3.11.6:8b6ee5b, Oct  2 2023, 14:57:12) [MSC v.1935 64 bit (AMD64)]', 'platform': 'Windows-10-10.0.26200-SP0', 'event': 'build_vocab'}
2026-03-05 11:22:13,533 - gensim.utils - INFO - Word2Vec lifecycle event {'msg': 'training model with 16 workers on 8 vocabulary and 200 features, using sg=1 hs=0 sample=0.001 negative=5 window=2 shrink_windows=True', 'datetime': '2026-03-05T11:22:13.533242', 'gensim': '4.4.0', 'python': '3.11.6 (tags/v3.11.6:8b6ee5b, Oct  2 2023, 14:57:12) [MSC v.1935 64 bit (AMD64)]', 'platform': 'Windows-10-10.0.26200-SP0', 'event': 'train'}
2026-03-05 11:22:13,557 - gensim.models.word2vec - INFO - EPOCH 0: training on 1000 raw words (83 effective words) took 0.0s, 33382 effective words/s
2026-03-05 11:22:13,587 - gensim.models.word2vec - INFO - EPOCH 1: training on 1000 raw words (89 effective words) took 0.0s, 221614 effective words/s
2026-03-05 11:22:13,608 - gensim.models.word2vec - INFO - EPOCH 2: training on 1000 raw words (88 effective words) took 0.0s, 28580 effective words/s
2026-03-05 11:22:13,641 - gensim.models.word2vec - INFO - EPOCH 3: training on 1000 raw words (96 effective words) took 0.0s, 158993 effective words/s
2026-03-05 11:22:13,670 - gensim.models.word2vec - INFO - EPOCH 4: training on 1000 raw words (102 effective words) took 0.0s, 43739 effective words/s
2026-03-05 11:22:13,671 - gensim.utils - INFO - Word2Vec lifecycle event {'msg': 'training on 5000 raw words (458 effective words) took 0.1s, 3326 effective words/s', 'datetime': '2026-03-05T11:22:13.671309', 'gensim': '4.4.0', 'python': '3.11.6 (tags/v3.11.6:8b6ee5b, Oct  2 2023, 14:57:12) [MSC v.1935 64 bit (AMD64)]', 'platform': 'Windows-10-10.0.26200-SP0', 'event': 'train'}
2026-03-05 11:22:13,671 - gensim.utils - INFO - Word2Vec lifecycle event {'params': 'Word2Vec<vocab=8, vector_size=200, alpha=0.025>', 'datetime': '2026-03-05T11:22:13.671309', 'gensim': '4.4.0', 'python': '3.11.6 (tags/v3.11.6:8b6ee5b, Oct  2 2023, 14:57:12) [MSC v.1935 64 bit (AMD64)]', 'platform': 'Windows-10-10.0.26200-SP0', 'event': 'created'}
2026-03-05 11:22:13,672 - gensim.utils - INFO - Word2Vec lifecycle event {'fname_or_handle': 'models/word2vec\\w2v_skipgram_sz200_win2_ep5.model', 'separately': 'None', 'sep_limit': 10485760, 'ignore': frozenset(), 'datetime': '2026-03-05T11:22:13.672859', 'gensim': '4.4.0', 'python': '3.11.6 (tags/v3.11.6:8b6ee5b, Oct  2 2023, 14:57:12) [MSC v.1935 64 bit (AMD64)]', 'platform': 'Windows-10-10.0.26200-SP0', 'event': 'saving'}
2026-03-05 11:22:13,672 - gensim.utils - INFO - not storing attribute cum_table
2026-03-05 11:22:13,674 - gensim.utils - INFO - saved models/word2vec\w2v_skipgram_sz200_win2_ep5.model
2026-03-05 11:22:13,674 - NLP_Project - INFO - Training w2v_skipgram_sz200_win2_ep10...
2026-03-05 11:22:13,674 - gensim.models.word2vec - INFO - collecting all words and their counts
2026-03-05 11:22:13,674 - gensim.models.word2vec - INFO - PROGRESS: at sentence #0, processed 0 words, keeping 0 word types
2026-03-05 11:22:13,680 - gensim.models.word2vec - INFO - collected 8 word types from a corpus of 1000 raw words and 300 sentences
2026-03-05 11:22:13,681 - gensim.models.word2vec - INFO - Creating a fresh vocabulary
2026-03-05 11:22:13,681 - gensim.utils - INFO - Word2Vec lifecycle event {'msg': 'effective_min_count=5 retains 8 unique words (100.00% of original 8, drops 0)', 'datetime': '2026-03-05T11:22:13.681474', 'gensim': '4.4.0', 'python': '3.11.6 (tags/v3.11.6:8b6ee5b, Oct  2 2023, 14:57:12) [MSC v.1935 64 bit (AMD64)]', 'platform': 'Windows-10-10.0.26200-SP0', 'event': 'prepare_vocab'}
2026-03-05 11:22:13,681 - gensim.utils - INFO - Word2Vec lifecycle event {'msg': 'effective_min_count=5 leaves 1000 word corpus (100.00% of original 1000, drops 0)', 'datetime': '2026-03-05T11:22:13.681474', 'gensim': '4.4.0', 'python': '3.11.6 (tags/v3.11.6:8b6ee5b, Oct  2 2023, 14:57:12) [MSC v.1935 64 bit (AMD64)]', 'platform': 'Windows-10-10.0.26200-SP0', 'event': 'prepare_vocab'}
2026-03-05 11:22:13,681 - gensim.models.word2vec - INFO - deleting the raw counts dictionary of 8 items
2026-03-05 11:22:13,681 - gensim.models.word2vec - INFO - sample=0.001 downsamples 8 most-common words
2026-03-05 11:22:13,681 - gensim.utils - INFO - Word2Vec lifecycle event {'msg': 'downsampling leaves estimated 95.32050807568878 word corpus (9.5%% of prior 1000)', 'datetime': '2026-03-05T11:22:13.681474', 'gensim': '4.4.0', 'python': '3.11.6 (tags/v3.11.6:8b6ee5b, Oct  2 2023, 14:57:12) [MSC v.1935 64 bit (AMD64)]', 'platform': 'Windows-10-10.0.26200-SP0', 'event': 'prepare_vocab'}
2026-03-05 11:22:13,681 - gensim.models.word2vec - INFO - estimated required memory for 8 words and 200 dimensions: 16800 bytes
2026-03-05 11:22:13,681 - gensim.models.word2vec - INFO - resetting layer weights
2026-03-05 11:22:13,685 - gensim.utils - INFO - Word2Vec lifecycle event {'update': False, 'trim_rule': 'None', 'datetime': '2026-03-05T11:22:13.685457', 'gensim': '4.4.0', 'python': '3.11.6 (tags/v3.11.6:8b6ee5b, Oct  2 2023, 14:57:12) [MSC v.1935 64 bit (AMD64)]', 'platform': 'Windows-10-10.0.26200-SP0', 'event': 'build_vocab'}
2026-03-05 11:22:13,685 - gensim.utils - INFO - Word2Vec lifecycle event {'msg': 'training model with 16 workers on 8 vocabulary and 200 features, using sg=1 hs=0 sample=0.001 negative=5 window=2 shrink_windows=True', 'datetime': '2026-03-05T11:22:13.685457', 'gensim': '4.4.0', 'python': '3.11.6 (tags/v3.11.6:8b6ee5b, Oct  2 2023, 14:57:12) [MSC v.1935 64 bit (AMD64)]', 'platform': 'Windows-10-10.0.26200-SP0', 'event': 'train'}
2026-03-05 11:22:13,708 - gensim.models.word2vec - INFO - EPOCH 0: training on 1000 raw words (83 effective words) took 0.0s, 22912 effective words/s
2026-03-05 11:22:13,732 - gensim.models.word2vec - INFO - EPOCH 1: training on 1000 raw words (89 effective words) took 0.0s, 24808 effective words/s
2026-03-05 11:22:13,758 - gensim.models.word2vec - INFO - EPOCH 2: training on 1000 raw words (88 effective words) took 0.0s, 25220 effective words/s
2026-03-05 11:22:13,788 - gensim.models.word2vec - INFO - EPOCH 3: training on 1000 raw words (96 effective words) took 0.0s, 171398 effective words/s
2026-03-05 11:22:13,808 - gensim.models.word2vec - INFO - EPOCH 4: training on 1000 raw words (102 effective words) took 0.0s, 204450 effective words/s
2026-03-05 11:22:13,842 - gensim.models.word2vec - INFO - EPOCH 5: training on 1000 raw words (120 effective words) took 0.0s, 38796 effective words/s
2026-03-05 11:22:13,867 - gensim.models.word2vec - INFO - EPOCH 6: training on 1000 raw words (87 effective words) took 0.0s, 33680 effective words/s
2026-03-05 11:22:13,896 - gensim.models.word2vec - INFO - EPOCH 7: training on 1000 raw words (103 effective words) took 0.0s, 205630 effective words/s
2026-03-05 11:22:13,925 - gensim.models.word2vec - INFO - EPOCH 8: training on 1000 raw words (92 effective words) took 0.0s, 254566 effective words/s
2026-03-05 11:22:13,956 - gensim.models.word2vec - INFO - EPOCH 9: training on 1000 raw words (72 effective words) took 0.0s, 27661 effective words/s
2026-03-05 11:22:13,956 - gensim.utils - INFO - Word2Vec lifecycle event {'msg': 'training on 10000 raw words (932 effective words) took 0.3s, 3441 effective words/s', 'datetime': '2026-03-05T11:22:13.956608', 'gensim': '4.4.0', 'python': '3.11.6 (tags/v3.11.6:8b6ee5b, Oct  2 2023, 14:57:12) [MSC v.1935 64 bit (AMD64)]', 'platform': 'Windows-10-10.0.26200-SP0', 'event': 'train'}
2026-03-05 11:22:13,958 - gensim.utils - INFO - Word2Vec lifecycle event {'params': 'Word2Vec<vocab=8, vector_size=200, alpha=0.025>', 'datetime': '2026-03-05T11:22:13.958967', 'gensim': '4.4.0', 'python': '3.11.6 (tags/v3.11.6:8b6ee5b, Oct  2 2023, 14:57:12) [MSC v.1935 64 bit (AMD64)]', 'platform': 'Windows-10-10.0.26200-SP0', 'event': 'created'}
2026-03-05 11:22:13,958 - gensim.utils - INFO - Word2Vec lifecycle event {'fname_or_handle': 'models/word2vec\\w2v_skipgram_sz200_win2_ep10.model', 'separately': 'None', 'sep_limit': 10485760, 'ignore': frozenset(), 'datetime': '2026-03-05T11:22:13.958967', 'gensim': '4.4.0', 'python': '3.11.6 (tags/v3.11.6:8b6ee5b, Oct  2 2023, 14:57:12) [MSC v.1935 64 bit (AMD64)]', 'platform': 'Windows-10-10.0.26200-SP0', 'event': 'saving'}
2026-03-05 11:22:13,958 - gensim.utils - INFO - not storing attribute cum_table
2026-03-05 11:22:13,958 - gensim.utils - INFO - saved models/word2vec\w2v_skipgram_sz200_win2_ep10.model
2026-03-05 11:22:13,958 - NLP_Project - INFO - Training w2v_skipgram_sz200_win2_ep20...
2026-03-05 11:22:13,958 - gensim.models.word2vec - INFO - collecting all words and their counts
2026-03-05 11:22:13,958 - gensim.models.word2vec - INFO - PROGRESS: at sentence #0, processed 0 words, keeping 0 word types
2026-03-05 11:22:13,967 - gensim.models.word2vec - INFO - collected 8 word types from a corpus of 1000 raw words and 300 sentences
2026-03-05 11:22:13,968 - gensim.models.word2vec - INFO - Creating a fresh vocabulary
2026-03-05 11:22:13,968 - gensim.utils - INFO - Word2Vec lifecycle event {'msg': 'effective_min_count=5 retains 8 unique words (100.00% of original 8, drops 0)', 'datetime': '2026-03-05T11:22:13.968874', 'gensim': '4.4.0', 'python': '3.11.6 (tags/v3.11.6:8b6ee5b, Oct  2 2023, 14:57:12) [MSC v.1935 64 bit (AMD64)]', 'platform': 'Windows-10-10.0.26200-SP0', 'event': 'prepare_vocab'}
2026-03-05 11:22:13,968 - gensim.utils - INFO - Word2Vec lifecycle event {'msg': 'effective_min_count=5 leaves 1000 word corpus (100.00% of original 1000, drops 0)', 'datetime': '2026-03-05T11:22:13.968874', 'gensim': '4.4.0', 'python': '3.11.6 (tags/v3.11.6:8b6ee5b, Oct  2 2023, 14:57:12) [MSC v.1935 64 bit (AMD64)]', 'platform': 'Windows-10-10.0.26200-SP0', 'event': 'prepare_vocab'}
2026-03-05 11:22:13,968 - gensim.models.word2vec - INFO - deleting the raw counts dictionary of 8 items
2026-03-05 11:22:13,968 - gensim.models.word2vec - INFO - sample=0.001 downsamples 8 most-common words
2026-03-05 11:22:13,970 - gensim.utils - INFO - Word2Vec lifecycle event {'msg': 'downsampling leaves estimated 95.32050807568878 word corpus (9.5%% of prior 1000)', 'datetime': '2026-03-05T11:22:13.970449', 'gensim': '4.4.0', 'python': '3.11.6 (tags/v3.11.6:8b6ee5b, Oct  2 2023, 14:57:12) [MSC v.1935 64 bit (AMD64)]', 'platform': 'Windows-10-10.0.26200-SP0', 'event': 'prepare_vocab'}
2026-03-05 11:22:13,971 - gensim.models.word2vec - INFO - estimated required memory for 8 words and 200 dimensions: 16800 bytes
2026-03-05 11:22:13,971 - gensim.models.word2vec - INFO - resetting layer weights
2026-03-05 11:22:13,972 - gensim.utils - INFO - Word2Vec lifecycle event {'update': False, 'trim_rule': 'None', 'datetime': '2026-03-05T11:22:13.972132', 'gensim': '4.4.0', 'python': '3.11.6 (tags/v3.11.6:8b6ee5b, Oct  2 2023, 14:57:12) [MSC v.1935 64 bit (AMD64)]', 'platform': 'Windows-10-10.0.26200-SP0', 'event': 'build_vocab'}
2026-03-05 11:22:13,972 - gensim.utils - INFO - Word2Vec lifecycle event {'msg': 'training model with 16 workers on 8 vocabulary and 200 features, using sg=1 hs=0 sample=0.001 negative=5 window=2 shrink_windows=True', 'datetime': '2026-03-05T11:22:13.972132', 'gensim': '4.4.0', 'python': '3.11.6 (tags/v3.11.6:8b6ee5b, Oct  2 2023, 14:57:12) [MSC v.1935 64 bit (AMD64)]', 'platform': 'Windows-10-10.0.26200-SP0', 'event': 'train'}
2026-03-05 11:22:13,997 - gensim.models.word2vec - INFO - EPOCH 0: training on 1000 raw words (83 effective words) took 0.0s, 154793 effective words/s
2026-03-05 11:22:14,026 - gensim.models.word2vec - INFO - EPOCH 1: training on 1000 raw words (89 effective words) took 0.0s, 22099 effective words/s
2026-03-05 11:22:14,053 - gensim.models.word2vec - INFO - EPOCH 2: training on 1000 raw words (88 effective words) took 0.0s, 34368 effective words/s
2026-03-05 11:22:14,079 - gensim.models.word2vec - INFO - EPOCH 3: training on 1000 raw words (96 effective words) took 0.0s, 32018 effective words/s
2026-03-05 11:22:14,110 - gensim.models.word2vec - INFO - EPOCH 4: training on 1000 raw words (102 effective words) took 0.0s, 26628 effective words/s
2026-03-05 11:22:14,137 - gensim.models.word2vec - INFO - EPOCH 5: training on 1000 raw words (120 effective words) took 0.0s, 31130 effective words/s
2026-03-05 11:22:14,167 - gensim.models.word2vec - INFO - EPOCH 6: training on 1000 raw words (87 effective words) took 0.0s, 23700 effective words/s
2026-03-05 11:22:14,195 - gensim.models.word2vec - INFO - EPOCH 7: training on 1000 raw words (103 effective words) took 0.0s, 139756 effective words/s
2026-03-05 11:22:14,222 - gensim.models.word2vec - INFO - EPOCH 8: training on 1000 raw words (92 effective words) took 0.0s, 31846 effective words/s
2026-03-05 11:22:14,251 - gensim.models.word2vec - INFO - EPOCH 9: training on 1000 raw words (72 effective words) took 0.0s, 107527 effective words/s
2026-03-05 11:22:14,296 - gensim.models.word2vec - INFO - EPOCH 10: training on 1000 raw words (118 effective words) took 0.0s, 22503 effective words/s
2026-03-05 11:22:14,345 - gensim.models.word2vec - INFO - EPOCH 11: training on 1000 raw words (80 effective words) took 0.0s, 21848 effective words/s
2026-03-05 11:22:14,370 - gensim.models.word2vec - INFO - EPOCH 12: training on 1000 raw words (84 effective words) took 0.0s, 37335 effective words/s
2026-03-05 11:22:14,392 - gensim.models.word2vec - INFO - EPOCH 13: training on 1000 raw words (91 effective words) took 0.0s, 250620 effective words/s
2026-03-05 11:22:14,406 - gensim.models.word2vec - INFO - EPOCH 14: training on 1000 raw words (92 effective words) took 0.0s, 67687 effective words/s
2026-03-05 11:22:14,422 - gensim.models.word2vec - INFO - EPOCH 15: training on 1000 raw words (94 effective words) took 0.0s, 503751 effective words/s
2026-03-05 11:22:14,436 - gensim.models.word2vec - INFO - EPOCH 16: training on 1000 raw words (100 effective words) took 0.0s, 248942 effective words/s
2026-03-05 11:22:14,457 - gensim.models.word2vec - INFO - EPOCH 17: training on 1000 raw words (96 effective words) took 0.0s, 179071 effective words/s
2026-03-05 11:22:14,482 - gensim.models.word2vec - INFO - EPOCH 18: training on 1000 raw words (95 effective words) took 0.0s, 51853 effective words/s
2026-03-05 11:22:14,513 - gensim.models.word2vec - INFO - EPOCH 19: training on 1000 raw words (103 effective words) took 0.0s, 18839 effective words/s
2026-03-05 11:22:14,513 - gensim.utils - INFO - Word2Vec lifecycle event {'msg': 'training on 20000 raw words (1885 effective words) took 0.5s, 3472 effective words/s', 'datetime': '2026-03-05T11:22:14.513859', 'gensim': '4.4.0', 'python': '3.11.6 (tags/v3.11.6:8b6ee5b, Oct  2 2023, 14:57:12) [MSC v.1935 64 bit (AMD64)]', 'platform': 'Windows-10-10.0.26200-SP0', 'event': 'train'}
2026-03-05 11:22:14,517 - gensim.utils - INFO - Word2Vec lifecycle event {'params': 'Word2Vec<vocab=8, vector_size=200, alpha=0.025>', 'datetime': '2026-03-05T11:22:14.517301', 'gensim': '4.4.0', 'python': '3.11.6 (tags/v3.11.6:8b6ee5b, Oct  2 2023, 14:57:12) [MSC v.1935 64 bit (AMD64)]', 'platform': 'Windows-10-10.0.26200-SP0', 'event': 'created'}
2026-03-05 11:22:14,517 - gensim.utils - INFO - Word2Vec lifecycle event {'fname_or_handle': 'models/word2vec\\w2v_skipgram_sz200_win2_ep20.model', 'separately': 'None', 'sep_limit': 10485760, 'ignore': frozenset(), 'datetime': '2026-03-05T11:22:14.517984', 'gensim': '4.4.0', 'python': '3.11.6 (tags/v3.11.6:8b6ee5b, Oct  2 2023, 14:57:12) [MSC v.1935 64 bit (AMD64)]', 'platform': 'Windows-10-10.0.26200-SP0', 'event': 'saving'}
2026-03-05 11:22:14,517 - gensim.utils - INFO - not storing attribute cum_table
2026-03-05 11:22:14,520 - gensim.utils - INFO - saved models/word2vec\w2v_skipgram_sz200_win2_ep20.model
2026-03-05 11:22:14,522 - NLP_Project - INFO - Training w2v_cbow_sz200_win5_ep5...
2026-03-05 11:22:14,522 - gensim.models.word2vec - INFO - collecting all words and their counts
2026-03-05 11:22:14,522 - gensim.models.word2vec - INFO - PROGRESS: at sentence #0, processed 0 words, keeping 0 word types
2026-03-05 11:22:14,526 - gensim.models.word2vec - INFO - collected 8 word types from a corpus of 1000 raw words and 300 sentences
2026-03-05 11:22:14,526 - gensim.models.word2vec - INFO - Creating a fresh vocabulary
2026-03-05 11:22:14,526 - gensim.utils - INFO - Word2Vec lifecycle event {'msg': 'effective_min_count=5 retains 8 unique words (100.00% of original 8, drops 0)', 'datetime': '2026-03-05T11:22:14.526231', 'gensim': '4.4.0', 'python': '3.11.6 (tags/v3.11.6:8b6ee5b, Oct  2 2023, 14:57:12) [MSC v.1935 64 bit (AMD64)]', 'platform': 'Windows-10-10.0.26200-SP0', 'event': 'prepare_vocab'}
2026-03-05 11:22:14,526 - gensim.utils - INFO - Word2Vec lifecycle event {'msg': 'effective_min_count=5 leaves 1000 word corpus (100.00% of original 1000, drops 0)', 'datetime': '2026-03-05T11:22:14.526231', 'gensim': '4.4.0', 'python': '3.11.6 (tags/v3.11.6:8b6ee5b, Oct  2 2023, 14:57:12) [MSC v.1935 64 bit (AMD64)]', 'platform': 'Windows-10-10.0.26200-SP0', 'event': 'prepare_vocab'}
2026-03-05 11:22:14,526 - gensim.models.word2vec - INFO - deleting the raw counts dictionary of 8 items
2026-03-05 11:22:14,526 - gensim.models.word2vec - INFO - sample=0.001 downsamples 8 most-common words
2026-03-05 11:22:14,529 - gensim.utils - INFO - Word2Vec lifecycle event {'msg': 'downsampling leaves estimated 95.32050807568878 word corpus (9.5%% of prior 1000)', 'datetime': '2026-03-05T11:22:14.529980', 'gensim': '4.4.0', 'python': '3.11.6 (tags/v3.11.6:8b6ee5b, Oct  2 2023, 14:57:12) [MSC v.1935 64 bit (AMD64)]', 'platform': 'Windows-10-10.0.26200-SP0', 'event': 'prepare_vocab'}
2026-03-05 11:22:14,531 - gensim.models.word2vec - INFO - estimated required memory for 8 words and 200 dimensions: 16800 bytes
2026-03-05 11:22:14,531 - gensim.models.word2vec - INFO - resetting layer weights
2026-03-05 11:22:14,532 - gensim.utils - INFO - Word2Vec lifecycle event {'update': False, 'trim_rule': 'None', 'datetime': '2026-03-05T11:22:14.532166', 'gensim': '4.4.0', 'python': '3.11.6 (tags/v3.11.6:8b6ee5b, Oct  2 2023, 14:57:12) [MSC v.1935 64 bit (AMD64)]', 'platform': 'Windows-10-10.0.26200-SP0', 'event': 'build_vocab'}
2026-03-05 11:22:14,533 - gensim.utils - INFO - Word2Vec lifecycle event {'msg': 'training model with 16 workers on 8 vocabulary and 200 features, using sg=0 hs=0 sample=0.001 negative=5 window=5 shrink_windows=True', 'datetime': '2026-03-05T11:22:14.533330', 'gensim': '4.4.0', 'python': '3.11.6 (tags/v3.11.6:8b6ee5b, Oct  2 2023, 14:57:12) [MSC v.1935 64 bit (AMD64)]', 'platform': 'Windows-10-10.0.26200-SP0', 'event': 'train'}
2026-03-05 11:22:14,559 - gensim.models.word2vec - INFO - EPOCH 0: training on 1000 raw words (83 effective words) took 0.0s, 110740 effective words/s
2026-03-05 11:22:14,597 - gensim.models.word2vec - INFO - EPOCH 1: training on 1000 raw words (92 effective words) took 0.0s, 23265 effective words/s
2026-03-05 11:22:14,625 - gensim.models.word2vec - INFO - EPOCH 2: training on 1000 raw words (82 effective words) took 0.0s, 132429 effective words/s
2026-03-05 11:22:14,657 - gensim.models.word2vec - INFO - EPOCH 3: training on 1000 raw words (96 effective words) took 0.0s, 29021 effective words/s
2026-03-05 11:22:14,687 - gensim.models.word2vec - INFO - EPOCH 4: training on 1000 raw words (96 effective words) took 0.0s, 163543 effective words/s
2026-03-05 11:22:14,687 - gensim.utils - INFO - Word2Vec lifecycle event {'msg': 'training on 5000 raw words (449 effective words) took 0.2s, 2903 effective words/s', 'datetime': '2026-03-05T11:22:14.687560', 'gensim': '4.4.0', 'python': '3.11.6 (tags/v3.11.6:8b6ee5b, Oct  2 2023, 14:57:12) [MSC v.1935 64 bit (AMD64)]', 'platform': 'Windows-10-10.0.26200-SP0', 'event': 'train'}
2026-03-05 11:22:14,687 - gensim.utils - INFO - Word2Vec lifecycle event {'params': 'Word2Vec<vocab=8, vector_size=200, alpha=0.025>', 'datetime': '2026-03-05T11:22:14.687560', 'gensim': '4.4.0', 'python': '3.11.6 (tags/v3.11.6:8b6ee5b, Oct  2 2023, 14:57:12) [MSC v.1935 64 bit (AMD64)]', 'platform': 'Windows-10-10.0.26200-SP0', 'event': 'created'}
2026-03-05 11:22:14,690 - gensim.utils - INFO - Word2Vec lifecycle event {'fname_or_handle': 'models/word2vec\\w2v_cbow_sz200_win5_ep5.model', 'separately': 'None', 'sep_limit': 10485760, 'ignore': frozenset(), 'datetime': '2026-03-05T11:22:14.690331', 'gensim': '4.4.0', 'python': '3.11.6 (tags/v3.11.6:8b6ee5b, Oct  2 2023, 14:57:12) [MSC v.1935 64 bit (AMD64)]', 'platform': 'Windows-10-10.0.26200-SP0', 'event': 'saving'}
2026-03-05 11:22:14,690 - gensim.utils - INFO - not storing attribute cum_table
2026-03-05 11:22:14,693 - gensim.utils - INFO - saved models/word2vec\w2v_cbow_sz200_win5_ep5.model
2026-03-05 11:22:14,693 - NLP_Project - INFO - Training w2v_cbow_sz200_win5_ep10...
2026-03-05 11:22:14,696 - gensim.models.word2vec - INFO - collecting all words and their counts
2026-03-05 11:22:14,696 - gensim.models.word2vec - INFO - PROGRESS: at sentence #0, processed 0 words, keeping 0 word types
2026-03-05 11:22:14,697 - gensim.models.word2vec - INFO - collected 8 word types from a corpus of 1000 raw words and 300 sentences
2026-03-05 11:22:14,697 - gensim.models.word2vec - INFO - Creating a fresh vocabulary
2026-03-05 11:22:14,698 - gensim.utils - INFO - Word2Vec lifecycle event {'msg': 'effective_min_count=5 retains 8 unique words (100.00% of original 8, drops 0)', 'datetime': '2026-03-05T11:22:14.698318', 'gensim': '4.4.0', 'python': '3.11.6 (tags/v3.11.6:8b6ee5b, Oct  2 2023, 14:57:12) [MSC v.1935 64 bit (AMD64)]', 'platform': 'Windows-10-10.0.26200-SP0', 'event': 'prepare_vocab'}
2026-03-05 11:22:14,698 - gensim.utils - INFO - Word2Vec lifecycle event {'msg': 'effective_min_count=5 leaves 1000 word corpus (100.00% of original 1000, drops 0)', 'datetime': '2026-03-05T11:22:14.698318', 'gensim': '4.4.0', 'python': '3.11.6 (tags/v3.11.6:8b6ee5b, Oct  2 2023, 14:57:12) [MSC v.1935 64 bit (AMD64)]', 'platform': 'Windows-10-10.0.26200-SP0', 'event': 'prepare_vocab'}
2026-03-05 11:22:14,698 - gensim.models.word2vec - INFO - deleting the raw counts dictionary of 8 items
2026-03-05 11:22:14,698 - gensim.models.word2vec - INFO - sample=0.001 downsamples 8 most-common words
2026-03-05 11:22:14,698 - gensim.utils - INFO - Word2Vec lifecycle event {'msg': 'downsampling leaves estimated 95.32050807568878 word corpus (9.5%% of prior 1000)', 'datetime': '2026-03-05T11:22:14.698318', 'gensim': '4.4.0', 'python': '3.11.6 (tags/v3.11.6:8b6ee5b, Oct  2 2023, 14:57:12) [MSC v.1935 64 bit (AMD64)]', 'platform': 'Windows-10-10.0.26200-SP0', 'event': 'prepare_vocab'}
2026-03-05 11:22:14,701 - gensim.models.word2vec - INFO - estimated required memory for 8 words and 200 dimensions: 16800 bytes
2026-03-05 11:22:14,701 - gensim.models.word2vec - INFO - resetting layer weights
2026-03-05 11:22:14,702 - gensim.utils - INFO - Word2Vec lifecycle event {'update': False, 'trim_rule': 'None', 'datetime': '2026-03-05T11:22:14.702776', 'gensim': '4.4.0', 'python': '3.11.6 (tags/v3.11.6:8b6ee5b, Oct  2 2023, 14:57:12) [MSC v.1935 64 bit (AMD64)]', 'platform': 'Windows-10-10.0.26200-SP0', 'event': 'build_vocab'}
2026-03-05 11:22:14,703 - gensim.utils - INFO - Word2Vec lifecycle event {'msg': 'training model with 16 workers on 8 vocabulary and 200 features, using sg=0 hs=0 sample=0.001 negative=5 window=5 shrink_windows=True', 'datetime': '2026-03-05T11:22:14.703448', 'gensim': '4.4.0', 'python': '3.11.6 (tags/v3.11.6:8b6ee5b, Oct  2 2023, 14:57:12) [MSC v.1935 64 bit (AMD64)]', 'platform': 'Windows-10-10.0.26200-SP0', 'event': 'train'}
2026-03-05 11:22:14,729 - gensim.models.word2vec - INFO - EPOCH 0: training on 1000 raw words (83 effective words) took 0.0s, 20099 effective words/s
2026-03-05 11:22:14,759 - gensim.models.word2vec - INFO - EPOCH 1: training on 1000 raw words (92 effective words) took 0.0s, 107539 effective words/s
2026-03-05 11:22:14,787 - gensim.models.word2vec - INFO - EPOCH 2: training on 1000 raw words (82 effective words) took 0.0s, 22967 effective words/s
2026-03-05 11:22:14,817 - gensim.models.word2vec - INFO - EPOCH 3: training on 1000 raw words (96 effective words) took 0.0s, 22223 effective words/s
2026-03-05 11:22:14,845 - gensim.models.word2vec - INFO - EPOCH 4: training on 1000 raw words (96 effective words) took 0.0s, 102433 effective words/s
2026-03-05 11:22:14,879 - gensim.models.word2vec - INFO - EPOCH 5: training on 1000 raw words (95 effective words) took 0.0s, 22556 effective words/s
2026-03-05 11:22:14,913 - gensim.models.word2vec - INFO - EPOCH 6: training on 1000 raw words (93 effective words) took 0.0s, 23158 effective words/s
2026-03-05 11:22:14,947 - gensim.models.word2vec - INFO - EPOCH 7: training on 1000 raw words (79 effective words) took 0.0s, 19898 effective words/s
2026-03-05 11:22:14,976 - gensim.models.word2vec - INFO - EPOCH 8: training on 1000 raw words (102 effective words) took 0.0s, 85277 effective words/s
2026-03-05 11:22:15,004 - gensim.models.word2vec - INFO - EPOCH 9: training on 1000 raw words (99 effective words) took 0.0s, 41520 effective words/s
2026-03-05 11:22:15,005 - gensim.utils - INFO - Word2Vec lifecycle event {'msg': 'training on 10000 raw words (917 effective words) took 0.3s, 3041 effective words/s', 'datetime': '2026-03-05T11:22:15.005609', 'gensim': '4.4.0', 'python': '3.11.6 (tags/v3.11.6:8b6ee5b, Oct  2 2023, 14:57:12) [MSC v.1935 64 bit (AMD64)]', 'platform': 'Windows-10-10.0.26200-SP0', 'event': 'train'}
2026-03-05 11:22:15,006 - gensim.utils - INFO - Word2Vec lifecycle event {'params': 'Word2Vec<vocab=8, vector_size=200, alpha=0.025>', 'datetime': '2026-03-05T11:22:15.006821', 'gensim': '4.4.0', 'python': '3.11.6 (tags/v3.11.6:8b6ee5b, Oct  2 2023, 14:57:12) [MSC v.1935 64 bit (AMD64)]', 'platform': 'Windows-10-10.0.26200-SP0', 'event': 'created'}
2026-03-05 11:22:15,006 - gensim.utils - INFO - Word2Vec lifecycle event {'fname_or_handle': 'models/word2vec\\w2v_cbow_sz200_win5_ep10.model', 'separately': 'None', 'sep_limit': 10485760, 'ignore': frozenset(), 'datetime': '2026-03-05T11:22:15.006821', 'gensim': '4.4.0', 'python': '3.11.6 (tags/v3.11.6:8b6ee5b, Oct  2 2023, 14:57:12) [MSC v.1935 64 bit (AMD64)]', 'platform': 'Windows-10-10.0.26200-SP0', 'event': 'saving'}
2026-03-05 11:22:15,008 - gensim.utils - INFO - not storing attribute cum_table
2026-03-05 11:22:15,014 - gensim.utils - INFO - saved models/word2vec\w2v_cbow_sz200_win5_ep10.model
2026-03-05 11:22:15,015 - NLP_Project - INFO - Training w2v_cbow_sz200_win5_ep20...
2026-03-05 11:22:15,016 - gensim.models.word2vec - INFO - collecting all words and their counts
2026-03-05 11:22:15,017 - gensim.models.word2vec - INFO - PROGRESS: at sentence #0, processed 0 words, keeping 0 word types
2026-03-05 11:22:15,017 - gensim.models.word2vec - INFO - collected 8 word types from a corpus of 1000 raw words and 300 sentences
2026-03-05 11:22:15,017 - gensim.models.word2vec - INFO - Creating a fresh vocabulary
2026-03-05 11:22:15,017 - gensim.utils - INFO - Word2Vec lifecycle event {'msg': 'effective_min_count=5 retains 8 unique words (100.00% of original 8, drops 0)', 'datetime': '2026-03-05T11:22:15.017428', 'gensim': '4.4.0', 'python': '3.11.6 (tags/v3.11.6:8b6ee5b, Oct  2 2023, 14:57:12) [MSC v.1935 64 bit (AMD64)]', 'platform': 'Windows-10-10.0.26200-SP0', 'event': 'prepare_vocab'}
2026-03-05 11:22:15,017 - gensim.utils - INFO - Word2Vec lifecycle event {'msg': 'effective_min_count=5 leaves 1000 word corpus (100.00% of original 1000, drops 0)', 'datetime': '2026-03-05T11:22:15.017428', 'gensim': '4.4.0', 'python': '3.11.6 (tags/v3.11.6:8b6ee5b, Oct  2 2023, 14:57:12) [MSC v.1935 64 bit (AMD64)]', 'platform': 'Windows-10-10.0.26200-SP0', 'event': 'prepare_vocab'}
2026-03-05 11:22:15,020 - gensim.models.word2vec - INFO - deleting the raw counts dictionary of 8 items
2026-03-05 11:22:15,021 - gensim.models.word2vec - INFO - sample=0.001 downsamples 8 most-common words
2026-03-05 11:22:15,022 - gensim.utils - INFO - Word2Vec lifecycle event {'msg': 'downsampling leaves estimated 95.32050807568878 word corpus (9.5%% of prior 1000)', 'datetime': '2026-03-05T11:22:15.022097', 'gensim': '4.4.0', 'python': '3.11.6 (tags/v3.11.6:8b6ee5b, Oct  2 2023, 14:57:12) [MSC v.1935 64 bit (AMD64)]', 'platform': 'Windows-10-10.0.26200-SP0', 'event': 'prepare_vocab'}
2026-03-05 11:22:15,022 - gensim.models.word2vec - INFO - estimated required memory for 8 words and 200 dimensions: 16800 bytes
2026-03-05 11:22:15,022 - gensim.models.word2vec - INFO - resetting layer weights
2026-03-05 11:22:15,022 - gensim.utils - INFO - Word2Vec lifecycle event {'update': False, 'trim_rule': 'None', 'datetime': '2026-03-05T11:22:15.022938', 'gensim': '4.4.0', 'python': '3.11.6 (tags/v3.11.6:8b6ee5b, Oct  2 2023, 14:57:12) [MSC v.1935 64 bit (AMD64)]', 'platform': 'Windows-10-10.0.26200-SP0', 'event': 'build_vocab'}
2026-03-05 11:22:15,022 - gensim.utils - INFO - Word2Vec lifecycle event {'msg': 'training model with 16 workers on 8 vocabulary and 200 features, using sg=0 hs=0 sample=0.001 negative=5 window=5 shrink_windows=True', 'datetime': '2026-03-05T11:22:15.022938', 'gensim': '4.4.0', 'python': '3.11.6 (tags/v3.11.6:8b6ee5b, Oct  2 2023, 14:57:12) [MSC v.1935 64 bit (AMD64)]', 'platform': 'Windows-10-10.0.26200-SP0', 'event': 'train'}
2026-03-05 11:22:15,047 - gensim.models.word2vec - INFO - EPOCH 0: training on 1000 raw words (83 effective words) took 0.0s, 21197 effective words/s
2026-03-05 11:22:15,070 - gensim.models.word2vec - INFO - EPOCH 1: training on 1000 raw words (92 effective words) took 0.0s, 149959 effective words/s
2026-03-05 11:22:15,098 - gensim.models.word2vec - INFO - EPOCH 2: training on 1000 raw words (82 effective words) took 0.0s, 24406 effective words/s
2026-03-05 11:22:15,128 - gensim.models.word2vec - INFO - EPOCH 3: training on 1000 raw words (96 effective words) took 0.0s, 194371 effective words/s
2026-03-05 11:22:15,153 - gensim.models.word2vec - INFO - EPOCH 4: training on 1000 raw words (96 effective words) took 0.0s, 194845 effective words/s
2026-03-05 11:22:15,181 - gensim.models.word2vec - INFO - EPOCH 5: training on 1000 raw words (95 effective words) took 0.0s, 31214 effective words/s
2026-03-05 11:22:15,209 - gensim.models.word2vec - INFO - EPOCH 6: training on 1000 raw words (93 effective words) took 0.0s, 26272 effective words/s
2026-03-05 11:22:15,237 - gensim.models.word2vec - INFO - EPOCH 7: training on 1000 raw words (79 effective words) took 0.0s, 26699 effective words/s
2026-03-05 11:22:15,267 - gensim.models.word2vec - INFO - EPOCH 8: training on 1000 raw words (102 effective words) took 0.0s, 31251 effective words/s
2026-03-05 11:22:15,295 - gensim.models.word2vec - INFO - EPOCH 9: training on 1000 raw words (99 effective words) took 0.0s, 31069 effective words/s
2026-03-05 11:22:15,323 - gensim.models.word2vec - INFO - EPOCH 10: training on 1000 raw words (89 effective words) took 0.0s, 24957 effective words/s
2026-03-05 11:22:15,347 - gensim.models.word2vec - INFO - EPOCH 11: training on 1000 raw words (99 effective words) took 0.0s, 195768 effective words/s
2026-03-05 11:22:15,381 - gensim.models.word2vec - INFO - EPOCH 12: training on 1000 raw words (88 effective words) took 0.0s, 25127 effective words/s
2026-03-05 11:22:15,411 - gensim.models.word2vec - INFO - EPOCH 13: training on 1000 raw words (100 effective words) took 0.0s, 231428 effective words/s
2026-03-05 11:22:15,441 - gensim.models.word2vec - INFO - EPOCH 14: training on 1000 raw words (89 effective words) took 0.0s, 27429 effective words/s
2026-03-05 11:22:15,467 - gensim.models.word2vec - INFO - EPOCH 15: training on 1000 raw words (104 effective words) took 0.0s, 30810 effective words/s
2026-03-05 11:22:15,496 - gensim.models.word2vec - INFO - EPOCH 16: training on 1000 raw words (105 effective words) took 0.0s, 28355 effective words/s
2026-03-05 11:22:15,525 - gensim.models.word2vec - INFO - EPOCH 17: training on 1000 raw words (84 effective words) took 0.0s, 24655 effective words/s
2026-03-05 11:22:15,553 - gensim.models.word2vec - INFO - EPOCH 18: training on 1000 raw words (85 effective words) took 0.0s, 26205 effective words/s
2026-03-05 11:22:15,583 - gensim.models.word2vec - INFO - EPOCH 19: training on 1000 raw words (90 effective words) took 0.0s, 26251 effective words/s
2026-03-05 11:22:15,583 - gensim.utils - INFO - Word2Vec lifecycle event {'msg': 'training on 20000 raw words (1850 effective words) took 0.6s, 3311 effective words/s', 'datetime': '2026-03-05T11:22:15.583413', 'gensim': '4.4.0', 'python': '3.11.6 (tags/v3.11.6:8b6ee5b, Oct  2 2023, 14:57:12) [MSC v.1935 64 bit (AMD64)]', 'platform': 'Windows-10-10.0.26200-SP0', 'event': 'train'}
2026-03-05 11:22:15,583 - gensim.utils - INFO - Word2Vec lifecycle event {'params': 'Word2Vec<vocab=8, vector_size=200, alpha=0.025>', 'datetime': '2026-03-05T11:22:15.583413', 'gensim': '4.4.0', 'python': '3.11.6 (tags/v3.11.6:8b6ee5b, Oct  2 2023, 14:57:12) [MSC v.1935 64 bit (AMD64)]', 'platform': 'Windows-10-10.0.26200-SP0', 'event': 'created'}
2026-03-05 11:22:15,585 - gensim.utils - INFO - Word2Vec lifecycle event {'fname_or_handle': 'models/word2vec\\w2v_cbow_sz200_win5_ep20.model', 'separately': 'None', 'sep_limit': 10485760, 'ignore': frozenset(), 'datetime': '2026-03-05T11:22:15.585027', 'gensim': '4.4.0', 'python': '3.11.6 (tags/v3.11.6:8b6ee5b, Oct  2 2023, 14:57:12) [MSC v.1935 64 bit (AMD64)]', 'platform': 'Windows-10-10.0.26200-SP0', 'event': 'saving'}
2026-03-05 11:22:15,585 - gensim.utils - INFO - not storing attribute cum_table
2026-03-05 11:22:15,587 - gensim.utils - INFO - saved models/word2vec\w2v_cbow_sz200_win5_ep20.model
2026-03-05 11:22:15,587 - NLP_Project - INFO - Training w2v_skipgram_sz200_win5_ep5...
2026-03-05 11:22:15,589 - gensim.models.word2vec - INFO - collecting all words and their counts
2026-03-05 11:22:15,590 - gensim.models.word2vec - INFO - PROGRESS: at sentence #0, processed 0 words, keeping 0 word types
2026-03-05 11:22:15,591 - gensim.models.word2vec - INFO - collected 8 word types from a corpus of 1000 raw words and 300 sentences
2026-03-05 11:22:15,592 - gensim.models.word2vec - INFO - Creating a fresh vocabulary
2026-03-05 11:22:15,592 - gensim.utils - INFO - Word2Vec lifecycle event {'msg': 'effective_min_count=5 retains 8 unique words (100.00% of original 8, drops 0)', 'datetime': '2026-03-05T11:22:15.592255', 'gensim': '4.4.0', 'python': '3.11.6 (tags/v3.11.6:8b6ee5b, Oct  2 2023, 14:57:12) [MSC v.1935 64 bit (AMD64)]', 'platform': 'Windows-10-10.0.26200-SP0', 'event': 'prepare_vocab'}
2026-03-05 11:22:15,593 - gensim.utils - INFO - Word2Vec lifecycle event {'msg': 'effective_min_count=5 leaves 1000 word corpus (100.00% of original 1000, drops 0)', 'datetime': '2026-03-05T11:22:15.593927', 'gensim': '4.4.0', 'python': '3.11.6 (tags/v3.11.6:8b6ee5b, Oct  2 2023, 14:57:12) [MSC v.1935 64 bit (AMD64)]', 'platform': 'Windows-10-10.0.26200-SP0', 'event': 'prepare_vocab'}
2026-03-05 11:22:15,593 - gensim.models.word2vec - INFO - deleting the raw counts dictionary of 8 items
2026-03-05 11:22:15,595 - gensim.models.word2vec - INFO - sample=0.001 downsamples 8 most-common words
2026-03-05 11:22:15,596 - gensim.utils - INFO - Word2Vec lifecycle event {'msg': 'downsampling leaves estimated 95.32050807568878 word corpus (9.5%% of prior 1000)', 'datetime': '2026-03-05T11:22:15.596061', 'gensim': '4.4.0', 'python': '3.11.6 (tags/v3.11.6:8b6ee5b, Oct  2 2023, 14:57:12) [MSC v.1935 64 bit (AMD64)]', 'platform': 'Windows-10-10.0.26200-SP0', 'event': 'prepare_vocab'}
2026-03-05 11:22:15,599 - gensim.models.word2vec - INFO - estimated required memory for 8 words and 200 dimensions: 16800 bytes
2026-03-05 11:22:15,599 - gensim.models.word2vec - INFO - resetting layer weights
2026-03-05 11:22:15,599 - gensim.utils - INFO - Word2Vec lifecycle event {'update': False, 'trim_rule': 'None', 'datetime': '2026-03-05T11:22:15.599687', 'gensim': '4.4.0', 'python': '3.11.6 (tags/v3.11.6:8b6ee5b, Oct  2 2023, 14:57:12) [MSC v.1935 64 bit (AMD64)]', 'platform': 'Windows-10-10.0.26200-SP0', 'event': 'build_vocab'}
2026-03-05 11:22:15,602 - gensim.utils - INFO - Word2Vec lifecycle event {'msg': 'training model with 16 workers on 8 vocabulary and 200 features, using sg=1 hs=0 sample=0.001 negative=5 window=5 shrink_windows=True', 'datetime': '2026-03-05T11:22:15.602109', 'gensim': '4.4.0', 'python': '3.11.6 (tags/v3.11.6:8b6ee5b, Oct  2 2023, 14:57:12) [MSC v.1935 64 bit (AMD64)]', 'platform': 'Windows-10-10.0.26200-SP0', 'event': 'train'}
2026-03-05 11:22:15,625 - gensim.models.word2vec - INFO - EPOCH 0: training on 1000 raw words (83 effective words) took 0.0s, 111111 effective words/s
2026-03-05 11:22:15,653 - gensim.models.word2vec - INFO - EPOCH 1: training on 1000 raw words (92 effective words) took 0.0s, 27410 effective words/s
2026-03-05 11:22:15,681 - gensim.models.word2vec - INFO - EPOCH 2: training on 1000 raw words (82 effective words) took 0.0s, 25692 effective words/s
2026-03-05 11:22:15,709 - gensim.models.word2vec - INFO - EPOCH 3: training on 1000 raw words (96 effective words) took 0.0s, 26452 effective words/s
2026-03-05 11:22:15,736 - gensim.models.word2vec - INFO - EPOCH 4: training on 1000 raw words (96 effective words) took 0.0s, 32036 effective words/s
2026-03-05 11:22:15,739 - gensim.utils - INFO - Word2Vec lifecycle event {'msg': 'training on 5000 raw words (449 effective words) took 0.1s, 3283 effective words/s', 'datetime': '2026-03-05T11:22:15.736963', 'gensim': '4.4.0', 'python': '3.11.6 (tags/v3.11.6:8b6ee5b, Oct  2 2023, 14:57:12) [MSC v.1935 64 bit (AMD64)]', 'platform': 'Windows-10-10.0.26200-SP0', 'event': 'train'}
2026-03-05 11:22:15,739 - gensim.utils - INFO - Word2Vec lifecycle event {'params': 'Word2Vec<vocab=8, vector_size=200, alpha=0.025>', 'datetime': '2026-03-05T11:22:15.739917', 'gensim': '4.4.0', 'python': '3.11.6 (tags/v3.11.6:8b6ee5b, Oct  2 2023, 14:57:12) [MSC v.1935 64 bit (AMD64)]', 'platform': 'Windows-10-10.0.26200-SP0', 'event': 'created'}
2026-03-05 11:22:15,739 - gensim.utils - INFO - Word2Vec lifecycle event {'fname_or_handle': 'models/word2vec\\w2v_skipgram_sz200_win5_ep5.model', 'separately': 'None', 'sep_limit': 10485760, 'ignore': frozenset(), 'datetime': '2026-03-05T11:22:15.739917', 'gensim': '4.4.0', 'python': '3.11.6 (tags/v3.11.6:8b6ee5b, Oct  2 2023, 14:57:12) [MSC v.1935 64 bit (AMD64)]', 'platform': 'Windows-10-10.0.26200-SP0', 'event': 'saving'}
2026-03-05 11:22:15,741 - gensim.utils - INFO - not storing attribute cum_table
2026-03-05 11:22:15,742 - gensim.utils - INFO - saved models/word2vec\w2v_skipgram_sz200_win5_ep5.model
2026-03-05 11:22:15,745 - NLP_Project - INFO - Training w2v_skipgram_sz200_win5_ep10...
2026-03-05 11:22:15,747 - gensim.models.word2vec - INFO - collecting all words and their counts
2026-03-05 11:22:15,747 - gensim.models.word2vec - INFO - PROGRESS: at sentence #0, processed 0 words, keeping 0 word types
2026-03-05 11:22:15,748 - gensim.models.word2vec - INFO - collected 8 word types from a corpus of 1000 raw words and 300 sentences
2026-03-05 11:22:15,749 - gensim.models.word2vec - INFO - Creating a fresh vocabulary
2026-03-05 11:22:15,749 - gensim.utils - INFO - Word2Vec lifecycle event {'msg': 'effective_min_count=5 retains 8 unique words (100.00% of original 8, drops 0)', 'datetime': '2026-03-05T11:22:15.749041', 'gensim': '4.4.0', 'python': '3.11.6 (tags/v3.11.6:8b6ee5b, Oct  2 2023, 14:57:12) [MSC v.1935 64 bit (AMD64)]', 'platform': 'Windows-10-10.0.26200-SP0', 'event': 'prepare_vocab'}
2026-03-05 11:22:15,750 - gensim.utils - INFO - Word2Vec lifecycle event {'msg': 'effective_min_count=5 leaves 1000 word corpus (100.00% of original 1000, drops 0)', 'datetime': '2026-03-05T11:22:15.750205', 'gensim': '4.4.0', 'python': '3.11.6 (tags/v3.11.6:8b6ee5b, Oct  2 2023, 14:57:12) [MSC v.1935 64 bit (AMD64)]', 'platform': 'Windows-10-10.0.26200-SP0', 'event': 'prepare_vocab'}
2026-03-05 11:22:15,751 - gensim.models.word2vec - INFO - deleting the raw counts dictionary of 8 items
2026-03-05 11:22:15,751 - gensim.models.word2vec - INFO - sample=0.001 downsamples 8 most-common words
2026-03-05 11:22:15,751 - gensim.utils - INFO - Word2Vec lifecycle event {'msg': 'downsampling leaves estimated 95.32050807568878 word corpus (9.5%% of prior 1000)', 'datetime': '2026-03-05T11:22:15.751038', 'gensim': '4.4.0', 'python': '3.11.6 (tags/v3.11.6:8b6ee5b, Oct  2 2023, 14:57:12) [MSC v.1935 64 bit (AMD64)]', 'platform': 'Windows-10-10.0.26200-SP0', 'event': 'prepare_vocab'}
2026-03-05 11:22:15,752 - gensim.models.word2vec - INFO - estimated required memory for 8 words and 200 dimensions: 16800 bytes
2026-03-05 11:22:15,752 - gensim.models.word2vec - INFO - resetting layer weights
2026-03-05 11:22:15,753 - gensim.utils - INFO - Word2Vec lifecycle event {'update': False, 'trim_rule': 'None', 'datetime': '2026-03-05T11:22:15.753690', 'gensim': '4.4.0', 'python': '3.11.6 (tags/v3.11.6:8b6ee5b, Oct  2 2023, 14:57:12) [MSC v.1935 64 bit (AMD64)]', 'platform': 'Windows-10-10.0.26200-SP0', 'event': 'build_vocab'}
2026-03-05 11:22:15,754 - gensim.utils - INFO - Word2Vec lifecycle event {'msg': 'training model with 16 workers on 8 vocabulary and 200 features, using sg=1 hs=0 sample=0.001 negative=5 window=5 shrink_windows=True', 'datetime': '2026-03-05T11:22:15.754489', 'gensim': '4.4.0', 'python': '3.11.6 (tags/v3.11.6:8b6ee5b, Oct  2 2023, 14:57:12) [MSC v.1935 64 bit (AMD64)]', 'platform': 'Windows-10-10.0.26200-SP0', 'event': 'train'}
2026-03-05 11:22:15,777 - gensim.models.word2vec - INFO - EPOCH 0: training on 1000 raw words (83 effective words) took 0.0s, 22728 effective words/s
2026-03-05 11:22:15,803 - gensim.models.word2vec - INFO - EPOCH 1: training on 1000 raw words (92 effective words) took 0.0s, 29240 effective words/s
2026-03-05 11:22:15,831 - gensim.models.word2vec - INFO - EPOCH 2: training on 1000 raw words (82 effective words) took 0.0s, 23946 effective words/s
2026-03-05 11:22:15,858 - gensim.models.word2vec - INFO - EPOCH 3: training on 1000 raw words (96 effective words) took 0.0s, 151443 effective words/s
2026-03-05 11:22:15,891 - gensim.models.word2vec - INFO - EPOCH 4: training on 1000 raw words (96 effective words) took 0.0s, 126266 effective words/s
2026-03-05 11:22:15,925 - gensim.models.word2vec - INFO - EPOCH 5: training on 1000 raw words (95 effective words) took 0.0s, 1275168 effective words/s
2026-03-05 11:22:15,953 - gensim.models.word2vec - INFO - EPOCH 6: training on 1000 raw words (93 effective words) took 0.0s, 78191 effective words/s
2026-03-05 11:22:15,980 - gensim.models.word2vec - INFO - EPOCH 7: training on 1000 raw words (79 effective words) took 0.0s, 24389 effective words/s
2026-03-05 11:22:16,010 - gensim.models.word2vec - INFO - EPOCH 8: training on 1000 raw words (102 effective words) took 0.0s, 26907 effective words/s
2026-03-05 11:22:16,038 - gensim.models.word2vec - INFO - EPOCH 9: training on 1000 raw words (99 effective words) took 0.0s, 32976 effective words/s
2026-03-05 11:22:16,038 - gensim.utils - INFO - Word2Vec lifecycle event {'msg': 'training on 10000 raw words (917 effective words) took 0.3s, 3225 effective words/s', 'datetime': '2026-03-05T11:22:16.038453', 'gensim': '4.4.0', 'python': '3.11.6 (tags/v3.11.6:8b6ee5b, Oct  2 2023, 14:57:12) [MSC v.1935 64 bit (AMD64)]', 'platform': 'Windows-10-10.0.26200-SP0', 'event': 'train'}
2026-03-05 11:22:16,040 - gensim.utils - INFO - Word2Vec lifecycle event {'params': 'Word2Vec<vocab=8, vector_size=200, alpha=0.025>', 'datetime': '2026-03-05T11:22:16.040029', 'gensim': '4.4.0', 'python': '3.11.6 (tags/v3.11.6:8b6ee5b, Oct  2 2023, 14:57:12) [MSC v.1935 64 bit (AMD64)]', 'platform': 'Windows-10-10.0.26200-SP0', 'event': 'created'}
2026-03-05 11:22:16,040 - gensim.utils - INFO - Word2Vec lifecycle event {'fname_or_handle': 'models/word2vec\\w2v_skipgram_sz200_win5_ep10.model', 'separately': 'None', 'sep_limit': 10485760, 'ignore': frozenset(), 'datetime': '2026-03-05T11:22:16.040029', 'gensim': '4.4.0', 'python': '3.11.6 (tags/v3.11.6:8b6ee5b, Oct  2 2023, 14:57:12) [MSC v.1935 64 bit (AMD64)]', 'platform': 'Windows-10-10.0.26200-SP0', 'event': 'saving'}
2026-03-05 11:22:16,042 - gensim.utils - INFO - not storing attribute cum_table
2026-03-05 11:22:16,042 - gensim.utils - INFO - saved models/word2vec\w2v_skipgram_sz200_win5_ep10.model
2026-03-05 11:22:16,045 - NLP_Project - INFO - Training w2v_skipgram_sz200_win5_ep20...
2026-03-05 11:22:16,046 - gensim.models.word2vec - INFO - collecting all words and their counts
2026-03-05 11:22:16,046 - gensim.models.word2vec - INFO - PROGRESS: at sentence #0, processed 0 words, keeping 0 word types
2026-03-05 11:22:16,048 - gensim.models.word2vec - INFO - collected 8 word types from a corpus of 1000 raw words and 300 sentences
2026-03-05 11:22:16,048 - gensim.models.word2vec - INFO - Creating a fresh vocabulary
2026-03-05 11:22:16,048 - gensim.utils - INFO - Word2Vec lifecycle event {'msg': 'effective_min_count=5 retains 8 unique words (100.00% of original 8, drops 0)', 'datetime': '2026-03-05T11:22:16.048941', 'gensim': '4.4.0', 'python': '3.11.6 (tags/v3.11.6:8b6ee5b, Oct  2 2023, 14:57:12) [MSC v.1935 64 bit (AMD64)]', 'platform': 'Windows-10-10.0.26200-SP0', 'event': 'prepare_vocab'}
2026-03-05 11:22:16,048 - gensim.utils - INFO - Word2Vec lifecycle event {'msg': 'effective_min_count=5 leaves 1000 word corpus (100.00% of original 1000, drops 0)', 'datetime': '2026-03-05T11:22:16.048941', 'gensim': '4.4.0', 'python': '3.11.6 (tags/v3.11.6:8b6ee5b, Oct  2 2023, 14:57:12) [MSC v.1935 64 bit (AMD64)]', 'platform': 'Windows-10-10.0.26200-SP0', 'event': 'prepare_vocab'}
2026-03-05 11:22:16,048 - gensim.models.word2vec - INFO - deleting the raw counts dictionary of 8 items
2026-03-05 11:22:16,048 - gensim.models.word2vec - INFO - sample=0.001 downsamples 8 most-common words
2026-03-05 11:22:16,048 - gensim.utils - INFO - Word2Vec lifecycle event {'msg': 'downsampling leaves estimated 95.32050807568878 word corpus (9.5%% of prior 1000)', 'datetime': '2026-03-05T11:22:16.048941', 'gensim': '4.4.0', 'python': '3.11.6 (tags/v3.11.6:8b6ee5b, Oct  2 2023, 14:57:12) [MSC v.1935 64 bit (AMD64)]', 'platform': 'Windows-10-10.0.26200-SP0', 'event': 'prepare_vocab'}
2026-03-05 11:22:16,052 - gensim.models.word2vec - INFO - estimated required memory for 8 words and 200 dimensions: 16800 bytes
2026-03-05 11:22:16,052 - gensim.models.word2vec - INFO - resetting layer weights
2026-03-05 11:22:16,053 - gensim.utils - INFO - Word2Vec lifecycle event {'update': False, 'trim_rule': 'None', 'datetime': '2026-03-05T11:22:16.053684', 'gensim': '4.4.0', 'python': '3.11.6 (tags/v3.11.6:8b6ee5b, Oct  2 2023, 14:57:12) [MSC v.1935 64 bit (AMD64)]', 'platform': 'Windows-10-10.0.26200-SP0', 'event': 'build_vocab'}
2026-03-05 11:22:16,053 - gensim.utils - INFO - Word2Vec lifecycle event {'msg': 'training model with 16 workers on 8 vocabulary and 200 features, using sg=1 hs=0 sample=0.001 negative=5 window=5 shrink_windows=True', 'datetime': '2026-03-05T11:22:16.053684', 'gensim': '4.4.0', 'python': '3.11.6 (tags/v3.11.6:8b6ee5b, Oct  2 2023, 14:57:12) [MSC v.1935 64 bit (AMD64)]', 'platform': 'Windows-10-10.0.26200-SP0', 'event': 'train'}
2026-03-05 11:22:16,076 - gensim.models.word2vec - INFO - EPOCH 0: training on 1000 raw words (83 effective words) took 0.0s, 92417 effective words/s
2026-03-05 11:22:16,100 - gensim.models.word2vec - INFO - EPOCH 1: training on 1000 raw words (92 effective words) took 0.0s, 28242 effective words/s
2026-03-05 11:22:16,125 - gensim.models.word2vec - INFO - EPOCH 2: training on 1000 raw words (82 effective words) took 0.0s, 21931 effective words/s
2026-03-05 11:22:16,147 - gensim.models.word2vec - INFO - EPOCH 3: training on 1000 raw words (96 effective words) took 0.0s, 50985 effective words/s
2026-03-05 11:22:16,167 - gensim.models.word2vec - INFO - EPOCH 4: training on 1000 raw words (96 effective words) took 0.0s, 54048 effective words/s
2026-03-05 11:22:16,192 - gensim.models.word2vec - INFO - EPOCH 5: training on 1000 raw words (95 effective words) took 0.0s, 173200 effective words/s
2026-03-05 11:22:16,220 - gensim.models.word2vec - INFO - EPOCH 6: training on 1000 raw words (93 effective words) took 0.0s, 39630 effective words/s
2026-03-05 11:22:16,247 - gensim.models.word2vec - INFO - EPOCH 7: training on 1000 raw words (79 effective words) took 0.0s, 23730 effective words/s
2026-03-05 11:22:16,280 - gensim.models.word2vec - INFO - EPOCH 8: training on 1000 raw words (102 effective words) took 0.0s, 38054 effective words/s
2026-03-05 11:22:16,310 - gensim.models.word2vec - INFO - EPOCH 9: training on 1000 raw words (99 effective words) took 0.0s, 151817 effective words/s
2026-03-05 11:22:16,340 - gensim.models.word2vec - INFO - EPOCH 10: training on 1000 raw words (89 effective words) took 0.0s, 34540 effective words/s
2026-03-05 11:22:16,367 - gensim.models.word2vec - INFO - EPOCH 11: training on 1000 raw words (99 effective words) took 0.0s, 302382 effective words/s
2026-03-05 11:22:16,395 - gensim.models.word2vec - INFO - EPOCH 12: training on 1000 raw words (88 effective words) took 0.0s, 62607 effective words/s
2026-03-05 11:22:16,422 - gensim.models.word2vec - INFO - EPOCH 13: training on 1000 raw words (100 effective words) took 0.0s, 36713 effective words/s
2026-03-05 11:22:16,454 - gensim.models.word2vec - INFO - EPOCH 14: training on 1000 raw words (89 effective words) took 0.0s, 31020 effective words/s
2026-03-05 11:22:16,488 - gensim.models.word2vec - INFO - EPOCH 15: training on 1000 raw words (104 effective words) took 0.0s, 22132 effective words/s
2026-03-05 11:22:16,517 - gensim.models.word2vec - INFO - EPOCH 16: training on 1000 raw words (105 effective words) took 0.0s, 34214 effective words/s
2026-03-05 11:22:16,553 - gensim.models.word2vec - INFO - EPOCH 17: training on 1000 raw words (84 effective words) took 0.0s, 28032 effective words/s
2026-03-05 11:22:16,579 - gensim.models.word2vec - INFO - EPOCH 18: training on 1000 raw words (85 effective words) took 0.0s, 23015 effective words/s
2026-03-05 11:22:16,597 - gensim.models.word2vec - INFO - EPOCH 19: training on 1000 raw words (90 effective words) took 0.0s, 26445 effective words/s
2026-03-05 11:22:16,597 - gensim.utils - INFO - Word2Vec lifecycle event {'msg': 'training on 20000 raw words (1850 effective words) took 0.5s, 3395 effective words/s', 'datetime': '2026-03-05T11:22:16.597482', 'gensim': '4.4.0', 'python': '3.11.6 (tags/v3.11.6:8b6ee5b, Oct  2 2023, 14:57:12) [MSC v.1935 64 bit (AMD64)]', 'platform': 'Windows-10-10.0.26200-SP0', 'event': 'train'}
2026-03-05 11:22:16,597 - gensim.utils - INFO - Word2Vec lifecycle event {'params': 'Word2Vec<vocab=8, vector_size=200, alpha=0.025>', 'datetime': '2026-03-05T11:22:16.597482', 'gensim': '4.4.0', 'python': '3.11.6 (tags/v3.11.6:8b6ee5b, Oct  2 2023, 14:57:12) [MSC v.1935 64 bit (AMD64)]', 'platform': 'Windows-10-10.0.26200-SP0', 'event': 'created'}
2026-03-05 11:22:16,597 - gensim.utils - INFO - Word2Vec lifecycle event {'fname_or_handle': 'models/word2vec\\w2v_skipgram_sz200_win5_ep20.model', 'separately': 'None', 'sep_limit': 10485760, 'ignore': frozenset(), 'datetime': '2026-03-05T11:22:16.597482', 'gensim': '4.4.0', 'python': '3.11.6 (tags/v3.11.6:8b6ee5b, Oct  2 2023, 14:57:12) [MSC v.1935 64 bit (AMD64)]', 'platform': 'Windows-10-10.0.26200-SP0', 'event': 'saving'}
2026-03-05 11:22:16,597 - gensim.utils - INFO - not storing attribute cum_table
2026-03-05 11:22:16,607 - gensim.utils - INFO - saved models/word2vec\w2v_skipgram_sz200_win5_ep20.model
2026-03-05 11:22:16,608 - NLP_Project - INFO - Training w2v_cbow_sz200_win10_ep5...
2026-03-05 11:22:16,611 - gensim.models.word2vec - INFO - collecting all words and their counts
2026-03-05 11:22:16,611 - gensim.models.word2vec - INFO - PROGRESS: at sentence #0, processed 0 words, keeping 0 word types
2026-03-05 11:22:16,611 - gensim.models.word2vec - INFO - collected 8 word types from a corpus of 1000 raw words and 300 sentences
2026-03-05 11:22:16,611 - gensim.models.word2vec - INFO - Creating a fresh vocabulary
2026-03-05 11:22:16,611 - gensim.utils - INFO - Word2Vec lifecycle event {'msg': 'effective_min_count=5 retains 8 unique words (100.00% of original 8, drops 0)', 'datetime': '2026-03-05T11:22:16.611025', 'gensim': '4.4.0', 'python': '3.11.6 (tags/v3.11.6:8b6ee5b, Oct  2 2023, 14:57:12) [MSC v.1935 64 bit (AMD64)]', 'platform': 'Windows-10-10.0.26200-SP0', 'event': 'prepare_vocab'}
2026-03-05 11:22:16,611 - gensim.utils - INFO - Word2Vec lifecycle event {'msg': 'effective_min_count=5 leaves 1000 word corpus (100.00% of original 1000, drops 0)', 'datetime': '2026-03-05T11:22:16.611025', 'gensim': '4.4.0', 'python': '3.11.6 (tags/v3.11.6:8b6ee5b, Oct  2 2023, 14:57:12) [MSC v.1935 64 bit (AMD64)]', 'platform': 'Windows-10-10.0.26200-SP0', 'event': 'prepare_vocab'}
2026-03-05 11:22:16,616 - gensim.models.word2vec - INFO - deleting the raw counts dictionary of 8 items
2026-03-05 11:22:16,617 - gensim.models.word2vec - INFO - sample=0.001 downsamples 8 most-common words
2026-03-05 11:22:16,618 - gensim.utils - INFO - Word2Vec lifecycle event {'msg': 'downsampling leaves estimated 95.32050807568878 word corpus (9.5%% of prior 1000)', 'datetime': '2026-03-05T11:22:16.618139', 'gensim': '4.4.0', 'python': '3.11.6 (tags/v3.11.6:8b6ee5b, Oct  2 2023, 14:57:12) [MSC v.1935 64 bit (AMD64)]', 'platform': 'Windows-10-10.0.26200-SP0', 'event': 'prepare_vocab'}
2026-03-05 11:22:16,618 - gensim.models.word2vec - INFO - estimated required memory for 8 words and 200 dimensions: 16800 bytes
2026-03-05 11:22:16,618 - gensim.models.word2vec - INFO - resetting layer weights
2026-03-05 11:22:16,618 - gensim.utils - INFO - Word2Vec lifecycle event {'update': False, 'trim_rule': 'None', 'datetime': '2026-03-05T11:22:16.618139', 'gensim': '4.4.0', 'python': '3.11.6 (tags/v3.11.6:8b6ee5b, Oct  2 2023, 14:57:12) [MSC v.1935 64 bit (AMD64)]', 'platform': 'Windows-10-10.0.26200-SP0', 'event': 'build_vocab'}
2026-03-05 11:22:16,620 - gensim.utils - INFO - Word2Vec lifecycle event {'msg': 'training model with 16 workers on 8 vocabulary and 200 features, using sg=0 hs=0 sample=0.001 negative=5 window=10 shrink_windows=True', 'datetime': '2026-03-05T11:22:16.620259', 'gensim': '4.4.0', 'python': '3.11.6 (tags/v3.11.6:8b6ee5b, Oct  2 2023, 14:57:12) [MSC v.1935 64 bit (AMD64)]', 'platform': 'Windows-10-10.0.26200-SP0', 'event': 'train'}
2026-03-05 11:22:16,639 - gensim.models.word2vec - INFO - EPOCH 0: training on 1000 raw words (83 effective words) took 0.0s, 65910 effective words/s
2026-03-05 11:22:16,658 - gensim.models.word2vec - INFO - EPOCH 1: training on 1000 raw words (99 effective words) took 0.0s, 165857 effective words/s
2026-03-05 11:22:16,680 - gensim.models.word2vec - INFO - EPOCH 2: training on 1000 raw words (111 effective words) took 0.0s, 318599 effective words/s
2026-03-05 11:22:16,709 - gensim.models.word2vec - INFO - EPOCH 3: training on 1000 raw words (99 effective words) took 0.0s, 23392 effective words/s
2026-03-05 11:22:16,742 - gensim.models.word2vec - INFO - EPOCH 4: training on 1000 raw words (103 effective words) took 0.0s, 163000 effective words/s
2026-03-05 11:22:16,742 - gensim.utils - INFO - Word2Vec lifecycle event {'msg': 'training on 5000 raw words (495 effective words) took 0.1s, 4037 effective words/s', 'datetime': '2026-03-05T11:22:16.742965', 'gensim': '4.4.0', 'python': '3.11.6 (tags/v3.11.6:8b6ee5b, Oct  2 2023, 14:57:12) [MSC v.1935 64 bit (AMD64)]', 'platform': 'Windows-10-10.0.26200-SP0', 'event': 'train'}
2026-03-05 11:22:16,742 - gensim.utils - INFO - Word2Vec lifecycle event {'params': 'Word2Vec<vocab=8, vector_size=200, alpha=0.025>', 'datetime': '2026-03-05T11:22:16.742965', 'gensim': '4.4.0', 'python': '3.11.6 (tags/v3.11.6:8b6ee5b, Oct  2 2023, 14:57:12) [MSC v.1935 64 bit (AMD64)]', 'platform': 'Windows-10-10.0.26200-SP0', 'event': 'created'}
2026-03-05 11:22:16,742 - gensim.utils - INFO - Word2Vec lifecycle event {'fname_or_handle': 'models/word2vec\\w2v_cbow_sz200_win10_ep5.model', 'separately': 'None', 'sep_limit': 10485760, 'ignore': frozenset(), 'datetime': '2026-03-05T11:22:16.742965', 'gensim': '4.4.0', 'python': '3.11.6 (tags/v3.11.6:8b6ee5b, Oct  2 2023, 14:57:12) [MSC v.1935 64 bit (AMD64)]', 'platform': 'Windows-10-10.0.26200-SP0', 'event': 'saving'}
2026-03-05 11:22:16,745 - gensim.utils - INFO - not storing attribute cum_table
2026-03-05 11:22:16,746 - gensim.utils - INFO - saved models/word2vec\w2v_cbow_sz200_win10_ep5.model
2026-03-05 11:22:16,746 - NLP_Project - INFO - Training w2v_cbow_sz200_win10_ep10...
2026-03-05 11:22:16,749 - gensim.models.word2vec - INFO - collecting all words and their counts
2026-03-05 11:22:16,749 - gensim.models.word2vec - INFO - PROGRESS: at sentence #0, processed 0 words, keeping 0 word types
2026-03-05 11:22:16,751 - gensim.models.word2vec - INFO - collected 8 word types from a corpus of 1000 raw words and 300 sentences
2026-03-05 11:22:16,751 - gensim.models.word2vec - INFO - Creating a fresh vocabulary
2026-03-05 11:22:16,751 - gensim.utils - INFO - Word2Vec lifecycle event {'msg': 'effective_min_count=5 retains 8 unique words (100.00% of original 8, drops 0)', 'datetime': '2026-03-05T11:22:16.751439', 'gensim': '4.4.0', 'python': '3.11.6 (tags/v3.11.6:8b6ee5b, Oct  2 2023, 14:57:12) [MSC v.1935 64 bit (AMD64)]', 'platform': 'Windows-10-10.0.26200-SP0', 'event': 'prepare_vocab'}
2026-03-05 11:22:16,753 - gensim.utils - INFO - Word2Vec lifecycle event {'msg': 'effective_min_count=5 leaves 1000 word corpus (100.00% of original 1000, drops 0)', 'datetime': '2026-03-05T11:22:16.751439', 'gensim': '4.4.0', 'python': '3.11.6 (tags/v3.11.6:8b6ee5b, Oct  2 2023, 14:57:12) [MSC v.1935 64 bit (AMD64)]', 'platform': 'Windows-10-10.0.26200-SP0', 'event': 'prepare_vocab'}
2026-03-05 11:22:16,754 - gensim.models.word2vec - INFO - deleting the raw counts dictionary of 8 items
2026-03-05 11:22:16,754 - gensim.models.word2vec - INFO - sample=0.001 downsamples 8 most-common words
2026-03-05 11:22:16,754 - gensim.utils - INFO - Word2Vec lifecycle event {'msg': 'downsampling leaves estimated 95.32050807568878 word corpus (9.5%% of prior 1000)', 'datetime': '2026-03-05T11:22:16.754255', 'gensim': '4.4.0', 'python': '3.11.6 (tags/v3.11.6:8b6ee5b, Oct  2 2023, 14:57:12) [MSC v.1935 64 bit (AMD64)]', 'platform': 'Windows-10-10.0.26200-SP0', 'event': 'prepare_vocab'}
2026-03-05 11:22:16,754 - gensim.models.word2vec - INFO - estimated required memory for 8 words and 200 dimensions: 16800 bytes
2026-03-05 11:22:16,754 - gensim.models.word2vec - INFO - resetting layer weights
2026-03-05 11:22:16,756 - gensim.utils - INFO - Word2Vec lifecycle event {'update': False, 'trim_rule': 'None', 'datetime': '2026-03-05T11:22:16.756862', 'gensim': '4.4.0', 'python': '3.11.6 (tags/v3.11.6:8b6ee5b, Oct  2 2023, 14:57:12) [MSC v.1935 64 bit (AMD64)]', 'platform': 'Windows-10-10.0.26200-SP0', 'event': 'build_vocab'}
2026-03-05 11:22:16,756 - gensim.utils - INFO - Word2Vec lifecycle event {'msg': 'training model with 16 workers on 8 vocabulary and 200 features, using sg=0 hs=0 sample=0.001 negative=5 window=10 shrink_windows=True', 'datetime': '2026-03-05T11:22:16.756862', 'gensim': '4.4.0', 'python': '3.11.6 (tags/v3.11.6:8b6ee5b, Oct  2 2023, 14:57:12) [MSC v.1935 64 bit (AMD64)]', 'platform': 'Windows-10-10.0.26200-SP0', 'event': 'train'}
2026-03-05 11:22:16,783 - gensim.models.word2vec - INFO - EPOCH 0: training on 1000 raw words (83 effective words) took 0.0s, 23663 effective words/s
2026-03-05 11:22:16,806 - gensim.models.word2vec - INFO - EPOCH 1: training on 1000 raw words (99 effective words) took 0.0s, 30252 effective words/s
2026-03-05 11:22:16,830 - gensim.models.word2vec - INFO - EPOCH 2: training on 1000 raw words (111 effective words) took 0.0s, 177175 effective words/s
2026-03-05 11:22:16,853 - gensim.models.word2vec - INFO - EPOCH 3: training on 1000 raw words (99 effective words) took 0.0s, 171073 effective words/s
2026-03-05 11:22:16,874 - gensim.models.word2vec - INFO - EPOCH 4: training on 1000 raw words (103 effective words) took 0.0s, 33561 effective words/s
2026-03-05 11:22:16,909 - gensim.models.word2vec - INFO - EPOCH 5: training on 1000 raw words (98 effective words) took 0.0s, 186987 effective words/s
2026-03-05 11:22:16,939 - gensim.models.word2vec - INFO - EPOCH 6: training on 1000 raw words (94 effective words) took 0.0s, 27505 effective words/s
2026-03-05 11:22:16,970 - gensim.models.word2vec - INFO - EPOCH 7: training on 1000 raw words (99 effective words) took 0.0s, 35536 effective words/s
2026-03-05 11:22:16,996 - gensim.models.word2vec - INFO - EPOCH 8: training on 1000 raw words (97 effective words) took 0.0s, 36047 effective words/s
2026-03-05 11:22:17,020 - gensim.models.word2vec - INFO - EPOCH 9: training on 1000 raw words (89 effective words) took 0.0s, 27636 effective words/s
2026-03-05 11:22:17,022 - gensim.utils - INFO - Word2Vec lifecycle event {'msg': 'training on 10000 raw words (972 effective words) took 0.3s, 3694 effective words/s', 'datetime': '2026-03-05T11:22:17.022124', 'gensim': '4.4.0', 'python': '3.11.6 (tags/v3.11.6:8b6ee5b, Oct  2 2023, 14:57:12) [MSC v.1935 64 bit (AMD64)]', 'platform': 'Windows-10-10.0.26200-SP0', 'event': 'train'}
2026-03-05 11:22:17,022 - gensim.utils - INFO - Word2Vec lifecycle event {'params': 'Word2Vec<vocab=8, vector_size=200, alpha=0.025>', 'datetime': '2026-03-05T11:22:17.022483', 'gensim': '4.4.0', 'python': '3.11.6 (tags/v3.11.6:8b6ee5b, Oct  2 2023, 14:57:12) [MSC v.1935 64 bit (AMD64)]', 'platform': 'Windows-10-10.0.26200-SP0', 'event': 'created'}
2026-03-05 11:22:17,022 - gensim.utils - INFO - Word2Vec lifecycle event {'fname_or_handle': 'models/word2vec\\w2v_cbow_sz200_win10_ep10.model', 'separately': 'None', 'sep_limit': 10485760, 'ignore': frozenset(), 'datetime': '2026-03-05T11:22:17.022483', 'gensim': '4.4.0', 'python': '3.11.6 (tags/v3.11.6:8b6ee5b, Oct  2 2023, 14:57:12) [MSC v.1935 64 bit (AMD64)]', 'platform': 'Windows-10-10.0.26200-SP0', 'event': 'saving'}
2026-03-05 11:22:17,022 - gensim.utils - INFO - not storing attribute cum_table
2026-03-05 11:22:17,025 - gensim.utils - INFO - saved models/word2vec\w2v_cbow_sz200_win10_ep10.model
2026-03-05 11:22:17,025 - NLP_Project - INFO - Training w2v_cbow_sz200_win10_ep20...
2026-03-05 11:22:17,025 - gensim.models.word2vec - INFO - collecting all words and their counts
2026-03-05 11:22:17,025 - gensim.models.word2vec - INFO - PROGRESS: at sentence #0, processed 0 words, keeping 0 word types
2026-03-05 11:22:17,025 - gensim.models.word2vec - INFO - collected 8 word types from a corpus of 1000 raw words and 300 sentences
2026-03-05 11:22:17,025 - gensim.models.word2vec - INFO - Creating a fresh vocabulary
2026-03-05 11:22:17,025 - gensim.utils - INFO - Word2Vec lifecycle event {'msg': 'effective_min_count=5 retains 8 unique words (100.00% of original 8, drops 0)', 'datetime': '2026-03-05T11:22:17.025402', 'gensim': '4.4.0', 'python': '3.11.6 (tags/v3.11.6:8b6ee5b, Oct  2 2023, 14:57:12) [MSC v.1935 64 bit (AMD64)]', 'platform': 'Windows-10-10.0.26200-SP0', 'event': 'prepare_vocab'}
2026-03-05 11:22:17,025 - gensim.utils - INFO - Word2Vec lifecycle event {'msg': 'effective_min_count=5 leaves 1000 word corpus (100.00% of original 1000, drops 0)', 'datetime': '2026-03-05T11:22:17.025402', 'gensim': '4.4.0', 'python': '3.11.6 (tags/v3.11.6:8b6ee5b, Oct  2 2023, 14:57:12) [MSC v.1935 64 bit (AMD64)]', 'platform': 'Windows-10-10.0.26200-SP0', 'event': 'prepare_vocab'}
2026-03-05 11:22:17,031 - gensim.models.word2vec - INFO - deleting the raw counts dictionary of 8 items
2026-03-05 11:22:17,031 - gensim.models.word2vec - INFO - sample=0.001 downsamples 8 most-common words
2026-03-05 11:22:17,032 - gensim.utils - INFO - Word2Vec lifecycle event {'msg': 'downsampling leaves estimated 95.32050807568878 word corpus (9.5%% of prior 1000)', 'datetime': '2026-03-05T11:22:17.032541', 'gensim': '4.4.0', 'python': '3.11.6 (tags/v3.11.6:8b6ee5b, Oct  2 2023, 14:57:12) [MSC v.1935 64 bit (AMD64)]', 'platform': 'Windows-10-10.0.26200-SP0', 'event': 'prepare_vocab'}
2026-03-05 11:22:17,033 - gensim.models.word2vec - INFO - estimated required memory for 8 words and 200 dimensions: 16800 bytes
2026-03-05 11:22:17,033 - gensim.models.word2vec - INFO - resetting layer weights
2026-03-05 11:22:17,034 - gensim.utils - INFO - Word2Vec lifecycle event {'update': False, 'trim_rule': 'None', 'datetime': '2026-03-05T11:22:17.034032', 'gensim': '4.4.0', 'python': '3.11.6 (tags/v3.11.6:8b6ee5b, Oct  2 2023, 14:57:12) [MSC v.1935 64 bit (AMD64)]', 'platform': 'Windows-10-10.0.26200-SP0', 'event': 'build_vocab'}
2026-03-05 11:22:17,034 - gensim.utils - INFO - Word2Vec lifecycle event {'msg': 'training model with 16 workers on 8 vocabulary and 200 features, using sg=0 hs=0 sample=0.001 negative=5 window=10 shrink_windows=True', 'datetime': '2026-03-05T11:22:17.034032', 'gensim': '4.4.0', 'python': '3.11.6 (tags/v3.11.6:8b6ee5b, Oct  2 2023, 14:57:12) [MSC v.1935 64 bit (AMD64)]', 'platform': 'Windows-10-10.0.26200-SP0', 'event': 'train'}
2026-03-05 11:22:17,049 - gensim.models.word2vec - INFO - EPOCH 0: training on 1000 raw words (83 effective words) took 0.0s, 215809 effective words/s
2026-03-05 11:22:17,075 - gensim.models.word2vec - INFO - EPOCH 1: training on 1000 raw words (99 effective words) took 0.0s, 168884 effective words/s
2026-03-05 11:22:17,103 - gensim.models.word2vec - INFO - EPOCH 2: training on 1000 raw words (111 effective words) took 0.0s, 224515 effective words/s
2026-03-05 11:22:17,125 - gensim.models.word2vec - INFO - EPOCH 3: training on 1000 raw words (99 effective words) took 0.0s, 258283 effective words/s
2026-03-05 11:22:17,161 - gensim.models.word2vec - INFO - EPOCH 4: training on 1000 raw words (103 effective words) took 0.0s, 33717 effective words/s
2026-03-05 11:22:17,188 - gensim.models.word2vec - INFO - EPOCH 5: training on 1000 raw words (98 effective words) took 0.0s, 32672 effective words/s
2026-03-05 11:22:17,217 - gensim.models.word2vec - INFO - EPOCH 6: training on 1000 raw words (94 effective words) took 0.0s, 32415 effective words/s
2026-03-05 11:22:17,242 - gensim.models.word2vec - INFO - EPOCH 7: training on 1000 raw words (99 effective words) took 0.0s, 58946 effective words/s
2026-03-05 11:22:17,267 - gensim.models.word2vec - INFO - EPOCH 8: training on 1000 raw words (97 effective words) took 0.0s, 32348 effective words/s
2026-03-05 11:22:17,290 - gensim.models.word2vec - INFO - EPOCH 9: training on 1000 raw words (89 effective words) took 0.0s, 154086 effective words/s
2026-03-05 11:22:17,308 - gensim.models.word2vec - INFO - EPOCH 10: training on 1000 raw words (90 effective words) took 0.0s, 34208 effective words/s
2026-03-05 11:22:17,341 - gensim.models.word2vec - INFO - EPOCH 11: training on 1000 raw words (96 effective words) took 0.0s, 22582 effective words/s
2026-03-05 11:22:17,368 - gensim.models.word2vec - INFO - EPOCH 12: training on 1000 raw words (102 effective words) took 0.0s, 39425 effective words/s
2026-03-05 11:22:17,397 - gensim.models.word2vec - INFO - EPOCH 13: training on 1000 raw words (116 effective words) took 0.0s, 155163 effective words/s
2026-03-05 11:22:17,436 - gensim.models.word2vec - INFO - EPOCH 14: training on 1000 raw words (78 effective words) took 0.0s, 14748 effective words/s
2026-03-05 11:22:17,483 - gensim.models.word2vec - INFO - EPOCH 15: training on 1000 raw words (93 effective words) took 0.0s, 19141 effective words/s
2026-03-05 11:22:17,517 - gensim.models.word2vec - INFO - EPOCH 16: training on 1000 raw words (85 effective words) took 0.0s, 118881 effective words/s
2026-03-05 11:22:17,543 - gensim.models.word2vec - INFO - EPOCH 17: training on 1000 raw words (92 effective words) took 0.0s, 28719 effective words/s
2026-03-05 11:22:17,558 - gensim.models.word2vec - INFO - EPOCH 18: training on 1000 raw words (107 effective words) took 0.0s, 36777 effective words/s
2026-03-05 11:22:17,573 - gensim.models.word2vec - INFO - EPOCH 19: training on 1000 raw words (116 effective words) took 0.0s, 47750 effective words/s
2026-03-05 11:22:17,573 - gensim.utils - INFO - Word2Vec lifecycle event {'msg': 'training on 20000 raw words (1947 effective words) took 0.5s, 3603 effective words/s', 'datetime': '2026-03-05T11:22:17.573430', 'gensim': '4.4.0', 'python': '3.11.6 (tags/v3.11.6:8b6ee5b, Oct  2 2023, 14:57:12) [MSC v.1935 64 bit (AMD64)]', 'platform': 'Windows-10-10.0.26200-SP0', 'event': 'train'}
2026-03-05 11:22:17,575 - gensim.utils - INFO - Word2Vec lifecycle event {'params': 'Word2Vec<vocab=8, vector_size=200, alpha=0.025>', 'datetime': '2026-03-05T11:22:17.575676', 'gensim': '4.4.0', 'python': '3.11.6 (tags/v3.11.6:8b6ee5b, Oct  2 2023, 14:57:12) [MSC v.1935 64 bit (AMD64)]', 'platform': 'Windows-10-10.0.26200-SP0', 'event': 'created'}
2026-03-05 11:22:17,576 - gensim.utils - INFO - Word2Vec lifecycle event {'fname_or_handle': 'models/word2vec\\w2v_cbow_sz200_win10_ep20.model', 'separately': 'None', 'sep_limit': 10485760, 'ignore': frozenset(), 'datetime': '2026-03-05T11:22:17.576395', 'gensim': '4.4.0', 'python': '3.11.6 (tags/v3.11.6:8b6ee5b, Oct  2 2023, 14:57:12) [MSC v.1935 64 bit (AMD64)]', 'platform': 'Windows-10-10.0.26200-SP0', 'event': 'saving'}
2026-03-05 11:22:17,576 - gensim.utils - INFO - not storing attribute cum_table
2026-03-05 11:22:17,583 - gensim.utils - INFO - saved models/word2vec\w2v_cbow_sz200_win10_ep20.model
2026-03-05 11:22:17,584 - NLP_Project - INFO - Training w2v_skipgram_sz200_win10_ep5...
2026-03-05 11:22:17,584 - gensim.models.word2vec - INFO - collecting all words and their counts
2026-03-05 11:22:17,584 - gensim.models.word2vec - INFO - PROGRESS: at sentence #0, processed 0 words, keeping 0 word types
2026-03-05 11:22:17,584 - gensim.models.word2vec - INFO - collected 8 word types from a corpus of 1000 raw words and 300 sentences
2026-03-05 11:22:17,584 - gensim.models.word2vec - INFO - Creating a fresh vocabulary
2026-03-05 11:22:17,584 - gensim.utils - INFO - Word2Vec lifecycle event {'msg': 'effective_min_count=5 retains 8 unique words (100.00% of original 8, drops 0)', 'datetime': '2026-03-05T11:22:17.584144', 'gensim': '4.4.0', 'python': '3.11.6 (tags/v3.11.6:8b6ee5b, Oct  2 2023, 14:57:12) [MSC v.1935 64 bit (AMD64)]', 'platform': 'Windows-10-10.0.26200-SP0', 'event': 'prepare_vocab'}
2026-03-05 11:22:17,586 - gensim.utils - INFO - Word2Vec lifecycle event {'msg': 'effective_min_count=5 leaves 1000 word corpus (100.00% of original 1000, drops 0)', 'datetime': '2026-03-05T11:22:17.586772', 'gensim': '4.4.0', 'python': '3.11.6 (tags/v3.11.6:8b6ee5b, Oct  2 2023, 14:57:12) [MSC v.1935 64 bit (AMD64)]', 'platform': 'Windows-10-10.0.26200-SP0', 'event': 'prepare_vocab'}
2026-03-05 11:22:17,586 - gensim.models.word2vec - INFO - deleting the raw counts dictionary of 8 items
2026-03-05 11:22:17,586 - gensim.models.word2vec - INFO - sample=0.001 downsamples 8 most-common words
2026-03-05 11:22:17,586 - gensim.utils - INFO - Word2Vec lifecycle event {'msg': 'downsampling leaves estimated 95.32050807568878 word corpus (9.5%% of prior 1000)', 'datetime': '2026-03-05T11:22:17.586772', 'gensim': '4.4.0', 'python': '3.11.6 (tags/v3.11.6:8b6ee5b, Oct  2 2023, 14:57:12) [MSC v.1935 64 bit (AMD64)]', 'platform': 'Windows-10-10.0.26200-SP0', 'event': 'prepare_vocab'}
2026-03-05 11:22:17,586 - gensim.models.word2vec - INFO - estimated required memory for 8 words and 200 dimensions: 16800 bytes
2026-03-05 11:22:17,586 - gensim.models.word2vec - INFO - resetting layer weights
2026-03-05 11:22:17,586 - gensim.utils - INFO - Word2Vec lifecycle event {'update': False, 'trim_rule': 'None', 'datetime': '2026-03-05T11:22:17.586772', 'gensim': '4.4.0', 'python': '3.11.6 (tags/v3.11.6:8b6ee5b, Oct  2 2023, 14:57:12) [MSC v.1935 64 bit (AMD64)]', 'platform': 'Windows-10-10.0.26200-SP0', 'event': 'build_vocab'}
2026-03-05 11:22:17,586 - gensim.utils - INFO - Word2Vec lifecycle event {'msg': 'training model with 16 workers on 8 vocabulary and 200 features, using sg=1 hs=0 sample=0.001 negative=5 window=10 shrink_windows=True', 'datetime': '2026-03-05T11:22:17.586772', 'gensim': '4.4.0', 'python': '3.11.6 (tags/v3.11.6:8b6ee5b, Oct  2 2023, 14:57:12) [MSC v.1935 64 bit (AMD64)]', 'platform': 'Windows-10-10.0.26200-SP0', 'event': 'train'}
2026-03-05 11:22:17,607 - gensim.models.word2vec - INFO - EPOCH 0: training on 1000 raw words (83 effective words) took 0.0s, 72858 effective words/s
2026-03-05 11:22:17,640 - gensim.models.word2vec - INFO - EPOCH 1: training on 1000 raw words (99 effective words) took 0.0s, 25088 effective words/s
2026-03-05 11:22:17,675 - gensim.models.word2vec - INFO - EPOCH 2: training on 1000 raw words (111 effective words) took 0.0s, 65942 effective words/s
2026-03-05 11:22:17,710 - gensim.models.word2vec - INFO - EPOCH 3: training on 1000 raw words (99 effective words) took 0.0s, 17921 effective words/s
2026-03-05 11:22:17,747 - gensim.models.word2vec - INFO - EPOCH 4: training on 1000 raw words (103 effective words) took 0.0s, 26431 effective words/s
2026-03-05 11:22:17,747 - gensim.utils - INFO - Word2Vec lifecycle event {'msg': 'training on 5000 raw words (495 effective words) took 0.2s, 3051 effective words/s', 'datetime': '2026-03-05T11:22:17.747889', 'gensim': '4.4.0', 'python': '3.11.6 (tags/v3.11.6:8b6ee5b, Oct  2 2023, 14:57:12) [MSC v.1935 64 bit (AMD64)]', 'platform': 'Windows-10-10.0.26200-SP0', 'event': 'train'}
2026-03-05 11:22:17,747 - gensim.utils - INFO - Word2Vec lifecycle event {'params': 'Word2Vec<vocab=8, vector_size=200, alpha=0.025>', 'datetime': '2026-03-05T11:22:17.747889', 'gensim': '4.4.0', 'python': '3.11.6 (tags/v3.11.6:8b6ee5b, Oct  2 2023, 14:57:12) [MSC v.1935 64 bit (AMD64)]', 'platform': 'Windows-10-10.0.26200-SP0', 'event': 'created'}
2026-03-05 11:22:17,747 - gensim.utils - INFO - Word2Vec lifecycle event {'fname_or_handle': 'models/word2vec\\w2v_skipgram_sz200_win10_ep5.model', 'separately': 'None', 'sep_limit': 10485760, 'ignore': frozenset(), 'datetime': '2026-03-05T11:22:17.747889', 'gensim': '4.4.0', 'python': '3.11.6 (tags/v3.11.6:8b6ee5b, Oct  2 2023, 14:57:12) [MSC v.1935 64 bit (AMD64)]', 'platform': 'Windows-10-10.0.26200-SP0', 'event': 'saving'}
2026-03-05 11:22:17,753 - gensim.utils - INFO - not storing attribute cum_table
2026-03-05 11:22:17,756 - gensim.utils - INFO - saved models/word2vec\w2v_skipgram_sz200_win10_ep5.model
2026-03-05 11:22:17,757 - NLP_Project - INFO - Training w2v_skipgram_sz200_win10_ep10...
2026-03-05 11:22:17,758 - gensim.models.word2vec - INFO - collecting all words and their counts
2026-03-05 11:22:17,758 - gensim.models.word2vec - INFO - PROGRESS: at sentence #0, processed 0 words, keeping 0 word types
2026-03-05 11:22:17,758 - gensim.models.word2vec - INFO - collected 8 word types from a corpus of 1000 raw words and 300 sentences
2026-03-05 11:22:17,758 - gensim.models.word2vec - INFO - Creating a fresh vocabulary
2026-03-05 11:22:17,758 - gensim.utils - INFO - Word2Vec lifecycle event {'msg': 'effective_min_count=5 retains 8 unique words (100.00% of original 8, drops 0)', 'datetime': '2026-03-05T11:22:17.758933', 'gensim': '4.4.0', 'python': '3.11.6 (tags/v3.11.6:8b6ee5b, Oct  2 2023, 14:57:12) [MSC v.1935 64 bit (AMD64)]', 'platform': 'Windows-10-10.0.26200-SP0', 'event': 'prepare_vocab'}
2026-03-05 11:22:17,758 - gensim.utils - INFO - Word2Vec lifecycle event {'msg': 'effective_min_count=5 leaves 1000 word corpus (100.00% of original 1000, drops 0)', 'datetime': '2026-03-05T11:22:17.758933', 'gensim': '4.4.0', 'python': '3.11.6 (tags/v3.11.6:8b6ee5b, Oct  2 2023, 14:57:12) [MSC v.1935 64 bit (AMD64)]', 'platform': 'Windows-10-10.0.26200-SP0', 'event': 'prepare_vocab'}
2026-03-05 11:22:17,764 - gensim.models.word2vec - INFO - deleting the raw counts dictionary of 8 items
2026-03-05 11:22:17,765 - gensim.models.word2vec - INFO - sample=0.001 downsamples 8 most-common words
2026-03-05 11:22:17,765 - gensim.utils - INFO - Word2Vec lifecycle event {'msg': 'downsampling leaves estimated 95.32050807568878 word corpus (9.5%% of prior 1000)', 'datetime': '2026-03-05T11:22:17.765899', 'gensim': '4.4.0', 'python': '3.11.6 (tags/v3.11.6:8b6ee5b, Oct  2 2023, 14:57:12) [MSC v.1935 64 bit (AMD64)]', 'platform': 'Windows-10-10.0.26200-SP0', 'event': 'prepare_vocab'}
2026-03-05 11:22:17,767 - gensim.models.word2vec - INFO - estimated required memory for 8 words and 200 dimensions: 16800 bytes
2026-03-05 11:22:17,767 - gensim.models.word2vec - INFO - resetting layer weights
2026-03-05 11:22:17,767 - gensim.utils - INFO - Word2Vec lifecycle event {'update': False, 'trim_rule': 'None', 'datetime': '2026-03-05T11:22:17.767491', 'gensim': '4.4.0', 'python': '3.11.6 (tags/v3.11.6:8b6ee5b, Oct  2 2023, 14:57:12) [MSC v.1935 64 bit (AMD64)]', 'platform': 'Windows-10-10.0.26200-SP0', 'event': 'build_vocab'}
2026-03-05 11:22:17,767 - gensim.utils - INFO - Word2Vec lifecycle event {'msg': 'training model with 16 workers on 8 vocabulary and 200 features, using sg=1 hs=0 sample=0.001 negative=5 window=10 shrink_windows=True', 'datetime': '2026-03-05T11:22:17.767491', 'gensim': '4.4.0', 'python': '3.11.6 (tags/v3.11.6:8b6ee5b, Oct  2 2023, 14:57:12) [MSC v.1935 64 bit (AMD64)]', 'platform': 'Windows-10-10.0.26200-SP0', 'event': 'train'}
2026-03-05 11:22:17,798 - gensim.models.word2vec - INFO - EPOCH 0: training on 1000 raw words (83 effective words) took 0.0s, 76512 effective words/s
2026-03-05 11:22:17,826 - gensim.models.word2vec - INFO - EPOCH 1: training on 1000 raw words (99 effective words) took 0.0s, 94737 effective words/s
2026-03-05 11:22:17,860 - gensim.models.word2vec - INFO - EPOCH 2: training on 1000 raw words (111 effective words) took 0.0s, 29308 effective words/s
2026-03-05 11:22:17,894 - gensim.models.word2vec - INFO - EPOCH 3: training on 1000 raw words (99 effective words) took 0.0s, 159011 effective words/s
2026-03-05 11:22:17,923 - gensim.models.word2vec - INFO - EPOCH 4: training on 1000 raw words (103 effective words) took 0.0s, 284216 effective words/s
2026-03-05 11:22:17,947 - gensim.models.word2vec - INFO - EPOCH 5: training on 1000 raw words (98 effective words) took 0.0s, 37958 effective words/s
2026-03-05 11:22:17,976 - gensim.models.word2vec - INFO - EPOCH 6: training on 1000 raw words (94 effective words) took 0.0s, 30571 effective words/s
2026-03-05 11:22:18,007 - gensim.models.word2vec - INFO - EPOCH 7: training on 1000 raw words (99 effective words) took 0.0s, 266129 effective words/s
2026-03-05 11:22:18,031 - gensim.models.word2vec - INFO - EPOCH 8: training on 1000 raw words (97 effective words) took 0.0s, 32180 effective words/s
2026-03-05 11:22:18,060 - gensim.models.word2vec - INFO - EPOCH 9: training on 1000 raw words (89 effective words) took 0.0s, 185417 effective words/s
2026-03-05 11:22:18,060 - gensim.utils - INFO - Word2Vec lifecycle event {'msg': 'training on 10000 raw words (972 effective words) took 0.3s, 3345 effective words/s', 'datetime': '2026-03-05T11:22:18.060553', 'gensim': '4.4.0', 'python': '3.11.6 (tags/v3.11.6:8b6ee5b, Oct  2 2023, 14:57:12) [MSC v.1935 64 bit (AMD64)]', 'platform': 'Windows-10-10.0.26200-SP0', 'event': 'train'}
2026-03-05 11:22:18,060 - gensim.utils - INFO - Word2Vec lifecycle event {'params': 'Word2Vec<vocab=8, vector_size=200, alpha=0.025>', 'datetime': '2026-03-05T11:22:18.060553', 'gensim': '4.4.0', 'python': '3.11.6 (tags/v3.11.6:8b6ee5b, Oct  2 2023, 14:57:12) [MSC v.1935 64 bit (AMD64)]', 'platform': 'Windows-10-10.0.26200-SP0', 'event': 'created'}
2026-03-05 11:22:18,060 - gensim.utils - INFO - Word2Vec lifecycle event {'fname_or_handle': 'models/word2vec\\w2v_skipgram_sz200_win10_ep10.model', 'separately': 'None', 'sep_limit': 10485760, 'ignore': frozenset(), 'datetime': '2026-03-05T11:22:18.060553', 'gensim': '4.4.0', 'python': '3.11.6 (tags/v3.11.6:8b6ee5b, Oct  2 2023, 14:57:12) [MSC v.1935 64 bit (AMD64)]', 'platform': 'Windows-10-10.0.26200-SP0', 'event': 'saving'}
2026-03-05 11:22:18,060 - gensim.utils - INFO - not storing attribute cum_table
2026-03-05 11:22:18,069 - gensim.utils - INFO - saved models/word2vec\w2v_skipgram_sz200_win10_ep10.model
2026-03-05 11:22:18,070 - NLP_Project - INFO - Training w2v_skipgram_sz200_win10_ep20...
2026-03-05 11:22:18,071 - gensim.models.word2vec - INFO - collecting all words and their counts
2026-03-05 11:22:18,071 - gensim.models.word2vec - INFO - PROGRESS: at sentence #0, processed 0 words, keeping 0 word types
2026-03-05 11:22:18,072 - gensim.models.word2vec - INFO - collected 8 word types from a corpus of 1000 raw words and 300 sentences
2026-03-05 11:22:18,072 - gensim.models.word2vec - INFO - Creating a fresh vocabulary
2026-03-05 11:22:18,072 - gensim.utils - INFO - Word2Vec lifecycle event {'msg': 'effective_min_count=5 retains 8 unique words (100.00% of original 8, drops 0)', 'datetime': '2026-03-05T11:22:18.072043', 'gensim': '4.4.0', 'python': '3.11.6 (tags/v3.11.6:8b6ee5b, Oct  2 2023, 14:57:12) [MSC v.1935 64 bit (AMD64)]', 'platform': 'Windows-10-10.0.26200-SP0', 'event': 'prepare_vocab'}
2026-03-05 11:22:18,073 - gensim.utils - INFO - Word2Vec lifecycle event {'msg': 'effective_min_count=5 leaves 1000 word corpus (100.00% of original 1000, drops 0)', 'datetime': '2026-03-05T11:22:18.073637', 'gensim': '4.4.0', 'python': '3.11.6 (tags/v3.11.6:8b6ee5b, Oct  2 2023, 14:57:12) [MSC v.1935 64 bit (AMD64)]', 'platform': 'Windows-10-10.0.26200-SP0', 'event': 'prepare_vocab'}
2026-03-05 11:22:18,073 - gensim.models.word2vec - INFO - deleting the raw counts dictionary of 8 items
2026-03-05 11:22:18,073 - gensim.models.word2vec - INFO - sample=0.001 downsamples 8 most-common words
2026-03-05 11:22:18,075 - gensim.utils - INFO - Word2Vec lifecycle event {'msg': 'downsampling leaves estimated 95.32050807568878 word corpus (9.5%% of prior 1000)', 'datetime': '2026-03-05T11:22:18.075797', 'gensim': '4.4.0', 'python': '3.11.6 (tags/v3.11.6:8b6ee5b, Oct  2 2023, 14:57:12) [MSC v.1935 64 bit (AMD64)]', 'platform': 'Windows-10-10.0.26200-SP0', 'event': 'prepare_vocab'}
2026-03-05 11:22:18,076 - gensim.models.word2vec - INFO - estimated required memory for 8 words and 200 dimensions: 16800 bytes
2026-03-05 11:22:18,076 - gensim.models.word2vec - INFO - resetting layer weights
2026-03-05 11:22:18,077 - gensim.utils - INFO - Word2Vec lifecycle event {'update': False, 'trim_rule': 'None', 'datetime': '2026-03-05T11:22:18.077829', 'gensim': '4.4.0', 'python': '3.11.6 (tags/v3.11.6:8b6ee5b, Oct  2 2023, 14:57:12) [MSC v.1935 64 bit (AMD64)]', 'platform': 'Windows-10-10.0.26200-SP0', 'event': 'build_vocab'}
2026-03-05 11:22:18,077 - gensim.utils - INFO - Word2Vec lifecycle event {'msg': 'training model with 16 workers on 8 vocabulary and 200 features, using sg=1 hs=0 sample=0.001 negative=5 window=10 shrink_windows=True', 'datetime': '2026-03-05T11:22:18.077829', 'gensim': '4.4.0', 'python': '3.11.6 (tags/v3.11.6:8b6ee5b, Oct  2 2023, 14:57:12) [MSC v.1935 64 bit (AMD64)]', 'platform': 'Windows-10-10.0.26200-SP0', 'event': 'train'}
2026-03-05 11:22:18,097 - gensim.models.word2vec - INFO - EPOCH 0: training on 1000 raw words (83 effective words) took 0.0s, 35458 effective words/s
2026-03-05 11:22:18,126 - gensim.models.word2vec - INFO - EPOCH 1: training on 1000 raw words (99 effective words) took 0.0s, 29776 effective words/s
2026-03-05 11:22:18,155 - gensim.models.word2vec - INFO - EPOCH 2: training on 1000 raw words (111 effective words) took 0.0s, 172441 effective words/s
2026-03-05 11:22:18,183 - gensim.models.word2vec - INFO - EPOCH 3: training on 1000 raw words (99 effective words) took 0.0s, 32913 effective words/s
2026-03-05 11:22:18,213 - gensim.models.word2vec - INFO - EPOCH 4: training on 1000 raw words (103 effective words) took 0.0s, 28419 effective words/s
2026-03-05 11:22:18,240 - gensim.models.word2vec - INFO - EPOCH 5: training on 1000 raw words (98 effective words) took 0.0s, 39263 effective words/s
2026-03-05 11:22:18,267 - gensim.models.word2vec - INFO - EPOCH 6: training on 1000 raw words (94 effective words) took 0.0s, 280095 effective words/s
2026-03-05 11:22:18,292 - gensim.models.word2vec - INFO - EPOCH 7: training on 1000 raw words (99 effective words) took 0.0s, 130504 effective words/s
2026-03-05 11:22:18,317 - gensim.models.word2vec - INFO - EPOCH 8: training on 1000 raw words (97 effective words) took 0.0s, 35266 effective words/s
2026-03-05 11:22:18,346 - gensim.models.word2vec - INFO - EPOCH 9: training on 1000 raw words (89 effective words) took 0.0s, 210005 effective words/s
2026-03-05 11:22:18,375 - gensim.models.word2vec - INFO - EPOCH 10: training on 1000 raw words (90 effective words) took 0.0s, 111871 effective words/s
2026-03-05 11:22:18,396 - gensim.models.word2vec - INFO - EPOCH 11: training on 1000 raw words (96 effective words) took 0.0s, 95200 effective words/s
2026-03-05 11:22:18,426 - gensim.models.word2vec - INFO - EPOCH 12: training on 1000 raw words (102 effective words) took 0.0s, 24514 effective words/s
2026-03-05 11:22:18,447 - gensim.models.word2vec - INFO - EPOCH 13: training on 1000 raw words (116 effective words) took 0.0s, 60253 effective words/s
2026-03-05 11:22:18,472 - gensim.models.word2vec - INFO - EPOCH 14: training on 1000 raw words (78 effective words) took 0.0s, 177112 effective words/s
2026-03-05 11:22:18,497 - gensim.models.word2vec - INFO - EPOCH 15: training on 1000 raw words (93 effective words) took 0.0s, 24577 effective words/s
2026-03-05 11:22:18,522 - gensim.models.word2vec - INFO - EPOCH 16: training on 1000 raw words (85 effective words) took 0.0s, 239639 effective words/s
2026-03-05 11:22:18,547 - gensim.models.word2vec - INFO - EPOCH 17: training on 1000 raw words (92 effective words) took 0.0s, 268849 effective words/s
2026-03-05 11:22:18,576 - gensim.models.word2vec - INFO - EPOCH 18: training on 1000 raw words (107 effective words) took 0.0s, 30853 effective words/s
2026-03-05 11:22:18,604 - gensim.models.word2vec - INFO - EPOCH 19: training on 1000 raw words (116 effective words) took 0.0s, 306635 effective words/s
2026-03-05 11:22:18,606 - gensim.utils - INFO - Word2Vec lifecycle event {'msg': 'training on 20000 raw words (1947 effective words) took 0.5s, 3692 effective words/s', 'datetime': '2026-03-05T11:22:18.606957', 'gensim': '4.4.0', 'python': '3.11.6 (tags/v3.11.6:8b6ee5b, Oct  2 2023, 14:57:12) [MSC v.1935 64 bit (AMD64)]', 'platform': 'Windows-10-10.0.26200-SP0', 'event': 'train'}
2026-03-05 11:22:18,607 - gensim.utils - INFO - Word2Vec lifecycle event {'params': 'Word2Vec<vocab=8, vector_size=200, alpha=0.025>', 'datetime': '2026-03-05T11:22:18.607306', 'gensim': '4.4.0', 'python': '3.11.6 (tags/v3.11.6:8b6ee5b, Oct  2 2023, 14:57:12) [MSC v.1935 64 bit (AMD64)]', 'platform': 'Windows-10-10.0.26200-SP0', 'event': 'created'}
2026-03-05 11:22:18,607 - gensim.utils - INFO - Word2Vec lifecycle event {'fname_or_handle': 'models/word2vec\\w2v_skipgram_sz200_win10_ep20.model', 'separately': 'None', 'sep_limit': 10485760, 'ignore': frozenset(), 'datetime': '2026-03-05T11:22:18.607306', 'gensim': '4.4.0', 'python': '3.11.6 (tags/v3.11.6:8b6ee5b, Oct  2 2023, 14:57:12) [MSC v.1935 64 bit (AMD64)]', 'platform': 'Windows-10-10.0.26200-SP0', 'event': 'saving'}
2026-03-05 11:22:18,609 - gensim.utils - INFO - not storing attribute cum_table
2026-03-05 11:22:18,609 - gensim.utils - INFO - saved models/word2vec\w2v_skipgram_sz200_win10_ep20.model
2026-03-05 11:22:18,613 - NLP_Project - INFO - Training w2v_cbow_sz300_win2_ep5...
2026-03-05 11:22:18,613 - gensim.models.word2vec - INFO - collecting all words and their counts
2026-03-05 11:22:18,613 - gensim.models.word2vec - INFO - PROGRESS: at sentence #0, processed 0 words, keeping 0 word types
2026-03-05 11:22:18,616 - gensim.models.word2vec - INFO - collected 8 word types from a corpus of 1000 raw words and 300 sentences
2026-03-05 11:22:18,616 - gensim.models.word2vec - INFO - Creating a fresh vocabulary
2026-03-05 11:22:18,617 - gensim.utils - INFO - Word2Vec lifecycle event {'msg': 'effective_min_count=5 retains 8 unique words (100.00% of original 8, drops 0)', 'datetime': '2026-03-05T11:22:18.617509', 'gensim': '4.4.0', 'python': '3.11.6 (tags/v3.11.6:8b6ee5b, Oct  2 2023, 14:57:12) [MSC v.1935 64 bit (AMD64)]', 'platform': 'Windows-10-10.0.26200-SP0', 'event': 'prepare_vocab'}
2026-03-05 11:22:18,617 - gensim.utils - INFO - Word2Vec lifecycle event {'msg': 'effective_min_count=5 leaves 1000 word corpus (100.00% of original 1000, drops 0)', 'datetime': '2026-03-05T11:22:18.617509', 'gensim': '4.4.0', 'python': '3.11.6 (tags/v3.11.6:8b6ee5b, Oct  2 2023, 14:57:12) [MSC v.1935 64 bit (AMD64)]', 'platform': 'Windows-10-10.0.26200-SP0', 'event': 'prepare_vocab'}
2026-03-05 11:22:18,617 - gensim.models.word2vec - INFO - deleting the raw counts dictionary of 8 items
2026-03-05 11:22:18,617 - gensim.models.word2vec - INFO - sample=0.001 downsamples 8 most-common words
2026-03-05 11:22:18,617 - gensim.utils - INFO - Word2Vec lifecycle event {'msg': 'downsampling leaves estimated 95.32050807568878 word corpus (9.5%% of prior 1000)', 'datetime': '2026-03-05T11:22:18.617509', 'gensim': '4.4.0', 'python': '3.11.6 (tags/v3.11.6:8b6ee5b, Oct  2 2023, 14:57:12) [MSC v.1935 64 bit (AMD64)]', 'platform': 'Windows-10-10.0.26200-SP0', 'event': 'prepare_vocab'}
2026-03-05 11:22:18,617 - gensim.models.word2vec - INFO - estimated required memory for 8 words and 300 dimensions: 23200 bytes
2026-03-05 11:22:18,617 - gensim.models.word2vec - INFO - resetting layer weights
2026-03-05 11:22:18,620 - gensim.utils - INFO - Word2Vec lifecycle event {'update': False, 'trim_rule': 'None', 'datetime': '2026-03-05T11:22:18.620478', 'gensim': '4.4.0', 'python': '3.11.6 (tags/v3.11.6:8b6ee5b, Oct  2 2023, 14:57:12) [MSC v.1935 64 bit (AMD64)]', 'platform': 'Windows-10-10.0.26200-SP0', 'event': 'build_vocab'}
2026-03-05 11:22:18,620 - gensim.utils - INFO - Word2Vec lifecycle event {'msg': 'training model with 16 workers on 8 vocabulary and 300 features, using sg=0 hs=0 sample=0.001 negative=5 window=2 shrink_windows=True', 'datetime': '2026-03-05T11:22:18.620478', 'gensim': '4.4.0', 'python': '3.11.6 (tags/v3.11.6:8b6ee5b, Oct  2 2023, 14:57:12) [MSC v.1935 64 bit (AMD64)]', 'platform': 'Windows-10-10.0.26200-SP0', 'event': 'train'}
2026-03-05 11:22:18,645 - gensim.models.word2vec - INFO - EPOCH 0: training on 1000 raw words (83 effective words) took 0.0s, 166399 effective words/s
2026-03-05 11:22:18,672 - gensim.models.word2vec - INFO - EPOCH 1: training on 1000 raw words (89 effective words) took 0.0s, 34220 effective words/s
2026-03-05 11:22:18,697 - gensim.models.word2vec - INFO - EPOCH 2: training on 1000 raw words (88 effective words) took 0.0s, 29457 effective words/s
2026-03-05 11:22:18,725 - gensim.models.word2vec - INFO - EPOCH 3: training on 1000 raw words (96 effective words) took 0.0s, 195281 effective words/s
2026-03-05 11:22:18,747 - gensim.models.word2vec - INFO - EPOCH 4: training on 1000 raw words (102 effective words) took 0.0s, 41214 effective words/s
2026-03-05 11:22:18,754 - gensim.utils - INFO - Word2Vec lifecycle event {'msg': 'training on 5000 raw words (458 effective words) took 0.1s, 3481 effective words/s', 'datetime': '2026-03-05T11:22:18.754065', 'gensim': '4.4.0', 'python': '3.11.6 (tags/v3.11.6:8b6ee5b, Oct  2 2023, 14:57:12) [MSC v.1935 64 bit (AMD64)]', 'platform': 'Windows-10-10.0.26200-SP0', 'event': 'train'}
2026-03-05 11:22:18,754 - gensim.utils - INFO - Word2Vec lifecycle event {'params': 'Word2Vec<vocab=8, vector_size=300, alpha=0.025>', 'datetime': '2026-03-05T11:22:18.754541', 'gensim': '4.4.0', 'python': '3.11.6 (tags/v3.11.6:8b6ee5b, Oct  2 2023, 14:57:12) [MSC v.1935 64 bit (AMD64)]', 'platform': 'Windows-10-10.0.26200-SP0', 'event': 'created'}
2026-03-05 11:22:18,754 - gensim.utils - INFO - Word2Vec lifecycle event {'fname_or_handle': 'models/word2vec\\w2v_cbow_sz300_win2_ep5.model', 'separately': 'None', 'sep_limit': 10485760, 'ignore': frozenset(), 'datetime': '2026-03-05T11:22:18.754541', 'gensim': '4.4.0', 'python': '3.11.6 (tags/v3.11.6:8b6ee5b, Oct  2 2023, 14:57:12) [MSC v.1935 64 bit (AMD64)]', 'platform': 'Windows-10-10.0.26200-SP0', 'event': 'saving'}
2026-03-05 11:22:18,756 - gensim.utils - INFO - not storing attribute cum_table
2026-03-05 11:22:18,759 - gensim.utils - INFO - saved models/word2vec\w2v_cbow_sz300_win2_ep5.model
2026-03-05 11:22:18,759 - NLP_Project - INFO - Training w2v_cbow_sz300_win2_ep10...
2026-03-05 11:22:18,759 - gensim.models.word2vec - INFO - collecting all words and their counts
2026-03-05 11:22:18,762 - gensim.models.word2vec - INFO - PROGRESS: at sentence #0, processed 0 words, keeping 0 word types
2026-03-05 11:22:18,763 - gensim.models.word2vec - INFO - collected 8 word types from a corpus of 1000 raw words and 300 sentences
2026-03-05 11:22:18,763 - gensim.models.word2vec - INFO - Creating a fresh vocabulary
2026-03-05 11:22:18,763 - gensim.utils - INFO - Word2Vec lifecycle event {'msg': 'effective_min_count=5 retains 8 unique words (100.00% of original 8, drops 0)', 'datetime': '2026-03-05T11:22:18.763435', 'gensim': '4.4.0', 'python': '3.11.6 (tags/v3.11.6:8b6ee5b, Oct  2 2023, 14:57:12) [MSC v.1935 64 bit (AMD64)]', 'platform': 'Windows-10-10.0.26200-SP0', 'event': 'prepare_vocab'}
2026-03-05 11:22:18,764 - gensim.utils - INFO - Word2Vec lifecycle event {'msg': 'effective_min_count=5 leaves 1000 word corpus (100.00% of original 1000, drops 0)', 'datetime': '2026-03-05T11:22:18.764685', 'gensim': '4.4.0', 'python': '3.11.6 (tags/v3.11.6:8b6ee5b, Oct  2 2023, 14:57:12) [MSC v.1935 64 bit (AMD64)]', 'platform': 'Windows-10-10.0.26200-SP0', 'event': 'prepare_vocab'}
2026-03-05 11:22:18,764 - gensim.models.word2vec - INFO - deleting the raw counts dictionary of 8 items
2026-03-05 11:22:18,764 - gensim.models.word2vec - INFO - sample=0.001 downsamples 8 most-common words
2026-03-05 11:22:18,764 - gensim.utils - INFO - Word2Vec lifecycle event {'msg': 'downsampling leaves estimated 95.32050807568878 word corpus (9.5%% of prior 1000)', 'datetime': '2026-03-05T11:22:18.764685', 'gensim': '4.4.0', 'python': '3.11.6 (tags/v3.11.6:8b6ee5b, Oct  2 2023, 14:57:12) [MSC v.1935 64 bit (AMD64)]', 'platform': 'Windows-10-10.0.26200-SP0', 'event': 'prepare_vocab'}
2026-03-05 11:22:18,764 - gensim.models.word2vec - INFO - estimated required memory for 8 words and 300 dimensions: 23200 bytes
2026-03-05 11:22:18,764 - gensim.models.word2vec - INFO - resetting layer weights
2026-03-05 11:22:18,767 - gensim.utils - INFO - Word2Vec lifecycle event {'update': False, 'trim_rule': 'None', 'datetime': '2026-03-05T11:22:18.767901', 'gensim': '4.4.0', 'python': '3.11.6 (tags/v3.11.6:8b6ee5b, Oct  2 2023, 14:57:12) [MSC v.1935 64 bit (AMD64)]', 'platform': 'Windows-10-10.0.26200-SP0', 'event': 'build_vocab'}
2026-03-05 11:22:18,767 - gensim.utils - INFO - Word2Vec lifecycle event {'msg': 'training model with 16 workers on 8 vocabulary and 300 features, using sg=0 hs=0 sample=0.001 negative=5 window=2 shrink_windows=True', 'datetime': '2026-03-05T11:22:18.767901', 'gensim': '4.4.0', 'python': '3.11.6 (tags/v3.11.6:8b6ee5b, Oct  2 2023, 14:57:12) [MSC v.1935 64 bit (AMD64)]', 'platform': 'Windows-10-10.0.26200-SP0', 'event': 'train'}
2026-03-05 11:22:18,788 - gensim.models.word2vec - INFO - EPOCH 0: training on 1000 raw words (83 effective words) took 0.0s, 54670 effective words/s
2026-03-05 11:22:18,815 - gensim.models.word2vec - INFO - EPOCH 1: training on 1000 raw words (89 effective words) took 0.0s, 26603 effective words/s
2026-03-05 11:22:18,842 - gensim.models.word2vec - INFO - EPOCH 2: training on 1000 raw words (88 effective words) took 0.0s, 28158 effective words/s
2026-03-05 11:22:18,870 - gensim.models.word2vec - INFO - EPOCH 3: training on 1000 raw words (96 effective words) took 0.0s, 30879 effective words/s
2026-03-05 11:22:18,897 - gensim.models.word2vec - INFO - EPOCH 4: training on 1000 raw words (102 effective words) took 0.0s, 205025 effective words/s
2026-03-05 11:22:18,930 - gensim.models.word2vec - INFO - EPOCH 5: training on 1000 raw words (120 effective words) took 0.0s, 38345 effective words/s
2026-03-05 11:22:18,964 - gensim.models.word2vec - INFO - EPOCH 6: training on 1000 raw words (87 effective words) took 0.0s, 122105 effective words/s
2026-03-05 11:22:18,995 - gensim.models.word2vec - INFO - EPOCH 7: training on 1000 raw words (103 effective words) took 0.0s, 20651 effective words/s
2026-03-05 11:22:19,030 - gensim.models.word2vec - INFO - EPOCH 8: training on 1000 raw words (92 effective words) took 0.0s, 18394 effective words/s
2026-03-05 11:22:19,056 - gensim.models.word2vec - INFO - EPOCH 9: training on 1000 raw words (72 effective words) took 0.0s, 156794 effective words/s
2026-03-05 11:22:19,058 - gensim.utils - INFO - Word2Vec lifecycle event {'msg': 'training on 10000 raw words (932 effective words) took 0.3s, 3216 effective words/s', 'datetime': '2026-03-05T11:22:19.058912', 'gensim': '4.4.0', 'python': '3.11.6 (tags/v3.11.6:8b6ee5b, Oct  2 2023, 14:57:12) [MSC v.1935 64 bit (AMD64)]', 'platform': 'Windows-10-10.0.26200-SP0', 'event': 'train'}
2026-03-05 11:22:19,058 - gensim.utils - INFO - Word2Vec lifecycle event {'params': 'Word2Vec<vocab=8, vector_size=300, alpha=0.025>', 'datetime': '2026-03-05T11:22:19.058912', 'gensim': '4.4.0', 'python': '3.11.6 (tags/v3.11.6:8b6ee5b, Oct  2 2023, 14:57:12) [MSC v.1935 64 bit (AMD64)]', 'platform': 'Windows-10-10.0.26200-SP0', 'event': 'created'}
2026-03-05 11:22:19,058 - gensim.utils - INFO - Word2Vec lifecycle event {'fname_or_handle': 'models/word2vec\\w2v_cbow_sz300_win2_ep10.model', 'separately': 'None', 'sep_limit': 10485760, 'ignore': frozenset(), 'datetime': '2026-03-05T11:22:19.058912', 'gensim': '4.4.0', 'python': '3.11.6 (tags/v3.11.6:8b6ee5b, Oct  2 2023, 14:57:12) [MSC v.1935 64 bit (AMD64)]', 'platform': 'Windows-10-10.0.26200-SP0', 'event': 'saving'}
2026-03-05 11:22:19,058 - gensim.utils - INFO - not storing attribute cum_table
2026-03-05 11:22:19,063 - gensim.utils - INFO - saved models/word2vec\w2v_cbow_sz300_win2_ep10.model
2026-03-05 11:22:19,063 - NLP_Project - INFO - Training w2v_cbow_sz300_win2_ep20...
2026-03-05 11:22:19,063 - gensim.models.word2vec - INFO - collecting all words and their counts
2026-03-05 11:22:19,066 - gensim.models.word2vec - INFO - PROGRESS: at sentence #0, processed 0 words, keeping 0 word types
2026-03-05 11:22:19,067 - gensim.models.word2vec - INFO - collected 8 word types from a corpus of 1000 raw words and 300 sentences
2026-03-05 11:22:19,067 - gensim.models.word2vec - INFO - Creating a fresh vocabulary
2026-03-05 11:22:19,067 - gensim.utils - INFO - Word2Vec lifecycle event {'msg': 'effective_min_count=5 retains 8 unique words (100.00% of original 8, drops 0)', 'datetime': '2026-03-05T11:22:19.067619', 'gensim': '4.4.0', 'python': '3.11.6 (tags/v3.11.6:8b6ee5b, Oct  2 2023, 14:57:12) [MSC v.1935 64 bit (AMD64)]', 'platform': 'Windows-10-10.0.26200-SP0', 'event': 'prepare_vocab'}
2026-03-05 11:22:19,068 - gensim.utils - INFO - Word2Vec lifecycle event {'msg': 'effective_min_count=5 leaves 1000 word corpus (100.00% of original 1000, drops 0)', 'datetime': '2026-03-05T11:22:19.068338', 'gensim': '4.4.0', 'python': '3.11.6 (tags/v3.11.6:8b6ee5b, Oct  2 2023, 14:57:12) [MSC v.1935 64 bit (AMD64)]', 'platform': 'Windows-10-10.0.26200-SP0', 'event': 'prepare_vocab'}
2026-03-05 11:22:19,068 - gensim.models.word2vec - INFO - deleting the raw counts dictionary of 8 items
2026-03-05 11:22:19,068 - gensim.models.word2vec - INFO - sample=0.001 downsamples 8 most-common words
2026-03-05 11:22:19,068 - gensim.utils - INFO - Word2Vec lifecycle event {'msg': 'downsampling leaves estimated 95.32050807568878 word corpus (9.5%% of prior 1000)', 'datetime': '2026-03-05T11:22:19.068338', 'gensim': '4.4.0', 'python': '3.11.6 (tags/v3.11.6:8b6ee5b, Oct  2 2023, 14:57:12) [MSC v.1935 64 bit (AMD64)]', 'platform': 'Windows-10-10.0.26200-SP0', 'event': 'prepare_vocab'}
2026-03-05 11:22:19,070 - gensim.models.word2vec - INFO - estimated required memory for 8 words and 300 dimensions: 23200 bytes
2026-03-05 11:22:19,070 - gensim.models.word2vec - INFO - resetting layer weights
2026-03-05 11:22:19,070 - gensim.utils - INFO - Word2Vec lifecycle event {'update': False, 'trim_rule': 'None', 'datetime': '2026-03-05T11:22:19.070431', 'gensim': '4.4.0', 'python': '3.11.6 (tags/v3.11.6:8b6ee5b, Oct  2 2023, 14:57:12) [MSC v.1935 64 bit (AMD64)]', 'platform': 'Windows-10-10.0.26200-SP0', 'event': 'build_vocab'}
2026-03-05 11:22:19,071 - gensim.utils - INFO - Word2Vec lifecycle event {'msg': 'training model with 16 workers on 8 vocabulary and 300 features, using sg=0 hs=0 sample=0.001 negative=5 window=2 shrink_windows=True', 'datetime': '2026-03-05T11:22:19.071545', 'gensim': '4.4.0', 'python': '3.11.6 (tags/v3.11.6:8b6ee5b, Oct  2 2023, 14:57:12) [MSC v.1935 64 bit (AMD64)]', 'platform': 'Windows-10-10.0.26200-SP0', 'event': 'train'}
2026-03-05 11:22:19,092 - gensim.models.word2vec - INFO - EPOCH 0: training on 1000 raw words (83 effective words) took 0.0s, 20287 effective words/s
2026-03-05 11:22:19,120 - gensim.models.word2vec - INFO - EPOCH 1: training on 1000 raw words (89 effective words) took 0.0s, 34295 effective words/s
2026-03-05 11:22:19,153 - gensim.models.word2vec - INFO - EPOCH 2: training on 1000 raw words (88 effective words) took 0.0s, 32372 effective words/s
2026-03-05 11:22:19,193 - gensim.models.word2vec - INFO - EPOCH 3: training on 1000 raw words (96 effective words) took 0.0s, 24512 effective words/s
2026-03-05 11:22:19,230 - gensim.models.word2vec - INFO - EPOCH 4: training on 1000 raw words (102 effective words) took 0.0s, 31422 effective words/s
2026-03-05 11:22:19,265 - gensim.models.word2vec - INFO - EPOCH 5: training on 1000 raw words (120 effective words) took 0.0s, 121729 effective words/s
2026-03-05 11:22:19,290 - gensim.models.word2vec - INFO - EPOCH 6: training on 1000 raw words (87 effective words) took 0.0s, 25910 effective words/s
2026-03-05 11:22:19,317 - gensim.models.word2vec - INFO - EPOCH 7: training on 1000 raw words (103 effective words) took 0.0s, 207494 effective words/s
2026-03-05 11:22:19,347 - gensim.models.word2vec - INFO - EPOCH 8: training on 1000 raw words (92 effective words) took 0.0s, 252956 effective words/s
2026-03-05 11:22:19,375 - gensim.models.word2vec - INFO - EPOCH 9: training on 1000 raw words (72 effective words) took 0.0s, 21125 effective words/s
2026-03-05 11:22:19,403 - gensim.models.word2vec - INFO - EPOCH 10: training on 1000 raw words (118 effective words) took 0.0s, 40847 effective words/s
2026-03-05 11:22:19,432 - gensim.models.word2vec - INFO - EPOCH 11: training on 1000 raw words (80 effective words) took 0.0s, 204866 effective words/s
2026-03-05 11:22:19,461 - gensim.models.word2vec - INFO - EPOCH 12: training on 1000 raw words (84 effective words) took 0.0s, 25414 effective words/s
2026-03-05 11:22:19,491 - gensim.models.word2vec - INFO - EPOCH 13: training on 1000 raw words (91 effective words) took 0.0s, 29601 effective words/s
2026-03-05 11:22:19,522 - gensim.models.word2vec - INFO - EPOCH 14: training on 1000 raw words (92 effective words) took 0.0s, 31074 effective words/s
2026-03-05 11:22:19,550 - gensim.models.word2vec - INFO - EPOCH 15: training on 1000 raw words (94 effective words) took 0.0s, 32059 effective words/s
2026-03-05 11:22:19,583 - gensim.models.word2vec - INFO - EPOCH 16: training on 1000 raw words (100 effective words) took 0.0s, 27127 effective words/s
2026-03-05 11:22:19,612 - gensim.models.word2vec - INFO - EPOCH 17: training on 1000 raw words (96 effective words) took 0.0s, 24155 effective words/s
2026-03-05 11:22:19,643 - gensim.models.word2vec - INFO - EPOCH 18: training on 1000 raw words (95 effective words) took 0.0s, 200888 effective words/s
2026-03-05 11:22:19,672 - gensim.models.word2vec - INFO - EPOCH 19: training on 1000 raw words (103 effective words) took 0.0s, 36121 effective words/s
2026-03-05 11:22:19,672 - gensim.utils - INFO - Word2Vec lifecycle event {'msg': 'training on 20000 raw words (1885 effective words) took 0.6s, 3137 effective words/s', 'datetime': '2026-03-05T11:22:19.672674', 'gensim': '4.4.0', 'python': '3.11.6 (tags/v3.11.6:8b6ee5b, Oct  2 2023, 14:57:12) [MSC v.1935 64 bit (AMD64)]', 'platform': 'Windows-10-10.0.26200-SP0', 'event': 'train'}
2026-03-05 11:22:19,672 - gensim.utils - INFO - Word2Vec lifecycle event {'params': 'Word2Vec<vocab=8, vector_size=300, alpha=0.025>', 'datetime': '2026-03-05T11:22:19.672674', 'gensim': '4.4.0', 'python': '3.11.6 (tags/v3.11.6:8b6ee5b, Oct  2 2023, 14:57:12) [MSC v.1935 64 bit (AMD64)]', 'platform': 'Windows-10-10.0.26200-SP0', 'event': 'created'}
2026-03-05 11:22:19,672 - gensim.utils - INFO - Word2Vec lifecycle event {'fname_or_handle': 'models/word2vec\\w2v_cbow_sz300_win2_ep20.model', 'separately': 'None', 'sep_limit': 10485760, 'ignore': frozenset(), 'datetime': '2026-03-05T11:22:19.672674', 'gensim': '4.4.0', 'python': '3.11.6 (tags/v3.11.6:8b6ee5b, Oct  2 2023, 14:57:12) [MSC v.1935 64 bit (AMD64)]', 'platform': 'Windows-10-10.0.26200-SP0', 'event': 'saving'}
2026-03-05 11:22:19,675 - gensim.utils - INFO - not storing attribute cum_table
2026-03-05 11:22:19,681 - gensim.utils - INFO - saved models/word2vec\w2v_cbow_sz300_win2_ep20.model
2026-03-05 11:22:19,681 - NLP_Project - INFO - Training w2v_skipgram_sz300_win2_ep5...
2026-03-05 11:22:19,681 - gensim.models.word2vec - INFO - collecting all words and their counts
2026-03-05 11:22:19,684 - gensim.models.word2vec - INFO - PROGRESS: at sentence #0, processed 0 words, keeping 0 word types
2026-03-05 11:22:19,684 - gensim.models.word2vec - INFO - collected 8 word types from a corpus of 1000 raw words and 300 sentences
2026-03-05 11:22:19,685 - gensim.models.word2vec - INFO - Creating a fresh vocabulary
2026-03-05 11:22:19,685 - gensim.utils - INFO - Word2Vec lifecycle event {'msg': 'effective_min_count=5 retains 8 unique words (100.00% of original 8, drops 0)', 'datetime': '2026-03-05T11:22:19.685598', 'gensim': '4.4.0', 'python': '3.11.6 (tags/v3.11.6:8b6ee5b, Oct  2 2023, 14:57:12) [MSC v.1935 64 bit (AMD64)]', 'platform': 'Windows-10-10.0.26200-SP0', 'event': 'prepare_vocab'}
2026-03-05 11:22:19,685 - gensim.utils - INFO - Word2Vec lifecycle event {'msg': 'effective_min_count=5 leaves 1000 word corpus (100.00% of original 1000, drops 0)', 'datetime': '2026-03-05T11:22:19.685598', 'gensim': '4.4.0', 'python': '3.11.6 (tags/v3.11.6:8b6ee5b, Oct  2 2023, 14:57:12) [MSC v.1935 64 bit (AMD64)]', 'platform': 'Windows-10-10.0.26200-SP0', 'event': 'prepare_vocab'}
2026-03-05 11:22:19,686 - gensim.models.word2vec - INFO - deleting the raw counts dictionary of 8 items
2026-03-05 11:22:19,686 - gensim.models.word2vec - INFO - sample=0.001 downsamples 8 most-common words
2026-03-05 11:22:19,686 - gensim.utils - INFO - Word2Vec lifecycle event {'msg': 'downsampling leaves estimated 95.32050807568878 word corpus (9.5%% of prior 1000)', 'datetime': '2026-03-05T11:22:19.686795', 'gensim': '4.4.0', 'python': '3.11.6 (tags/v3.11.6:8b6ee5b, Oct  2 2023, 14:57:12) [MSC v.1935 64 bit (AMD64)]', 'platform': 'Windows-10-10.0.26200-SP0', 'event': 'prepare_vocab'}
2026-03-05 11:22:19,686 - gensim.models.word2vec - INFO - estimated required memory for 8 words and 300 dimensions: 23200 bytes
2026-03-05 11:22:19,686 - gensim.models.word2vec - INFO - resetting layer weights
2026-03-05 11:22:19,689 - gensim.utils - INFO - Word2Vec lifecycle event {'update': False, 'trim_rule': 'None', 'datetime': '2026-03-05T11:22:19.686795', 'gensim': '4.4.0', 'python': '3.11.6 (tags/v3.11.6:8b6ee5b, Oct  2 2023, 14:57:12) [MSC v.1935 64 bit (AMD64)]', 'platform': 'Windows-10-10.0.26200-SP0', 'event': 'build_vocab'}
2026-03-05 11:22:19,689 - gensim.utils - INFO - Word2Vec lifecycle event {'msg': 'training model with 16 workers on 8 vocabulary and 300 features, using sg=1 hs=0 sample=0.001 negative=5 window=2 shrink_windows=True', 'datetime': '2026-03-05T11:22:19.689622', 'gensim': '4.4.0', 'python': '3.11.6 (tags/v3.11.6:8b6ee5b, Oct  2 2023, 14:57:12) [MSC v.1935 64 bit (AMD64)]', 'platform': 'Windows-10-10.0.26200-SP0', 'event': 'train'}
2026-03-05 11:22:19,709 - gensim.models.word2vec - INFO - EPOCH 0: training on 1000 raw words (83 effective words) took 0.0s, 30869 effective words/s
2026-03-05 11:22:19,737 - gensim.models.word2vec - INFO - EPOCH 1: training on 1000 raw words (89 effective words) took 0.0s, 31591 effective words/s
2026-03-05 11:22:19,765 - gensim.models.word2vec - INFO - EPOCH 2: training on 1000 raw words (88 effective words) took 0.0s, 31253 effective words/s
2026-03-05 11:22:19,786 - gensim.models.word2vec - INFO - EPOCH 3: training on 1000 raw words (96 effective words) took 0.0s, 243161 effective words/s
2026-03-05 11:22:19,814 - gensim.models.word2vec - INFO - EPOCH 4: training on 1000 raw words (102 effective words) took 0.0s, 26519 effective words/s
2026-03-05 11:22:19,817 - gensim.utils - INFO - Word2Vec lifecycle event {'msg': 'training on 5000 raw words (458 effective words) took 0.1s, 3618 effective words/s', 'datetime': '2026-03-05T11:22:19.817331', 'gensim': '4.4.0', 'python': '3.11.6 (tags/v3.11.6:8b6ee5b, Oct  2 2023, 14:57:12) [MSC v.1935 64 bit (AMD64)]', 'platform': 'Windows-10-10.0.26200-SP0', 'event': 'train'}
2026-03-05 11:22:19,817 - gensim.utils - INFO - Word2Vec lifecycle event {'params': 'Word2Vec<vocab=8, vector_size=300, alpha=0.025>', 'datetime': '2026-03-05T11:22:19.817688', 'gensim': '4.4.0', 'python': '3.11.6 (tags/v3.11.6:8b6ee5b, Oct  2 2023, 14:57:12) [MSC v.1935 64 bit (AMD64)]', 'platform': 'Windows-10-10.0.26200-SP0', 'event': 'created'}
2026-03-05 11:22:19,817 - gensim.utils - INFO - Word2Vec lifecycle event {'fname_or_handle': 'models/word2vec\\w2v_skipgram_sz300_win2_ep5.model', 'separately': 'None', 'sep_limit': 10485760, 'ignore': frozenset(), 'datetime': '2026-03-05T11:22:19.817688', 'gensim': '4.4.0', 'python': '3.11.6 (tags/v3.11.6:8b6ee5b, Oct  2 2023, 14:57:12) [MSC v.1935 64 bit (AMD64)]', 'platform': 'Windows-10-10.0.26200-SP0', 'event': 'saving'}
2026-03-05 11:22:19,817 - gensim.utils - INFO - not storing attribute cum_table
2026-03-05 11:22:19,822 - gensim.utils - INFO - saved models/word2vec\w2v_skipgram_sz300_win2_ep5.model
2026-03-05 11:22:19,822 - NLP_Project - INFO - Training w2v_skipgram_sz300_win2_ep10...
2026-03-05 11:22:19,825 - gensim.models.word2vec - INFO - collecting all words and their counts
2026-03-05 11:22:19,825 - gensim.models.word2vec - INFO - PROGRESS: at sentence #0, processed 0 words, keeping 0 word types
2026-03-05 11:22:19,825 - gensim.models.word2vec - INFO - collected 8 word types from a corpus of 1000 raw words and 300 sentences
2026-03-05 11:22:19,825 - gensim.models.word2vec - INFO - Creating a fresh vocabulary
2026-03-05 11:22:19,828 - gensim.utils - INFO - Word2Vec lifecycle event {'msg': 'effective_min_count=5 retains 8 unique words (100.00% of original 8, drops 0)', 'datetime': '2026-03-05T11:22:19.825996', 'gensim': '4.4.0', 'python': '3.11.6 (tags/v3.11.6:8b6ee5b, Oct  2 2023, 14:57:12) [MSC v.1935 64 bit (AMD64)]', 'platform': 'Windows-10-10.0.26200-SP0', 'event': 'prepare_vocab'}
2026-03-05 11:22:19,828 - gensim.utils - INFO - Word2Vec lifecycle event {'msg': 'effective_min_count=5 leaves 1000 word corpus (100.00% of original 1000, drops 0)', 'datetime': '2026-03-05T11:22:19.828810', 'gensim': '4.4.0', 'python': '3.11.6 (tags/v3.11.6:8b6ee5b, Oct  2 2023, 14:57:12) [MSC v.1935 64 bit (AMD64)]', 'platform': 'Windows-10-10.0.26200-SP0', 'event': 'prepare_vocab'}
2026-03-05 11:22:19,829 - gensim.models.word2vec - INFO - deleting the raw counts dictionary of 8 items
2026-03-05 11:22:19,830 - gensim.models.word2vec - INFO - sample=0.001 downsamples 8 most-common words
2026-03-05 11:22:19,830 - gensim.utils - INFO - Word2Vec lifecycle event {'msg': 'downsampling leaves estimated 95.32050807568878 word corpus (9.5%% of prior 1000)', 'datetime': '2026-03-05T11:22:19.830855', 'gensim': '4.4.0', 'python': '3.11.6 (tags/v3.11.6:8b6ee5b, Oct  2 2023, 14:57:12) [MSC v.1935 64 bit (AMD64)]', 'platform': 'Windows-10-10.0.26200-SP0', 'event': 'prepare_vocab'}
2026-03-05 11:22:19,831 - gensim.models.word2vec - INFO - estimated required memory for 8 words and 300 dimensions: 23200 bytes
2026-03-05 11:22:19,832 - gensim.models.word2vec - INFO - resetting layer weights
2026-03-05 11:22:19,832 - gensim.utils - INFO - Word2Vec lifecycle event {'update': False, 'trim_rule': 'None', 'datetime': '2026-03-05T11:22:19.832712', 'gensim': '4.4.0', 'python': '3.11.6 (tags/v3.11.6:8b6ee5b, Oct  2 2023, 14:57:12) [MSC v.1935 64 bit (AMD64)]', 'platform': 'Windows-10-10.0.26200-SP0', 'event': 'build_vocab'}
2026-03-05 11:22:19,832 - gensim.utils - INFO - Word2Vec lifecycle event {'msg': 'training model with 16 workers on 8 vocabulary and 300 features, using sg=1 hs=0 sample=0.001 negative=5 window=2 shrink_windows=True', 'datetime': '2026-03-05T11:22:19.832712', 'gensim': '4.4.0', 'python': '3.11.6 (tags/v3.11.6:8b6ee5b, Oct  2 2023, 14:57:12) [MSC v.1935 64 bit (AMD64)]', 'platform': 'Windows-10-10.0.26200-SP0', 'event': 'train'}
2026-03-05 11:22:19,854 - gensim.models.word2vec - INFO - EPOCH 0: training on 1000 raw words (83 effective words) took 0.0s, 81023 effective words/s
2026-03-05 11:22:19,881 - gensim.models.word2vec - INFO - EPOCH 1: training on 1000 raw words (89 effective words) took 0.0s, 26490 effective words/s
2026-03-05 11:22:19,910 - gensim.models.word2vec - INFO - EPOCH 2: training on 1000 raw words (88 effective words) took 0.0s, 26034 effective words/s
2026-03-05 11:22:19,937 - gensim.models.word2vec - INFO - EPOCH 3: training on 1000 raw words (96 effective words) took 0.0s, 33180 effective words/s
2026-03-05 11:22:19,959 - gensim.models.word2vec - INFO - EPOCH 4: training on 1000 raw words (102 effective words) took 0.0s, 29377 effective words/s
2026-03-05 11:22:19,990 - gensim.models.word2vec - INFO - EPOCH 5: training on 1000 raw words (120 effective words) took 0.0s, 349345 effective words/s
2026-03-05 11:22:20,017 - gensim.models.word2vec - INFO - EPOCH 6: training on 1000 raw words (87 effective words) took 0.0s, 177914 effective words/s
2026-03-05 11:22:20,047 - gensim.models.word2vec - INFO - EPOCH 7: training on 1000 raw words (103 effective words) took 0.0s, 180733 effective words/s
2026-03-05 11:22:20,073 - gensim.models.word2vec - INFO - EPOCH 8: training on 1000 raw words (92 effective words) took 0.0s, 79543 effective words/s
2026-03-05 11:22:20,100 - gensim.models.word2vec - INFO - EPOCH 9: training on 1000 raw words (72 effective words) took 0.0s, 21985 effective words/s
2026-03-05 11:22:20,100 - gensim.utils - INFO - Word2Vec lifecycle event {'msg': 'training on 10000 raw words (932 effective words) took 0.3s, 3466 effective words/s', 'datetime': '2026-03-05T11:22:20.100578', 'gensim': '4.4.0', 'python': '3.11.6 (tags/v3.11.6:8b6ee5b, Oct  2 2023, 14:57:12) [MSC v.1935 64 bit (AMD64)]', 'platform': 'Windows-10-10.0.26200-SP0', 'event': 'train'}
2026-03-05 11:22:20,103 - gensim.utils - INFO - Word2Vec lifecycle event {'params': 'Word2Vec<vocab=8, vector_size=300, alpha=0.025>', 'datetime': '2026-03-05T11:22:20.103738', 'gensim': '4.4.0', 'python': '3.11.6 (tags/v3.11.6:8b6ee5b, Oct  2 2023, 14:57:12) [MSC v.1935 64 bit (AMD64)]', 'platform': 'Windows-10-10.0.26200-SP0', 'event': 'created'}
2026-03-05 11:22:20,103 - gensim.utils - INFO - Word2Vec lifecycle event {'fname_or_handle': 'models/word2vec\\w2v_skipgram_sz300_win2_ep10.model', 'separately': 'None', 'sep_limit': 10485760, 'ignore': frozenset(), 'datetime': '2026-03-05T11:22:20.103738', 'gensim': '4.4.0', 'python': '3.11.6 (tags/v3.11.6:8b6ee5b, Oct  2 2023, 14:57:12) [MSC v.1935 64 bit (AMD64)]', 'platform': 'Windows-10-10.0.26200-SP0', 'event': 'saving'}
2026-03-05 11:22:20,103 - gensim.utils - INFO - not storing attribute cum_table
2026-03-05 11:22:20,106 - gensim.utils - INFO - saved models/word2vec\w2v_skipgram_sz300_win2_ep10.model
2026-03-05 11:22:20,108 - NLP_Project - INFO - Training w2v_skipgram_sz300_win2_ep20...
2026-03-05 11:22:20,109 - gensim.models.word2vec - INFO - collecting all words and their counts
2026-03-05 11:22:20,109 - gensim.models.word2vec - INFO - PROGRESS: at sentence #0, processed 0 words, keeping 0 word types
2026-03-05 11:22:20,111 - gensim.models.word2vec - INFO - collected 8 word types from a corpus of 1000 raw words and 300 sentences
2026-03-05 11:22:20,111 - gensim.models.word2vec - INFO - Creating a fresh vocabulary
2026-03-05 11:22:20,111 - gensim.utils - INFO - Word2Vec lifecycle event {'msg': 'effective_min_count=5 retains 8 unique words (100.00% of original 8, drops 0)', 'datetime': '2026-03-05T11:22:20.111116', 'gensim': '4.4.0', 'python': '3.11.6 (tags/v3.11.6:8b6ee5b, Oct  2 2023, 14:57:12) [MSC v.1935 64 bit (AMD64)]', 'platform': 'Windows-10-10.0.26200-SP0', 'event': 'prepare_vocab'}
2026-03-05 11:22:20,111 - gensim.utils - INFO - Word2Vec lifecycle event {'msg': 'effective_min_count=5 leaves 1000 word corpus (100.00% of original 1000, drops 0)', 'datetime': '2026-03-05T11:22:20.111116', 'gensim': '4.4.0', 'python': '3.11.6 (tags/v3.11.6:8b6ee5b, Oct  2 2023, 14:57:12) [MSC v.1935 64 bit (AMD64)]', 'platform': 'Windows-10-10.0.26200-SP0', 'event': 'prepare_vocab'}
2026-03-05 11:22:20,111 - gensim.models.word2vec - INFO - deleting the raw counts dictionary of 8 items
2026-03-05 11:22:20,113 - gensim.models.word2vec - INFO - sample=0.001 downsamples 8 most-common words
2026-03-05 11:22:20,113 - gensim.utils - INFO - Word2Vec lifecycle event {'msg': 'downsampling leaves estimated 95.32050807568878 word corpus (9.5%% of prior 1000)', 'datetime': '2026-03-05T11:22:20.113421', 'gensim': '4.4.0', 'python': '3.11.6 (tags/v3.11.6:8b6ee5b, Oct  2 2023, 14:57:12) [MSC v.1935 64 bit (AMD64)]', 'platform': 'Windows-10-10.0.26200-SP0', 'event': 'prepare_vocab'}
2026-03-05 11:22:20,115 - gensim.models.word2vec - INFO - estimated required memory for 8 words and 300 dimensions: 23200 bytes
2026-03-05 11:22:20,115 - gensim.models.word2vec - INFO - resetting layer weights
2026-03-05 11:22:20,116 - gensim.utils - INFO - Word2Vec lifecycle event {'update': False, 'trim_rule': 'None', 'datetime': '2026-03-05T11:22:20.116248', 'gensim': '4.4.0', 'python': '3.11.6 (tags/v3.11.6:8b6ee5b, Oct  2 2023, 14:57:12) [MSC v.1935 64 bit (AMD64)]', 'platform': 'Windows-10-10.0.26200-SP0', 'event': 'build_vocab'}
2026-03-05 11:22:20,116 - gensim.utils - INFO - Word2Vec lifecycle event {'msg': 'training model with 16 workers on 8 vocabulary and 300 features, using sg=1 hs=0 sample=0.001 negative=5 window=2 shrink_windows=True', 'datetime': '2026-03-05T11:22:20.116248', 'gensim': '4.4.0', 'python': '3.11.6 (tags/v3.11.6:8b6ee5b, Oct  2 2023, 14:57:12) [MSC v.1935 64 bit (AMD64)]', 'platform': 'Windows-10-10.0.26200-SP0', 'event': 'train'}
2026-03-05 11:22:20,140 - gensim.models.word2vec - INFO - EPOCH 0: training on 1000 raw words (83 effective words) took 0.0s, 29345 effective words/s
2026-03-05 11:22:20,168 - gensim.models.word2vec - INFO - EPOCH 1: training on 1000 raw words (89 effective words) took 0.0s, 35793 effective words/s
2026-03-05 11:22:20,192 - gensim.models.word2vec - INFO - EPOCH 2: training on 1000 raw words (88 effective words) took 0.0s, 149762 effective words/s
2026-03-05 11:22:20,226 - gensim.models.word2vec - INFO - EPOCH 3: training on 1000 raw words (96 effective words) took 0.0s, 83799 effective words/s
2026-03-05 11:22:20,256 - gensim.models.word2vec - INFO - EPOCH 4: training on 1000 raw words (102 effective words) took 0.0s, 248115 effective words/s
2026-03-05 11:22:20,290 - gensim.models.word2vec - INFO - EPOCH 5: training on 1000 raw words (120 effective words) took 0.0s, 31169 effective words/s
2026-03-05 11:22:20,327 - gensim.models.word2vec - INFO - EPOCH 6: training on 1000 raw words (87 effective words) took 0.0s, 17594 effective words/s
2026-03-05 11:22:20,363 - gensim.models.word2vec - INFO - EPOCH 7: training on 1000 raw words (103 effective words) took 0.0s, 87340 effective words/s
2026-03-05 11:22:20,397 - gensim.models.word2vec - INFO - EPOCH 8: training on 1000 raw words (92 effective words) took 0.0s, 89234 effective words/s
2026-03-05 11:22:20,439 - gensim.models.word2vec - INFO - EPOCH 9: training on 1000 raw words (72 effective words) took 0.0s, 127501 effective words/s
2026-03-05 11:22:20,481 - gensim.models.word2vec - INFO - EPOCH 10: training on 1000 raw words (118 effective words) took 0.0s, 25673 effective words/s
2026-03-05 11:22:20,520 - gensim.models.word2vec - INFO - EPOCH 11: training on 1000 raw words (80 effective words) took 0.0s, 21716 effective words/s
2026-03-05 11:22:20,554 - gensim.models.word2vec - INFO - EPOCH 12: training on 1000 raw words (84 effective words) took 0.0s, 25548 effective words/s
2026-03-05 11:22:20,586 - gensim.models.word2vec - INFO - EPOCH 13: training on 1000 raw words (91 effective words) took 0.0s, 27418 effective words/s
2026-03-05 11:22:20,617 - gensim.models.word2vec - INFO - EPOCH 14: training on 1000 raw words (92 effective words) took 0.0s, 25122 effective words/s
2026-03-05 11:22:20,646 - gensim.models.word2vec - INFO - EPOCH 15: training on 1000 raw words (94 effective words) took 0.0s, 181257 effective words/s
2026-03-05 11:22:20,676 - gensim.models.word2vec - INFO - EPOCH 16: training on 1000 raw words (100 effective words) took 0.0s, 25855 effective words/s
2026-03-05 11:22:20,708 - gensim.models.word2vec - INFO - EPOCH 17: training on 1000 raw words (96 effective words) took 0.0s, 32995 effective words/s
2026-03-05 11:22:20,737 - gensim.models.word2vec - INFO - EPOCH 18: training on 1000 raw words (95 effective words) took 0.0s, 179347 effective words/s
2026-03-05 11:22:20,771 - gensim.models.word2vec - INFO - EPOCH 19: training on 1000 raw words (103 effective words) took 0.0s, 26391 effective words/s
2026-03-05 11:22:20,772 - gensim.utils - INFO - Word2Vec lifecycle event {'msg': 'training on 20000 raw words (1885 effective words) took 0.7s, 2877 effective words/s', 'datetime': '2026-03-05T11:22:20.772385', 'gensim': '4.4.0', 'python': '3.11.6 (tags/v3.11.6:8b6ee5b, Oct  2 2023, 14:57:12) [MSC v.1935 64 bit (AMD64)]', 'platform': 'Windows-10-10.0.26200-SP0', 'event': 'train'}
2026-03-05 11:22:20,773 - gensim.utils - INFO - Word2Vec lifecycle event {'params': 'Word2Vec<vocab=8, vector_size=300, alpha=0.025>', 'datetime': '2026-03-05T11:22:20.773715', 'gensim': '4.4.0', 'python': '3.11.6 (tags/v3.11.6:8b6ee5b, Oct  2 2023, 14:57:12) [MSC v.1935 64 bit (AMD64)]', 'platform': 'Windows-10-10.0.26200-SP0', 'event': 'created'}
2026-03-05 11:22:20,773 - gensim.utils - INFO - Word2Vec lifecycle event {'fname_or_handle': 'models/word2vec\\w2v_skipgram_sz300_win2_ep20.model', 'separately': 'None', 'sep_limit': 10485760, 'ignore': frozenset(), 'datetime': '2026-03-05T11:22:20.773715', 'gensim': '4.4.0', 'python': '3.11.6 (tags/v3.11.6:8b6ee5b, Oct  2 2023, 14:57:12) [MSC v.1935 64 bit (AMD64)]', 'platform': 'Windows-10-10.0.26200-SP0', 'event': 'saving'}
2026-03-05 11:22:20,775 - gensim.utils - INFO - not storing attribute cum_table
2026-03-05 11:22:20,777 - gensim.utils - INFO - saved models/word2vec\w2v_skipgram_sz300_win2_ep20.model
2026-03-05 11:22:20,777 - NLP_Project - INFO - Training w2v_cbow_sz300_win5_ep5...
2026-03-05 11:22:20,777 - gensim.models.word2vec - INFO - collecting all words and their counts
2026-03-05 11:22:20,777 - gensim.models.word2vec - INFO - PROGRESS: at sentence #0, processed 0 words, keeping 0 word types
2026-03-05 11:22:20,780 - gensim.models.word2vec - INFO - collected 8 word types from a corpus of 1000 raw words and 300 sentences
2026-03-05 11:22:20,780 - gensim.models.word2vec - INFO - Creating a fresh vocabulary
2026-03-05 11:22:20,780 - gensim.utils - INFO - Word2Vec lifecycle event {'msg': 'effective_min_count=5 retains 8 unique words (100.00% of original 8, drops 0)', 'datetime': '2026-03-05T11:22:20.780926', 'gensim': '4.4.0', 'python': '3.11.6 (tags/v3.11.6:8b6ee5b, Oct  2 2023, 14:57:12) [MSC v.1935 64 bit (AMD64)]', 'platform': 'Windows-10-10.0.26200-SP0', 'event': 'prepare_vocab'}
2026-03-05 11:22:20,780 - gensim.utils - INFO - Word2Vec lifecycle event {'msg': 'effective_min_count=5 leaves 1000 word corpus (100.00% of original 1000, drops 0)', 'datetime': '2026-03-05T11:22:20.780926', 'gensim': '4.4.0', 'python': '3.11.6 (tags/v3.11.6:8b6ee5b, Oct  2 2023, 14:57:12) [MSC v.1935 64 bit (AMD64)]', 'platform': 'Windows-10-10.0.26200-SP0', 'event': 'prepare_vocab'}
2026-03-05 11:22:20,780 - gensim.models.word2vec - INFO - deleting the raw counts dictionary of 8 items
2026-03-05 11:22:20,784 - gensim.models.word2vec - INFO - sample=0.001 downsamples 8 most-common words
2026-03-05 11:22:20,785 - gensim.utils - INFO - Word2Vec lifecycle event {'msg': 'downsampling leaves estimated 95.32050807568878 word corpus (9.5%% of prior 1000)', 'datetime': '2026-03-05T11:22:20.785176', 'gensim': '4.4.0', 'python': '3.11.6 (tags/v3.11.6:8b6ee5b, Oct  2 2023, 14:57:12) [MSC v.1935 64 bit (AMD64)]', 'platform': 'Windows-10-10.0.26200-SP0', 'event': 'prepare_vocab'}
2026-03-05 11:22:20,785 - gensim.models.word2vec - INFO - estimated required memory for 8 words and 300 dimensions: 23200 bytes
2026-03-05 11:22:20,785 - gensim.models.word2vec - INFO - resetting layer weights
2026-03-05 11:22:20,786 - gensim.utils - INFO - Word2Vec lifecycle event {'update': False, 'trim_rule': 'None', 'datetime': '2026-03-05T11:22:20.786990', 'gensim': '4.4.0', 'python': '3.11.6 (tags/v3.11.6:8b6ee5b, Oct  2 2023, 14:57:12) [MSC v.1935 64 bit (AMD64)]', 'platform': 'Windows-10-10.0.26200-SP0', 'event': 'build_vocab'}
2026-03-05 11:22:20,786 - gensim.utils - INFO - Word2Vec lifecycle event {'msg': 'training model with 16 workers on 8 vocabulary and 300 features, using sg=0 hs=0 sample=0.001 negative=5 window=5 shrink_windows=True', 'datetime': '2026-03-05T11:22:20.786990', 'gensim': '4.4.0', 'python': '3.11.6 (tags/v3.11.6:8b6ee5b, Oct  2 2023, 14:57:12) [MSC v.1935 64 bit (AMD64)]', 'platform': 'Windows-10-10.0.26200-SP0', 'event': 'train'}
2026-03-05 11:22:20,809 - gensim.models.word2vec - INFO - EPOCH 0: training on 1000 raw words (83 effective words) took 0.0s, 18290 effective words/s
2026-03-05 11:22:20,838 - gensim.models.word2vec - INFO - EPOCH 1: training on 1000 raw words (92 effective words) took 0.0s, 28556 effective words/s
2026-03-05 11:22:20,867 - gensim.models.word2vec - INFO - EPOCH 2: training on 1000 raw words (82 effective words) took 0.0s, 27604 effective words/s
2026-03-05 11:22:20,898 - gensim.models.word2vec - INFO - EPOCH 3: training on 1000 raw words (96 effective words) took 0.0s, 142666 effective words/s
2026-03-05 11:22:20,925 - gensim.models.word2vec - INFO - EPOCH 4: training on 1000 raw words (96 effective words) took 0.0s, 210850 effective words/s
2026-03-05 11:22:20,926 - gensim.utils - INFO - Word2Vec lifecycle event {'msg': 'training on 5000 raw words (449 effective words) took 0.1s, 3252 effective words/s', 'datetime': '2026-03-05T11:22:20.926341', 'gensim': '4.4.0', 'python': '3.11.6 (tags/v3.11.6:8b6ee5b, Oct  2 2023, 14:57:12) [MSC v.1935 64 bit (AMD64)]', 'platform': 'Windows-10-10.0.26200-SP0', 'event': 'train'}
2026-03-05 11:22:20,927 - gensim.utils - INFO - Word2Vec lifecycle event {'params': 'Word2Vec<vocab=8, vector_size=300, alpha=0.025>', 'datetime': '2026-03-05T11:22:20.927034', 'gensim': '4.4.0', 'python': '3.11.6 (tags/v3.11.6:8b6ee5b, Oct  2 2023, 14:57:12) [MSC v.1935 64 bit (AMD64)]', 'platform': 'Windows-10-10.0.26200-SP0', 'event': 'created'}
2026-03-05 11:22:20,927 - gensim.utils - INFO - Word2Vec lifecycle event {'fname_or_handle': 'models/word2vec\\w2v_cbow_sz300_win5_ep5.model', 'separately': 'None', 'sep_limit': 10485760, 'ignore': frozenset(), 'datetime': '2026-03-05T11:22:20.927034', 'gensim': '4.4.0', 'python': '3.11.6 (tags/v3.11.6:8b6ee5b, Oct  2 2023, 14:57:12) [MSC v.1935 64 bit (AMD64)]', 'platform': 'Windows-10-10.0.26200-SP0', 'event': 'saving'}
2026-03-05 11:22:20,927 - gensim.utils - INFO - not storing attribute cum_table
2026-03-05 11:22:20,931 - gensim.utils - INFO - saved models/word2vec\w2v_cbow_sz300_win5_ep5.model
2026-03-05 11:22:20,931 - NLP_Project - INFO - Training w2v_cbow_sz300_win5_ep10...
2026-03-05 11:22:20,931 - gensim.models.word2vec - INFO - collecting all words and their counts
2026-03-05 11:22:20,931 - gensim.models.word2vec - INFO - PROGRESS: at sentence #0, processed 0 words, keeping 0 word types
2026-03-05 11:22:20,933 - gensim.models.word2vec - INFO - collected 8 word types from a corpus of 1000 raw words and 300 sentences
2026-03-05 11:22:20,933 - gensim.models.word2vec - INFO - Creating a fresh vocabulary
2026-03-05 11:22:20,933 - gensim.utils - INFO - Word2Vec lifecycle event {'msg': 'effective_min_count=5 retains 8 unique words (100.00% of original 8, drops 0)', 'datetime': '2026-03-05T11:22:20.933762', 'gensim': '4.4.0', 'python': '3.11.6 (tags/v3.11.6:8b6ee5b, Oct  2 2023, 14:57:12) [MSC v.1935 64 bit (AMD64)]', 'platform': 'Windows-10-10.0.26200-SP0', 'event': 'prepare_vocab'}
2026-03-05 11:22:20,933 - gensim.utils - INFO - Word2Vec lifecycle event {'msg': 'effective_min_count=5 leaves 1000 word corpus (100.00% of original 1000, drops 0)', 'datetime': '2026-03-05T11:22:20.933762', 'gensim': '4.4.0', 'python': '3.11.6 (tags/v3.11.6:8b6ee5b, Oct  2 2023, 14:57:12) [MSC v.1935 64 bit (AMD64)]', 'platform': 'Windows-10-10.0.26200-SP0', 'event': 'prepare_vocab'}
2026-03-05 11:22:20,933 - gensim.models.word2vec - INFO - deleting the raw counts dictionary of 8 items
2026-03-05 11:22:20,933 - gensim.models.word2vec - INFO - sample=0.001 downsamples 8 most-common words
2026-03-05 11:22:20,933 - gensim.utils - INFO - Word2Vec lifecycle event {'msg': 'downsampling leaves estimated 95.32050807568878 word corpus (9.5%% of prior 1000)', 'datetime': '2026-03-05T11:22:20.933762', 'gensim': '4.4.0', 'python': '3.11.6 (tags/v3.11.6:8b6ee5b, Oct  2 2023, 14:57:12) [MSC v.1935 64 bit (AMD64)]', 'platform': 'Windows-10-10.0.26200-SP0', 'event': 'prepare_vocab'}
2026-03-05 11:22:20,936 - gensim.models.word2vec - INFO - estimated required memory for 8 words and 300 dimensions: 23200 bytes
2026-03-05 11:22:20,936 - gensim.models.word2vec - INFO - resetting layer weights
2026-03-05 11:22:20,937 - gensim.utils - INFO - Word2Vec lifecycle event {'update': False, 'trim_rule': 'None', 'datetime': '2026-03-05T11:22:20.937692', 'gensim': '4.4.0', 'python': '3.11.6 (tags/v3.11.6:8b6ee5b, Oct  2 2023, 14:57:12) [MSC v.1935 64 bit (AMD64)]', 'platform': 'Windows-10-10.0.26200-SP0', 'event': 'build_vocab'}
2026-03-05 11:22:20,937 - gensim.utils - INFO - Word2Vec lifecycle event {'msg': 'training model with 16 workers on 8 vocabulary and 300 features, using sg=0 hs=0 sample=0.001 negative=5 window=5 shrink_windows=True', 'datetime': '2026-03-05T11:22:20.937692', 'gensim': '4.4.0', 'python': '3.11.6 (tags/v3.11.6:8b6ee5b, Oct  2 2023, 14:57:12) [MSC v.1935 64 bit (AMD64)]', 'platform': 'Windows-10-10.0.26200-SP0', 'event': 'train'}
2026-03-05 11:22:20,953 - gensim.models.word2vec - INFO - EPOCH 0: training on 1000 raw words (83 effective words) took 0.0s, 29581 effective words/s
2026-03-05 11:22:20,980 - gensim.models.word2vec - INFO - EPOCH 1: training on 1000 raw words (92 effective words) took 0.0s, 102359 effective words/s
2026-03-05 11:22:21,008 - gensim.models.word2vec - INFO - EPOCH 2: training on 1000 raw words (82 effective words) took 0.0s, 81462 effective words/s
2026-03-05 11:22:21,035 - gensim.models.word2vec - INFO - EPOCH 3: training on 1000 raw words (96 effective words) took 0.0s, 32217 effective words/s
2026-03-05 11:22:21,059 - gensim.models.word2vec - INFO - EPOCH 4: training on 1000 raw words (96 effective words) took 0.0s, 29036 effective words/s
2026-03-05 11:22:21,090 - gensim.models.word2vec - INFO - EPOCH 5: training on 1000 raw words (95 effective words) took 0.0s, 215224 effective words/s
2026-03-05 11:22:21,120 - gensim.models.word2vec - INFO - EPOCH 6: training on 1000 raw words (93 effective words) took 0.0s, 339416 effective words/s
2026-03-05 11:22:21,146 - gensim.models.word2vec - INFO - EPOCH 7: training on 1000 raw words (79 effective words) took 0.0s, 19547 effective words/s
2026-03-05 11:22:21,173 - gensim.models.word2vec - INFO - EPOCH 8: training on 1000 raw words (102 effective words) took 0.0s, 333007 effective words/s
2026-03-05 11:22:21,199 - gensim.models.word2vec - INFO - EPOCH 9: training on 1000 raw words (99 effective words) took 0.0s, 35144 effective words/s
2026-03-05 11:22:21,203 - gensim.utils - INFO - Word2Vec lifecycle event {'msg': 'training on 10000 raw words (917 effective words) took 0.3s, 3464 effective words/s', 'datetime': '2026-03-05T11:22:21.199899', 'gensim': '4.4.0', 'python': '3.11.6 (tags/v3.11.6:8b6ee5b, Oct  2 2023, 14:57:12) [MSC v.1935 64 bit (AMD64)]', 'platform': 'Windows-10-10.0.26200-SP0', 'event': 'train'}
2026-03-05 11:22:21,203 - gensim.utils - INFO - Word2Vec lifecycle event {'params': 'Word2Vec<vocab=8, vector_size=300, alpha=0.025>', 'datetime': '2026-03-05T11:22:21.203901', 'gensim': '4.4.0', 'python': '3.11.6 (tags/v3.11.6:8b6ee5b, Oct  2 2023, 14:57:12) [MSC v.1935 64 bit (AMD64)]', 'platform': 'Windows-10-10.0.26200-SP0', 'event': 'created'}
2026-03-05 11:22:21,203 - gensim.utils - INFO - Word2Vec lifecycle event {'fname_or_handle': 'models/word2vec\\w2v_cbow_sz300_win5_ep10.model', 'separately': 'None', 'sep_limit': 10485760, 'ignore': frozenset(), 'datetime': '2026-03-05T11:22:21.203901', 'gensim': '4.4.0', 'python': '3.11.6 (tags/v3.11.6:8b6ee5b, Oct  2 2023, 14:57:12) [MSC v.1935 64 bit (AMD64)]', 'platform': 'Windows-10-10.0.26200-SP0', 'event': 'saving'}
2026-03-05 11:22:21,203 - gensim.utils - INFO - not storing attribute cum_table
2026-03-05 11:22:21,209 - gensim.utils - INFO - saved models/word2vec\w2v_cbow_sz300_win5_ep10.model
2026-03-05 11:22:21,209 - NLP_Project - INFO - Training w2v_cbow_sz300_win5_ep20...
2026-03-05 11:22:21,209 - gensim.models.word2vec - INFO - collecting all words and their counts
2026-03-05 11:22:21,209 - gensim.models.word2vec - INFO - PROGRESS: at sentence #0, processed 0 words, keeping 0 word types
2026-03-05 11:22:21,213 - gensim.models.word2vec - INFO - collected 8 word types from a corpus of 1000 raw words and 300 sentences
2026-03-05 11:22:21,213 - gensim.models.word2vec - INFO - Creating a fresh vocabulary
2026-03-05 11:22:21,213 - gensim.utils - INFO - Word2Vec lifecycle event {'msg': 'effective_min_count=5 retains 8 unique words (100.00% of original 8, drops 0)', 'datetime': '2026-03-05T11:22:21.213511', 'gensim': '4.4.0', 'python': '3.11.6 (tags/v3.11.6:8b6ee5b, Oct  2 2023, 14:57:12) [MSC v.1935 64 bit (AMD64)]', 'platform': 'Windows-10-10.0.26200-SP0', 'event': 'prepare_vocab'}
2026-03-05 11:22:21,215 - gensim.utils - INFO - Word2Vec lifecycle event {'msg': 'effective_min_count=5 leaves 1000 word corpus (100.00% of original 1000, drops 0)', 'datetime': '2026-03-05T11:22:21.215142', 'gensim': '4.4.0', 'python': '3.11.6 (tags/v3.11.6:8b6ee5b, Oct  2 2023, 14:57:12) [MSC v.1935 64 bit (AMD64)]', 'platform': 'Windows-10-10.0.26200-SP0', 'event': 'prepare_vocab'}
2026-03-05 11:22:21,215 - gensim.models.word2vec - INFO - deleting the raw counts dictionary of 8 items
2026-03-05 11:22:21,216 - gensim.models.word2vec - INFO - sample=0.001 downsamples 8 most-common words
2026-03-05 11:22:21,216 - gensim.utils - INFO - Word2Vec lifecycle event {'msg': 'downsampling leaves estimated 95.32050807568878 word corpus (9.5%% of prior 1000)', 'datetime': '2026-03-05T11:22:21.216294', 'gensim': '4.4.0', 'python': '3.11.6 (tags/v3.11.6:8b6ee5b, Oct  2 2023, 14:57:12) [MSC v.1935 64 bit (AMD64)]', 'platform': 'Windows-10-10.0.26200-SP0', 'event': 'prepare_vocab'}
2026-03-05 11:22:21,217 - gensim.models.word2vec - INFO - estimated required memory for 8 words and 300 dimensions: 23200 bytes
2026-03-05 11:22:21,217 - gensim.models.word2vec - INFO - resetting layer weights
2026-03-05 11:22:21,218 - gensim.utils - INFO - Word2Vec lifecycle event {'update': False, 'trim_rule': 'None', 'datetime': '2026-03-05T11:22:21.218503', 'gensim': '4.4.0', 'python': '3.11.6 (tags/v3.11.6:8b6ee5b, Oct  2 2023, 14:57:12) [MSC v.1935 64 bit (AMD64)]', 'platform': 'Windows-10-10.0.26200-SP0', 'event': 'build_vocab'}
2026-03-05 11:22:21,219 - gensim.utils - INFO - Word2Vec lifecycle event {'msg': 'training model with 16 workers on 8 vocabulary and 300 features, using sg=0 hs=0 sample=0.001 negative=5 window=5 shrink_windows=True', 'datetime': '2026-03-05T11:22:21.219165', 'gensim': '4.4.0', 'python': '3.11.6 (tags/v3.11.6:8b6ee5b, Oct  2 2023, 14:57:12) [MSC v.1935 64 bit (AMD64)]', 'platform': 'Windows-10-10.0.26200-SP0', 'event': 'train'}
2026-03-05 11:22:21,242 - gensim.models.word2vec - INFO - EPOCH 0: training on 1000 raw words (83 effective words) took 0.0s, 24127 effective words/s
2026-03-05 11:22:21,270 - gensim.models.word2vec - INFO - EPOCH 1: training on 1000 raw words (92 effective words) took 0.0s, 30515 effective words/s
2026-03-05 11:22:21,292 - gensim.models.word2vec - INFO - EPOCH 2: training on 1000 raw words (82 effective words) took 0.0s, 33244 effective words/s
2026-03-05 11:22:21,316 - gensim.models.word2vec - INFO - EPOCH 3: training on 1000 raw words (96 effective words) took 0.0s, 38595 effective words/s
2026-03-05 11:22:21,342 - gensim.models.word2vec - INFO - EPOCH 4: training on 1000 raw words (96 effective words) took 0.0s, 128274 effective words/s
2026-03-05 11:22:21,371 - gensim.models.word2vec - INFO - EPOCH 5: training on 1000 raw words (95 effective words) took 0.0s, 142279 effective words/s
2026-03-05 11:22:21,400 - gensim.models.word2vec - INFO - EPOCH 6: training on 1000 raw words (93 effective words) took 0.0s, 263531 effective words/s
2026-03-05 11:22:21,426 - gensim.models.word2vec - INFO - EPOCH 7: training on 1000 raw words (79 effective words) took 0.0s, 162585 effective words/s
2026-03-05 11:22:21,453 - gensim.models.word2vec - INFO - EPOCH 8: training on 1000 raw words (102 effective words) took 0.0s, 143440 effective words/s
2026-03-05 11:22:21,481 - gensim.models.word2vec - INFO - EPOCH 9: training on 1000 raw words (99 effective words) took 0.0s, 186335 effective words/s
2026-03-05 11:22:21,506 - gensim.models.word2vec - INFO - EPOCH 10: training on 1000 raw words (89 effective words) took 0.0s, 173557 effective words/s
2026-03-05 11:22:21,531 - gensim.models.word2vec - INFO - EPOCH 11: training on 1000 raw words (99 effective words) took 0.0s, 35479 effective words/s
2026-03-05 11:22:21,560 - gensim.models.word2vec - INFO - EPOCH 12: training on 1000 raw words (88 effective words) took 0.0s, 31583 effective words/s
2026-03-05 11:22:21,593 - gensim.models.word2vec - INFO - EPOCH 13: training on 1000 raw words (100 effective words) took 0.0s, 178699 effective words/s
2026-03-05 11:22:21,629 - gensim.models.word2vec - INFO - EPOCH 14: training on 1000 raw words (89 effective words) took 0.0s, 23560 effective words/s
2026-03-05 11:22:21,663 - gensim.models.word2vec - INFO - EPOCH 15: training on 1000 raw words (104 effective words) took 0.0s, 27255 effective words/s
2026-03-05 11:22:21,697 - gensim.models.word2vec - INFO - EPOCH 16: training on 1000 raw words (105 effective words) took 0.0s, 179457 effective words/s
2026-03-05 11:22:21,726 - gensim.models.word2vec - INFO - EPOCH 17: training on 1000 raw words (84 effective words) took 0.0s, 30214 effective words/s
2026-03-05 11:22:21,761 - gensim.models.word2vec - INFO - EPOCH 18: training on 1000 raw words (85 effective words) took 0.0s, 24514 effective words/s
2026-03-05 11:22:21,797 - gensim.models.word2vec - INFO - EPOCH 19: training on 1000 raw words (90 effective words) took 0.0s, 21959 effective words/s
2026-03-05 11:22:21,797 - gensim.utils - INFO - Word2Vec lifecycle event {'msg': 'training on 20000 raw words (1850 effective words) took 0.6s, 3196 effective words/s', 'datetime': '2026-03-05T11:22:21.797895', 'gensim': '4.4.0', 'python': '3.11.6 (tags/v3.11.6:8b6ee5b, Oct  2 2023, 14:57:12) [MSC v.1935 64 bit (AMD64)]', 'platform': 'Windows-10-10.0.26200-SP0', 'event': 'train'}
2026-03-05 11:22:21,797 - gensim.utils - INFO - Word2Vec lifecycle event {'params': 'Word2Vec<vocab=8, vector_size=300, alpha=0.025>', 'datetime': '2026-03-05T11:22:21.797895', 'gensim': '4.4.0', 'python': '3.11.6 (tags/v3.11.6:8b6ee5b, Oct  2 2023, 14:57:12) [MSC v.1935 64 bit (AMD64)]', 'platform': 'Windows-10-10.0.26200-SP0', 'event': 'created'}
2026-03-05 11:22:21,797 - gensim.utils - INFO - Word2Vec lifecycle event {'fname_or_handle': 'models/word2vec\\w2v_cbow_sz300_win5_ep20.model', 'separately': 'None', 'sep_limit': 10485760, 'ignore': frozenset(), 'datetime': '2026-03-05T11:22:21.797895', 'gensim': '4.4.0', 'python': '3.11.6 (tags/v3.11.6:8b6ee5b, Oct  2 2023, 14:57:12) [MSC v.1935 64 bit (AMD64)]', 'platform': 'Windows-10-10.0.26200-SP0', 'event': 'saving'}
2026-03-05 11:22:21,797 - gensim.utils - INFO - not storing attribute cum_table
2026-03-05 11:22:21,803 - gensim.utils - INFO - saved models/word2vec\w2v_cbow_sz300_win5_ep20.model
2026-03-05 11:22:21,803 - NLP_Project - INFO - Training w2v_skipgram_sz300_win5_ep5...
2026-03-05 11:22:21,803 - gensim.models.word2vec - INFO - collecting all words and their counts
2026-03-05 11:22:21,805 - gensim.models.word2vec - INFO - PROGRESS: at sentence #0, processed 0 words, keeping 0 word types
2026-03-05 11:22:21,807 - gensim.models.word2vec - INFO - collected 8 word types from a corpus of 1000 raw words and 300 sentences
2026-03-05 11:22:21,807 - gensim.models.word2vec - INFO - Creating a fresh vocabulary
2026-03-05 11:22:21,808 - gensim.utils - INFO - Word2Vec lifecycle event {'msg': 'effective_min_count=5 retains 8 unique words (100.00% of original 8, drops 0)', 'datetime': '2026-03-05T11:22:21.808496', 'gensim': '4.4.0', 'python': '3.11.6 (tags/v3.11.6:8b6ee5b, Oct  2 2023, 14:57:12) [MSC v.1935 64 bit (AMD64)]', 'platform': 'Windows-10-10.0.26200-SP0', 'event': 'prepare_vocab'}
2026-03-05 11:22:21,809 - gensim.utils - INFO - Word2Vec lifecycle event {'msg': 'effective_min_count=5 leaves 1000 word corpus (100.00% of original 1000, drops 0)', 'datetime': '2026-03-05T11:22:21.809103', 'gensim': '4.4.0', 'python': '3.11.6 (tags/v3.11.6:8b6ee5b, Oct  2 2023, 14:57:12) [MSC v.1935 64 bit (AMD64)]', 'platform': 'Windows-10-10.0.26200-SP0', 'event': 'prepare_vocab'}
2026-03-05 11:22:21,809 - gensim.models.word2vec - INFO - deleting the raw counts dictionary of 8 items
2026-03-05 11:22:21,811 - gensim.models.word2vec - INFO - sample=0.001 downsamples 8 most-common words
2026-03-05 11:22:21,811 - gensim.utils - INFO - Word2Vec lifecycle event {'msg': 'downsampling leaves estimated 95.32050807568878 word corpus (9.5%% of prior 1000)', 'datetime': '2026-03-05T11:22:21.811155', 'gensim': '4.4.0', 'python': '3.11.6 (tags/v3.11.6:8b6ee5b, Oct  2 2023, 14:57:12) [MSC v.1935 64 bit (AMD64)]', 'platform': 'Windows-10-10.0.26200-SP0', 'event': 'prepare_vocab'}
2026-03-05 11:22:21,811 - gensim.models.word2vec - INFO - estimated required memory for 8 words and 300 dimensions: 23200 bytes
2026-03-05 11:22:21,813 - gensim.models.word2vec - INFO - resetting layer weights
2026-03-05 11:22:21,813 - gensim.utils - INFO - Word2Vec lifecycle event {'update': False, 'trim_rule': 'None', 'datetime': '2026-03-05T11:22:21.813169', 'gensim': '4.4.0', 'python': '3.11.6 (tags/v3.11.6:8b6ee5b, Oct  2 2023, 14:57:12) [MSC v.1935 64 bit (AMD64)]', 'platform': 'Windows-10-10.0.26200-SP0', 'event': 'build_vocab'}
2026-03-05 11:22:21,813 - gensim.utils - INFO - Word2Vec lifecycle event {'msg': 'training model with 16 workers on 8 vocabulary and 300 features, using sg=1 hs=0 sample=0.001 negative=5 window=5 shrink_windows=True', 'datetime': '2026-03-05T11:22:21.813169', 'gensim': '4.4.0', 'python': '3.11.6 (tags/v3.11.6:8b6ee5b, Oct  2 2023, 14:57:12) [MSC v.1935 64 bit (AMD64)]', 'platform': 'Windows-10-10.0.26200-SP0', 'event': 'train'}
2026-03-05 11:22:21,842 - gensim.models.word2vec - INFO - EPOCH 0: training on 1000 raw words (83 effective words) took 0.0s, 23655 effective words/s
2026-03-05 11:22:21,876 - gensim.models.word2vec - INFO - EPOCH 1: training on 1000 raw words (92 effective words) took 0.0s, 26864 effective words/s
2026-03-05 11:22:21,908 - gensim.models.word2vec - INFO - EPOCH 2: training on 1000 raw words (82 effective words) took 0.0s, 157571 effective words/s
2026-03-05 11:22:21,940 - gensim.models.word2vec - INFO - EPOCH 3: training on 1000 raw words (96 effective words) took 0.0s, 30994 effective words/s
2026-03-05 11:22:21,970 - gensim.models.word2vec - INFO - EPOCH 4: training on 1000 raw words (96 effective words) took 0.0s, 211035 effective words/s
2026-03-05 11:22:21,972 - gensim.utils - INFO - Word2Vec lifecycle event {'msg': 'training on 5000 raw words (449 effective words) took 0.2s, 2867 effective words/s', 'datetime': '2026-03-05T11:22:21.972211', 'gensim': '4.4.0', 'python': '3.11.6 (tags/v3.11.6:8b6ee5b, Oct  2 2023, 14:57:12) [MSC v.1935 64 bit (AMD64)]', 'platform': 'Windows-10-10.0.26200-SP0', 'event': 'train'}
2026-03-05 11:22:21,972 - gensim.utils - INFO - Word2Vec lifecycle event {'params': 'Word2Vec<vocab=8, vector_size=300, alpha=0.025>', 'datetime': '2026-03-05T11:22:21.972211', 'gensim': '4.4.0', 'python': '3.11.6 (tags/v3.11.6:8b6ee5b, Oct  2 2023, 14:57:12) [MSC v.1935 64 bit (AMD64)]', 'platform': 'Windows-10-10.0.26200-SP0', 'event': 'created'}
2026-03-05 11:22:21,972 - gensim.utils - INFO - Word2Vec lifecycle event {'fname_or_handle': 'models/word2vec\\w2v_skipgram_sz300_win5_ep5.model', 'separately': 'None', 'sep_limit': 10485760, 'ignore': frozenset(), 'datetime': '2026-03-05T11:22:21.972211', 'gensim': '4.4.0', 'python': '3.11.6 (tags/v3.11.6:8b6ee5b, Oct  2 2023, 14:57:12) [MSC v.1935 64 bit (AMD64)]', 'platform': 'Windows-10-10.0.26200-SP0', 'event': 'saving'}
2026-03-05 11:22:21,972 - gensim.utils - INFO - not storing attribute cum_table
2026-03-05 11:22:21,975 - gensim.utils - INFO - saved models/word2vec\w2v_skipgram_sz300_win5_ep5.model
2026-03-05 11:22:21,975 - NLP_Project - INFO - Training w2v_skipgram_sz300_win5_ep10...
2026-03-05 11:22:21,975 - gensim.models.word2vec - INFO - collecting all words and their counts
2026-03-05 11:22:21,975 - gensim.models.word2vec - INFO - PROGRESS: at sentence #0, processed 0 words, keeping 0 word types
2026-03-05 11:22:21,975 - gensim.models.word2vec - INFO - collected 8 word types from a corpus of 1000 raw words and 300 sentences
2026-03-05 11:22:21,980 - gensim.models.word2vec - INFO - Creating a fresh vocabulary
2026-03-05 11:22:21,981 - gensim.utils - INFO - Word2Vec lifecycle event {'msg': 'effective_min_count=5 retains 8 unique words (100.00% of original 8, drops 0)', 'datetime': '2026-03-05T11:22:21.981448', 'gensim': '4.4.0', 'python': '3.11.6 (tags/v3.11.6:8b6ee5b, Oct  2 2023, 14:57:12) [MSC v.1935 64 bit (AMD64)]', 'platform': 'Windows-10-10.0.26200-SP0', 'event': 'prepare_vocab'}
2026-03-05 11:22:21,981 - gensim.utils - INFO - Word2Vec lifecycle event {'msg': 'effective_min_count=5 leaves 1000 word corpus (100.00% of original 1000, drops 0)', 'datetime': '2026-03-05T11:22:21.981448', 'gensim': '4.4.0', 'python': '3.11.6 (tags/v3.11.6:8b6ee5b, Oct  2 2023, 14:57:12) [MSC v.1935 64 bit (AMD64)]', 'platform': 'Windows-10-10.0.26200-SP0', 'event': 'prepare_vocab'}
2026-03-05 11:22:21,981 - gensim.models.word2vec - INFO - deleting the raw counts dictionary of 8 items
2026-03-05 11:22:21,983 - gensim.models.word2vec - INFO - sample=0.001 downsamples 8 most-common words
2026-03-05 11:22:21,983 - gensim.utils - INFO - Word2Vec lifecycle event {'msg': 'downsampling leaves estimated 95.32050807568878 word corpus (9.5%% of prior 1000)', 'datetime': '2026-03-05T11:22:21.983186', 'gensim': '4.4.0', 'python': '3.11.6 (tags/v3.11.6:8b6ee5b, Oct  2 2023, 14:57:12) [MSC v.1935 64 bit (AMD64)]', 'platform': 'Windows-10-10.0.26200-SP0', 'event': 'prepare_vocab'}
2026-03-05 11:22:21,984 - gensim.models.word2vec - INFO - estimated required memory for 8 words and 300 dimensions: 23200 bytes
2026-03-05 11:22:21,984 - gensim.models.word2vec - INFO - resetting layer weights
2026-03-05 11:22:21,984 - gensim.utils - INFO - Word2Vec lifecycle event {'update': False, 'trim_rule': 'None', 'datetime': '2026-03-05T11:22:21.984938', 'gensim': '4.4.0', 'python': '3.11.6 (tags/v3.11.6:8b6ee5b, Oct  2 2023, 14:57:12) [MSC v.1935 64 bit (AMD64)]', 'platform': 'Windows-10-10.0.26200-SP0', 'event': 'build_vocab'}
2026-03-05 11:22:21,987 - gensim.utils - INFO - Word2Vec lifecycle event {'msg': 'training model with 16 workers on 8 vocabulary and 300 features, using sg=1 hs=0 sample=0.001 negative=5 window=5 shrink_windows=True', 'datetime': '2026-03-05T11:22:21.987241', 'gensim': '4.4.0', 'python': '3.11.6 (tags/v3.11.6:8b6ee5b, Oct  2 2023, 14:57:12) [MSC v.1935 64 bit (AMD64)]', 'platform': 'Windows-10-10.0.26200-SP0', 'event': 'train'}
2026-03-05 11:22:22,009 - gensim.models.word2vec - INFO - EPOCH 0: training on 1000 raw words (83 effective words) took 0.0s, 176446 effective words/s
2026-03-05 11:22:22,036 - gensim.models.word2vec - INFO - EPOCH 1: training on 1000 raw words (92 effective words) took 0.0s, 35205 effective words/s
2026-03-05 11:22:22,059 - gensim.models.word2vec - INFO - EPOCH 2: training on 1000 raw words (82 effective words) took 0.0s, 223069 effective words/s
2026-03-05 11:22:22,086 - gensim.models.word2vec - INFO - EPOCH 3: training on 1000 raw words (96 effective words) took 0.0s, 176959 effective words/s
2026-03-05 11:22:22,109 - gensim.models.word2vec - INFO - EPOCH 4: training on 1000 raw words (96 effective words) took 0.0s, 29383 effective words/s
2026-03-05 11:22:22,137 - gensim.models.word2vec - INFO - EPOCH 5: training on 1000 raw words (95 effective words) took 0.0s, 155942 effective words/s
2026-03-05 11:22:22,167 - gensim.models.word2vec - INFO - EPOCH 6: training on 1000 raw words (93 effective words) took 0.0s, 37605 effective words/s
2026-03-05 11:22:22,192 - gensim.models.word2vec - INFO - EPOCH 7: training on 1000 raw words (79 effective words) took 0.0s, 128685 effective words/s
2026-03-05 11:22:22,217 - gensim.models.word2vec - INFO - EPOCH 8: training on 1000 raw words (102 effective words) took 0.0s, 42102 effective words/s
2026-03-05 11:22:22,246 - gensim.models.word2vec - INFO - EPOCH 9: training on 1000 raw words (99 effective words) took 0.0s, 34294 effective words/s
2026-03-05 11:22:22,246 - gensim.utils - INFO - Word2Vec lifecycle event {'msg': 'training on 10000 raw words (917 effective words) took 0.3s, 3518 effective words/s', 'datetime': '2026-03-05T11:22:22.246942', 'gensim': '4.4.0', 'python': '3.11.6 (tags/v3.11.6:8b6ee5b, Oct  2 2023, 14:57:12) [MSC v.1935 64 bit (AMD64)]', 'platform': 'Windows-10-10.0.26200-SP0', 'event': 'train'}
2026-03-05 11:22:22,246 - gensim.utils - INFO - Word2Vec lifecycle event {'params': 'Word2Vec<vocab=8, vector_size=300, alpha=0.025>', 'datetime': '2026-03-05T11:22:22.246942', 'gensim': '4.4.0', 'python': '3.11.6 (tags/v3.11.6:8b6ee5b, Oct  2 2023, 14:57:12) [MSC v.1935 64 bit (AMD64)]', 'platform': 'Windows-10-10.0.26200-SP0', 'event': 'created'}
2026-03-05 11:22:22,246 - gensim.utils - INFO - Word2Vec lifecycle event {'fname_or_handle': 'models/word2vec\\w2v_skipgram_sz300_win5_ep10.model', 'separately': 'None', 'sep_limit': 10485760, 'ignore': frozenset(), 'datetime': '2026-03-05T11:22:22.246942', 'gensim': '4.4.0', 'python': '3.11.6 (tags/v3.11.6:8b6ee5b, Oct  2 2023, 14:57:12) [MSC v.1935 64 bit (AMD64)]', 'platform': 'Windows-10-10.0.26200-SP0', 'event': 'saving'}
2026-03-05 11:22:22,246 - gensim.utils - INFO - not storing attribute cum_table
2026-03-05 11:22:22,253 - gensim.utils - INFO - saved models/word2vec\w2v_skipgram_sz300_win5_ep10.model
2026-03-05 11:22:22,253 - NLP_Project - INFO - Training w2v_skipgram_sz300_win5_ep20...
2026-03-05 11:22:22,253 - gensim.models.word2vec - INFO - collecting all words and their counts
2026-03-05 11:22:22,253 - gensim.models.word2vec - INFO - PROGRESS: at sentence #0, processed 0 words, keeping 0 word types
2026-03-05 11:22:22,256 - gensim.models.word2vec - INFO - collected 8 word types from a corpus of 1000 raw words and 300 sentences
2026-03-05 11:22:22,256 - gensim.models.word2vec - INFO - Creating a fresh vocabulary
2026-03-05 11:22:22,257 - gensim.utils - INFO - Word2Vec lifecycle event {'msg': 'effective_min_count=5 retains 8 unique words (100.00% of original 8, drops 0)', 'datetime': '2026-03-05T11:22:22.257064', 'gensim': '4.4.0', 'python': '3.11.6 (tags/v3.11.6:8b6ee5b, Oct  2 2023, 14:57:12) [MSC v.1935 64 bit (AMD64)]', 'platform': 'Windows-10-10.0.26200-SP0', 'event': 'prepare_vocab'}
2026-03-05 11:22:22,257 - gensim.utils - INFO - Word2Vec lifecycle event {'msg': 'effective_min_count=5 leaves 1000 word corpus (100.00% of original 1000, drops 0)', 'datetime': '2026-03-05T11:22:22.257064', 'gensim': '4.4.0', 'python': '3.11.6 (tags/v3.11.6:8b6ee5b, Oct  2 2023, 14:57:12) [MSC v.1935 64 bit (AMD64)]', 'platform': 'Windows-10-10.0.26200-SP0', 'event': 'prepare_vocab'}
2026-03-05 11:22:22,257 - gensim.models.word2vec - INFO - deleting the raw counts dictionary of 8 items
2026-03-05 11:22:22,258 - gensim.models.word2vec - INFO - sample=0.001 downsamples 8 most-common words
2026-03-05 11:22:22,258 - gensim.utils - INFO - Word2Vec lifecycle event {'msg': 'downsampling leaves estimated 95.32050807568878 word corpus (9.5%% of prior 1000)', 'datetime': '2026-03-05T11:22:22.258763', 'gensim': '4.4.0', 'python': '3.11.6 (tags/v3.11.6:8b6ee5b, Oct  2 2023, 14:57:12) [MSC v.1935 64 bit (AMD64)]', 'platform': 'Windows-10-10.0.26200-SP0', 'event': 'prepare_vocab'}
2026-03-05 11:22:22,258 - gensim.models.word2vec - INFO - estimated required memory for 8 words and 300 dimensions: 23200 bytes
2026-03-05 11:22:22,258 - gensim.models.word2vec - INFO - resetting layer weights
2026-03-05 11:22:22,258 - gensim.utils - INFO - Word2Vec lifecycle event {'update': False, 'trim_rule': 'None', 'datetime': '2026-03-05T11:22:22.258763', 'gensim': '4.4.0', 'python': '3.11.6 (tags/v3.11.6:8b6ee5b, Oct  2 2023, 14:57:12) [MSC v.1935 64 bit (AMD64)]', 'platform': 'Windows-10-10.0.26200-SP0', 'event': 'build_vocab'}
2026-03-05 11:22:22,258 - gensim.utils - INFO - Word2Vec lifecycle event {'msg': 'training model with 16 workers on 8 vocabulary and 300 features, using sg=1 hs=0 sample=0.001 negative=5 window=5 shrink_windows=True', 'datetime': '2026-03-05T11:22:22.258763', 'gensim': '4.4.0', 'python': '3.11.6 (tags/v3.11.6:8b6ee5b, Oct  2 2023, 14:57:12) [MSC v.1935 64 bit (AMD64)]', 'platform': 'Windows-10-10.0.26200-SP0', 'event': 'train'}
2026-03-05 11:22:22,281 - gensim.models.word2vec - INFO - EPOCH 0: training on 1000 raw words (83 effective words) took 0.0s, 32218 effective words/s
2026-03-05 11:22:22,303 - gensim.models.word2vec - INFO - EPOCH 1: training on 1000 raw words (92 effective words) took 0.0s, 35575 effective words/s
2026-03-05 11:22:22,325 - gensim.models.word2vec - INFO - EPOCH 2: training on 1000 raw words (82 effective words) took 0.0s, 23142 effective words/s
2026-03-05 11:22:22,347 - gensim.models.word2vec - INFO - EPOCH 3: training on 1000 raw words (96 effective words) took 0.0s, 40706 effective words/s
2026-03-05 11:22:22,375 - gensim.models.word2vec - INFO - EPOCH 4: training on 1000 raw words (96 effective words) took 0.0s, 123759 effective words/s
2026-03-05 11:22:22,405 - gensim.models.word2vec - INFO - EPOCH 5: training on 1000 raw words (95 effective words) took 0.0s, 22580 effective words/s
2026-03-05 11:22:22,431 - gensim.models.word2vec - INFO - EPOCH 6: training on 1000 raw words (93 effective words) took 0.0s, 143874 effective words/s
2026-03-05 11:22:22,458 - gensim.models.word2vec - INFO - EPOCH 7: training on 1000 raw words (79 effective words) took 0.0s, 19113 effective words/s
2026-03-05 11:22:22,486 - gensim.models.word2vec - INFO - EPOCH 8: training on 1000 raw words (102 effective words) took 0.0s, 119564 effective words/s
2026-03-05 11:22:22,513 - gensim.models.word2vec - INFO - EPOCH 9: training on 1000 raw words (99 effective words) took 0.0s, 165358 effective words/s
2026-03-05 11:22:22,542 - gensim.models.word2vec - INFO - EPOCH 10: training on 1000 raw words (89 effective words) took 0.0s, 25952 effective words/s
2026-03-05 11:22:22,567 - gensim.models.word2vec - INFO - EPOCH 11: training on 1000 raw words (99 effective words) took 0.0s, 41029 effective words/s
2026-03-05 11:22:22,595 - gensim.models.word2vec - INFO - EPOCH 12: training on 1000 raw words (88 effective words) took 0.0s, 30002 effective words/s
2026-03-05 11:22:22,620 - gensim.models.word2vec - INFO - EPOCH 13: training on 1000 raw words (100 effective words) took 0.0s, 38939 effective words/s
2026-03-05 11:22:22,647 - gensim.models.word2vec - INFO - EPOCH 14: training on 1000 raw words (89 effective words) took 0.0s, 188200 effective words/s
2026-03-05 11:22:22,674 - gensim.models.word2vec - INFO - EPOCH 15: training on 1000 raw words (104 effective words) took 0.0s, 43013 effective words/s
2026-03-05 11:22:22,697 - gensim.models.word2vec - INFO - EPOCH 16: training on 1000 raw words (105 effective words) took 0.0s, 43317 effective words/s
2026-03-05 11:22:22,725 - gensim.models.word2vec - INFO - EPOCH 17: training on 1000 raw words (84 effective words) took 0.0s, 26368 effective words/s
2026-03-05 11:22:22,755 - gensim.models.word2vec - INFO - EPOCH 18: training on 1000 raw words (85 effective words) took 0.0s, 184582 effective words/s
2026-03-05 11:22:22,781 - gensim.models.word2vec - INFO - EPOCH 19: training on 1000 raw words (90 effective words) took 0.0s, 221293 effective words/s
2026-03-05 11:22:22,781 - gensim.utils - INFO - Word2Vec lifecycle event {'msg': 'training on 20000 raw words (1850 effective words) took 0.5s, 3552 effective words/s', 'datetime': '2026-03-05T11:22:22.781364', 'gensim': '4.4.0', 'python': '3.11.6 (tags/v3.11.6:8b6ee5b, Oct  2 2023, 14:57:12) [MSC v.1935 64 bit (AMD64)]', 'platform': 'Windows-10-10.0.26200-SP0', 'event': 'train'}
2026-03-05 11:22:22,781 - gensim.utils - INFO - Word2Vec lifecycle event {'params': 'Word2Vec<vocab=8, vector_size=300, alpha=0.025>', 'datetime': '2026-03-05T11:22:22.781364', 'gensim': '4.4.0', 'python': '3.11.6 (tags/v3.11.6:8b6ee5b, Oct  2 2023, 14:57:12) [MSC v.1935 64 bit (AMD64)]', 'platform': 'Windows-10-10.0.26200-SP0', 'event': 'created'}
2026-03-05 11:22:22,781 - gensim.utils - INFO - Word2Vec lifecycle event {'fname_or_handle': 'models/word2vec\\w2v_skipgram_sz300_win5_ep20.model', 'separately': 'None', 'sep_limit': 10485760, 'ignore': frozenset(), 'datetime': '2026-03-05T11:22:22.781364', 'gensim': '4.4.0', 'python': '3.11.6 (tags/v3.11.6:8b6ee5b, Oct  2 2023, 14:57:12) [MSC v.1935 64 bit (AMD64)]', 'platform': 'Windows-10-10.0.26200-SP0', 'event': 'saving'}
2026-03-05 11:22:22,781 - gensim.utils - INFO - not storing attribute cum_table
2026-03-05 11:22:22,787 - gensim.utils - INFO - saved models/word2vec\w2v_skipgram_sz300_win5_ep20.model
2026-03-05 11:22:22,787 - NLP_Project - INFO - Training w2v_cbow_sz300_win10_ep5...
2026-03-05 11:22:22,790 - gensim.models.word2vec - INFO - collecting all words and their counts
2026-03-05 11:22:22,791 - gensim.models.word2vec - INFO - PROGRESS: at sentence #0, processed 0 words, keeping 0 word types
2026-03-05 11:22:22,792 - gensim.models.word2vec - INFO - collected 8 word types from a corpus of 1000 raw words and 300 sentences
2026-03-05 11:22:22,792 - gensim.models.word2vec - INFO - Creating a fresh vocabulary
2026-03-05 11:22:22,792 - gensim.utils - INFO - Word2Vec lifecycle event {'msg': 'effective_min_count=5 retains 8 unique words (100.00% of original 8, drops 0)', 'datetime': '2026-03-05T11:22:22.792089', 'gensim': '4.4.0', 'python': '3.11.6 (tags/v3.11.6:8b6ee5b, Oct  2 2023, 14:57:12) [MSC v.1935 64 bit (AMD64)]', 'platform': 'Windows-10-10.0.26200-SP0', 'event': 'prepare_vocab'}
2026-03-05 11:22:22,792 - gensim.utils - INFO - Word2Vec lifecycle event {'msg': 'effective_min_count=5 leaves 1000 word corpus (100.00% of original 1000, drops 0)', 'datetime': '2026-03-05T11:22:22.792089', 'gensim': '4.4.0', 'python': '3.11.6 (tags/v3.11.6:8b6ee5b, Oct  2 2023, 14:57:12) [MSC v.1935 64 bit (AMD64)]', 'platform': 'Windows-10-10.0.26200-SP0', 'event': 'prepare_vocab'}
2026-03-05 11:22:22,792 - gensim.models.word2vec - INFO - deleting the raw counts dictionary of 8 items
2026-03-05 11:22:22,792 - gensim.models.word2vec - INFO - sample=0.001 downsamples 8 most-common words
2026-03-05 11:22:22,795 - gensim.utils - INFO - Word2Vec lifecycle event {'msg': 'downsampling leaves estimated 95.32050807568878 word corpus (9.5%% of prior 1000)', 'datetime': '2026-03-05T11:22:22.795881', 'gensim': '4.4.0', 'python': '3.11.6 (tags/v3.11.6:8b6ee5b, Oct  2 2023, 14:57:12) [MSC v.1935 64 bit (AMD64)]', 'platform': 'Windows-10-10.0.26200-SP0', 'event': 'prepare_vocab'}
2026-03-05 11:22:22,795 - gensim.models.word2vec - INFO - estimated required memory for 8 words and 300 dimensions: 23200 bytes
2026-03-05 11:22:22,797 - gensim.models.word2vec - INFO - resetting layer weights
2026-03-05 11:22:22,798 - gensim.utils - INFO - Word2Vec lifecycle event {'update': False, 'trim_rule': 'None', 'datetime': '2026-03-05T11:22:22.798581', 'gensim': '4.4.0', 'python': '3.11.6 (tags/v3.11.6:8b6ee5b, Oct  2 2023, 14:57:12) [MSC v.1935 64 bit (AMD64)]', 'platform': 'Windows-10-10.0.26200-SP0', 'event': 'build_vocab'}
2026-03-05 11:22:22,798 - gensim.utils - INFO - Word2Vec lifecycle event {'msg': 'training model with 16 workers on 8 vocabulary and 300 features, using sg=0 hs=0 sample=0.001 negative=5 window=10 shrink_windows=True', 'datetime': '2026-03-05T11:22:22.798886', 'gensim': '4.4.0', 'python': '3.11.6 (tags/v3.11.6:8b6ee5b, Oct  2 2023, 14:57:12) [MSC v.1935 64 bit (AMD64)]', 'platform': 'Windows-10-10.0.26200-SP0', 'event': 'train'}
2026-03-05 11:22:22,820 - gensim.models.word2vec - INFO - EPOCH 0: training on 1000 raw words (83 effective words) took 0.0s, 182297 effective words/s
2026-03-05 11:22:22,845 - gensim.models.word2vec - INFO - EPOCH 1: training on 1000 raw words (99 effective words) took 0.0s, 29804 effective words/s
2026-03-05 11:22:22,872 - gensim.models.word2vec - INFO - EPOCH 2: training on 1000 raw words (111 effective words) took 0.0s, 231539 effective words/s
2026-03-05 11:22:22,897 - gensim.models.word2vec - INFO - EPOCH 3: training on 1000 raw words (99 effective words) took 0.0s, 270123 effective words/s
2026-03-05 11:22:22,925 - gensim.models.word2vec - INFO - EPOCH 4: training on 1000 raw words (103 effective words) took 0.0s, 25902 effective words/s
2026-03-05 11:22:22,925 - gensim.utils - INFO - Word2Vec lifecycle event {'msg': 'training on 5000 raw words (495 effective words) took 0.1s, 3839 effective words/s', 'datetime': '2026-03-05T11:22:22.925346', 'gensim': '4.4.0', 'python': '3.11.6 (tags/v3.11.6:8b6ee5b, Oct  2 2023, 14:57:12) [MSC v.1935 64 bit (AMD64)]', 'platform': 'Windows-10-10.0.26200-SP0', 'event': 'train'}
2026-03-05 11:22:22,925 - gensim.utils - INFO - Word2Vec lifecycle event {'params': 'Word2Vec<vocab=8, vector_size=300, alpha=0.025>', 'datetime': '2026-03-05T11:22:22.925346', 'gensim': '4.4.0', 'python': '3.11.6 (tags/v3.11.6:8b6ee5b, Oct  2 2023, 14:57:12) [MSC v.1935 64 bit (AMD64)]', 'platform': 'Windows-10-10.0.26200-SP0', 'event': 'created'}
2026-03-05 11:22:22,925 - gensim.utils - INFO - Word2Vec lifecycle event {'fname_or_handle': 'models/word2vec\\w2v_cbow_sz300_win10_ep5.model', 'separately': 'None', 'sep_limit': 10485760, 'ignore': frozenset(), 'datetime': '2026-03-05T11:22:22.925346', 'gensim': '4.4.0', 'python': '3.11.6 (tags/v3.11.6:8b6ee5b, Oct  2 2023, 14:57:12) [MSC v.1935 64 bit (AMD64)]', 'platform': 'Windows-10-10.0.26200-SP0', 'event': 'saving'}
2026-03-05 11:22:22,930 - gensim.utils - INFO - not storing attribute cum_table
2026-03-05 11:22:22,933 - gensim.utils - INFO - saved models/word2vec\w2v_cbow_sz300_win10_ep5.model
2026-03-05 11:22:22,933 - NLP_Project - INFO - Training w2v_cbow_sz300_win10_ep10...
2026-03-05 11:22:22,933 - gensim.models.word2vec - INFO - collecting all words and their counts
2026-03-05 11:22:22,936 - gensim.models.word2vec - INFO - PROGRESS: at sentence #0, processed 0 words, keeping 0 word types
2026-03-05 11:22:22,937 - gensim.models.word2vec - INFO - collected 8 word types from a corpus of 1000 raw words and 300 sentences
2026-03-05 11:22:22,937 - gensim.models.word2vec - INFO - Creating a fresh vocabulary
2026-03-05 11:22:22,937 - gensim.utils - INFO - Word2Vec lifecycle event {'msg': 'effective_min_count=5 retains 8 unique words (100.00% of original 8, drops 0)', 'datetime': '2026-03-05T11:22:22.937352', 'gensim': '4.4.0', 'python': '3.11.6 (tags/v3.11.6:8b6ee5b, Oct  2 2023, 14:57:12) [MSC v.1935 64 bit (AMD64)]', 'platform': 'Windows-10-10.0.26200-SP0', 'event': 'prepare_vocab'}
2026-03-05 11:22:22,937 - gensim.utils - INFO - Word2Vec lifecycle event {'msg': 'effective_min_count=5 leaves 1000 word corpus (100.00% of original 1000, drops 0)', 'datetime': '2026-03-05T11:22:22.937352', 'gensim': '4.4.0', 'python': '3.11.6 (tags/v3.11.6:8b6ee5b, Oct  2 2023, 14:57:12) [MSC v.1935 64 bit (AMD64)]', 'platform': 'Windows-10-10.0.26200-SP0', 'event': 'prepare_vocab'}
2026-03-05 11:22:22,937 - gensim.models.word2vec - INFO - deleting the raw counts dictionary of 8 items
2026-03-05 11:22:22,937 - gensim.models.word2vec - INFO - sample=0.001 downsamples 8 most-common words
2026-03-05 11:22:22,940 - gensim.utils - INFO - Word2Vec lifecycle event {'msg': 'downsampling leaves estimated 95.32050807568878 word corpus (9.5%% of prior 1000)', 'datetime': '2026-03-05T11:22:22.937352', 'gensim': '4.4.0', 'python': '3.11.6 (tags/v3.11.6:8b6ee5b, Oct  2 2023, 14:57:12) [MSC v.1935 64 bit (AMD64)]', 'platform': 'Windows-10-10.0.26200-SP0', 'event': 'prepare_vocab'}
2026-03-05 11:22:22,940 - gensim.models.word2vec - INFO - estimated required memory for 8 words and 300 dimensions: 23200 bytes
2026-03-05 11:22:22,940 - gensim.models.word2vec - INFO - resetting layer weights
2026-03-05 11:22:22,942 - gensim.utils - INFO - Word2Vec lifecycle event {'update': False, 'trim_rule': 'None', 'datetime': '2026-03-05T11:22:22.942481', 'gensim': '4.4.0', 'python': '3.11.6 (tags/v3.11.6:8b6ee5b, Oct  2 2023, 14:57:12) [MSC v.1935 64 bit (AMD64)]', 'platform': 'Windows-10-10.0.26200-SP0', 'event': 'build_vocab'}
2026-03-05 11:22:22,942 - gensim.utils - INFO - Word2Vec lifecycle event {'msg': 'training model with 16 workers on 8 vocabulary and 300 features, using sg=0 hs=0 sample=0.001 negative=5 window=10 shrink_windows=True', 'datetime': '2026-03-05T11:22:22.942481', 'gensim': '4.4.0', 'python': '3.11.6 (tags/v3.11.6:8b6ee5b, Oct  2 2023, 14:57:12) [MSC v.1935 64 bit (AMD64)]', 'platform': 'Windows-10-10.0.26200-SP0', 'event': 'train'}
2026-03-05 11:22:22,967 - gensim.models.word2vec - INFO - EPOCH 0: training on 1000 raw words (83 effective words) took 0.0s, 187401 effective words/s
2026-03-05 11:22:23,003 - gensim.models.word2vec - INFO - EPOCH 1: training on 1000 raw words (99 effective words) took 0.0s, 255418 effective words/s
2026-03-05 11:22:23,037 - gensim.models.word2vec - INFO - EPOCH 2: training on 1000 raw words (111 effective words) took 0.0s, 27613 effective words/s
2026-03-05 11:22:23,070 - gensim.models.word2vec - INFO - EPOCH 3: training on 1000 raw words (99 effective words) took 0.0s, 22133 effective words/s
2026-03-05 11:22:23,106 - gensim.models.word2vec - INFO - EPOCH 4: training on 1000 raw words (103 effective words) took 0.0s, 34291 effective words/s
2026-03-05 11:22:23,140 - gensim.models.word2vec - INFO - EPOCH 5: training on 1000 raw words (98 effective words) took 0.0s, 32229 effective words/s
2026-03-05 11:22:23,172 - gensim.models.word2vec - INFO - EPOCH 6: training on 1000 raw words (94 effective words) took 0.0s, 32879 effective words/s
2026-03-05 11:22:23,204 - gensim.models.word2vec - INFO - EPOCH 7: training on 1000 raw words (99 effective words) took 0.0s, 34315 effective words/s
2026-03-05 11:22:23,230 - gensim.models.word2vec - INFO - EPOCH 8: training on 1000 raw words (97 effective words) took 0.0s, 231614 effective words/s
2026-03-05 11:22:23,258 - gensim.models.word2vec - INFO - EPOCH 9: training on 1000 raw words (89 effective words) took 0.0s, 31642 effective words/s
2026-03-05 11:22:23,259 - gensim.utils - INFO - Word2Vec lifecycle event {'msg': 'training on 10000 raw words (972 effective words) took 0.3s, 3085 effective words/s', 'datetime': '2026-03-05T11:22:23.259122', 'gensim': '4.4.0', 'python': '3.11.6 (tags/v3.11.6:8b6ee5b, Oct  2 2023, 14:57:12) [MSC v.1935 64 bit (AMD64)]', 'platform': 'Windows-10-10.0.26200-SP0', 'event': 'train'}
2026-03-05 11:22:23,259 - gensim.utils - INFO - Word2Vec lifecycle event {'params': 'Word2Vec<vocab=8, vector_size=300, alpha=0.025>', 'datetime': '2026-03-05T11:22:23.259122', 'gensim': '4.4.0', 'python': '3.11.6 (tags/v3.11.6:8b6ee5b, Oct  2 2023, 14:57:12) [MSC v.1935 64 bit (AMD64)]', 'platform': 'Windows-10-10.0.26200-SP0', 'event': 'created'}
2026-03-05 11:22:23,261 - gensim.utils - INFO - Word2Vec lifecycle event {'fname_or_handle': 'models/word2vec\\w2v_cbow_sz300_win10_ep10.model', 'separately': 'None', 'sep_limit': 10485760, 'ignore': frozenset(), 'datetime': '2026-03-05T11:22:23.261142', 'gensim': '4.4.0', 'python': '3.11.6 (tags/v3.11.6:8b6ee5b, Oct  2 2023, 14:57:12) [MSC v.1935 64 bit (AMD64)]', 'platform': 'Windows-10-10.0.26200-SP0', 'event': 'saving'}
2026-03-05 11:22:23,261 - gensim.utils - INFO - not storing attribute cum_table
2026-03-05 11:22:23,267 - gensim.utils - INFO - saved models/word2vec\w2v_cbow_sz300_win10_ep10.model
2026-03-05 11:22:23,267 - NLP_Project - INFO - Training w2v_cbow_sz300_win10_ep20...
2026-03-05 11:22:23,267 - gensim.models.word2vec - INFO - collecting all words and their counts
2026-03-05 11:22:23,267 - gensim.models.word2vec - INFO - PROGRESS: at sentence #0, processed 0 words, keeping 0 word types
2026-03-05 11:22:23,270 - gensim.models.word2vec - INFO - collected 8 word types from a corpus of 1000 raw words and 300 sentences
2026-03-05 11:22:23,270 - gensim.models.word2vec - INFO - Creating a fresh vocabulary
2026-03-05 11:22:23,271 - gensim.utils - INFO - Word2Vec lifecycle event {'msg': 'effective_min_count=5 retains 8 unique words (100.00% of original 8, drops 0)', 'datetime': '2026-03-05T11:22:23.271449', 'gensim': '4.4.0', 'python': '3.11.6 (tags/v3.11.6:8b6ee5b, Oct  2 2023, 14:57:12) [MSC v.1935 64 bit (AMD64)]', 'platform': 'Windows-10-10.0.26200-SP0', 'event': 'prepare_vocab'}
2026-03-05 11:22:23,271 - gensim.utils - INFO - Word2Vec lifecycle event {'msg': 'effective_min_count=5 leaves 1000 word corpus (100.00% of original 1000, drops 0)', 'datetime': '2026-03-05T11:22:23.271449', 'gensim': '4.4.0', 'python': '3.11.6 (tags/v3.11.6:8b6ee5b, Oct  2 2023, 14:57:12) [MSC v.1935 64 bit (AMD64)]', 'platform': 'Windows-10-10.0.26200-SP0', 'event': 'prepare_vocab'}
2026-03-05 11:22:23,272 - gensim.models.word2vec - INFO - deleting the raw counts dictionary of 8 items
2026-03-05 11:22:23,272 - gensim.models.word2vec - INFO - sample=0.001 downsamples 8 most-common words
2026-03-05 11:22:23,272 - gensim.utils - INFO - Word2Vec lifecycle event {'msg': 'downsampling leaves estimated 95.32050807568878 word corpus (9.5%% of prior 1000)', 'datetime': '2026-03-05T11:22:23.272466', 'gensim': '4.4.0', 'python': '3.11.6 (tags/v3.11.6:8b6ee5b, Oct  2 2023, 14:57:12) [MSC v.1935 64 bit (AMD64)]', 'platform': 'Windows-10-10.0.26200-SP0', 'event': 'prepare_vocab'}
2026-03-05 11:22:23,274 - gensim.models.word2vec - INFO - estimated required memory for 8 words and 300 dimensions: 23200 bytes
2026-03-05 11:22:23,274 - gensim.models.word2vec - INFO - resetting layer weights
2026-03-05 11:22:23,274 - gensim.utils - INFO - Word2Vec lifecycle event {'update': False, 'trim_rule': 'None', 'datetime': '2026-03-05T11:22:23.274883', 'gensim': '4.4.0', 'python': '3.11.6 (tags/v3.11.6:8b6ee5b, Oct  2 2023, 14:57:12) [MSC v.1935 64 bit (AMD64)]', 'platform': 'Windows-10-10.0.26200-SP0', 'event': 'build_vocab'}
2026-03-05 11:22:23,274 - gensim.utils - INFO - Word2Vec lifecycle event {'msg': 'training model with 16 workers on 8 vocabulary and 300 features, using sg=0 hs=0 sample=0.001 negative=5 window=10 shrink_windows=True', 'datetime': '2026-03-05T11:22:23.274883', 'gensim': '4.4.0', 'python': '3.11.6 (tags/v3.11.6:8b6ee5b, Oct  2 2023, 14:57:12) [MSC v.1935 64 bit (AMD64)]', 'platform': 'Windows-10-10.0.26200-SP0', 'event': 'train'}
2026-03-05 11:22:23,298 - gensim.models.word2vec - INFO - EPOCH 0: training on 1000 raw words (83 effective words) took 0.0s, 32288 effective words/s
2026-03-05 11:22:23,320 - gensim.models.word2vec - INFO - EPOCH 1: training on 1000 raw words (99 effective words) took 0.0s, 53948 effective words/s
2026-03-05 11:22:23,345 - gensim.models.word2vec - INFO - EPOCH 2: training on 1000 raw words (111 effective words) took 0.0s, 268700 effective words/s
2026-03-05 11:22:23,369 - gensim.models.word2vec - INFO - EPOCH 3: training on 1000 raw words (99 effective words) took 0.0s, 38314 effective words/s
2026-03-05 11:22:23,395 - gensim.models.word2vec - INFO - EPOCH 4: training on 1000 raw words (103 effective words) took 0.0s, 37160 effective words/s
2026-03-05 11:22:23,423 - gensim.models.word2vec - INFO - EPOCH 5: training on 1000 raw words (98 effective words) took 0.0s, 157556 effective words/s
2026-03-05 11:22:23,447 - gensim.models.word2vec - INFO - EPOCH 6: training on 1000 raw words (94 effective words) took 0.0s, 183558 effective words/s
2026-03-05 11:22:23,477 - gensim.models.word2vec - INFO - EPOCH 7: training on 1000 raw words (99 effective words) took 0.0s, 233491 effective words/s
2026-03-05 11:22:23,505 - gensim.models.word2vec - INFO - EPOCH 8: training on 1000 raw words (97 effective words) took 0.0s, 39020 effective words/s
2026-03-05 11:22:23,540 - gensim.models.word2vec - INFO - EPOCH 9: training on 1000 raw words (89 effective words) took 0.0s, 22022 effective words/s
2026-03-05 11:22:23,572 - gensim.models.word2vec - INFO - EPOCH 10: training on 1000 raw words (90 effective words) took 0.0s, 22154 effective words/s
2026-03-05 11:22:23,600 - gensim.models.word2vec - INFO - EPOCH 11: training on 1000 raw words (96 effective words) took 0.0s, 41894 effective words/s
2026-03-05 11:22:23,612 - gensim.models.word2vec - INFO - EPOCH 12: training on 1000 raw words (102 effective words) took 0.0s, 84598 effective words/s
2026-03-05 11:22:23,622 - gensim.models.word2vec - INFO - EPOCH 13: training on 1000 raw words (116 effective words) took 0.0s, 48353 effective words/s
2026-03-05 11:22:23,648 - gensim.models.word2vec - INFO - EPOCH 14: training on 1000 raw words (78 effective words) took 0.0s, 31795 effective words/s
2026-03-05 11:22:23,672 - gensim.models.word2vec - INFO - EPOCH 15: training on 1000 raw words (93 effective words) took 0.0s, 30781 effective words/s
2026-03-05 11:22:23,699 - gensim.models.word2vec - INFO - EPOCH 16: training on 1000 raw words (85 effective words) took 0.0s, 34726 effective words/s
2026-03-05 11:22:23,725 - gensim.models.word2vec - INFO - EPOCH 17: training on 1000 raw words (92 effective words) took 0.0s, 24187 effective words/s
2026-03-05 11:22:23,753 - gensim.models.word2vec - INFO - EPOCH 18: training on 1000 raw words (107 effective words) took 0.0s, 203693 effective words/s
2026-03-05 11:22:23,780 - gensim.models.word2vec - INFO - EPOCH 19: training on 1000 raw words (116 effective words) took 0.0s, 221967 effective words/s
2026-03-05 11:22:23,780 - gensim.utils - INFO - Word2Vec lifecycle event {'msg': 'training on 20000 raw words (1947 effective words) took 0.5s, 3861 effective words/s', 'datetime': '2026-03-05T11:22:23.780747', 'gensim': '4.4.0', 'python': '3.11.6 (tags/v3.11.6:8b6ee5b, Oct  2 2023, 14:57:12) [MSC v.1935 64 bit (AMD64)]', 'platform': 'Windows-10-10.0.26200-SP0', 'event': 'train'}
2026-03-05 11:22:23,780 - gensim.utils - INFO - Word2Vec lifecycle event {'params': 'Word2Vec<vocab=8, vector_size=300, alpha=0.025>', 'datetime': '2026-03-05T11:22:23.780747', 'gensim': '4.4.0', 'python': '3.11.6 (tags/v3.11.6:8b6ee5b, Oct  2 2023, 14:57:12) [MSC v.1935 64 bit (AMD64)]', 'platform': 'Windows-10-10.0.26200-SP0', 'event': 'created'}
2026-03-05 11:22:23,783 - gensim.utils - INFO - Word2Vec lifecycle event {'fname_or_handle': 'models/word2vec\\w2v_cbow_sz300_win10_ep20.model', 'separately': 'None', 'sep_limit': 10485760, 'ignore': frozenset(), 'datetime': '2026-03-05T11:22:23.783578', 'gensim': '4.4.0', 'python': '3.11.6 (tags/v3.11.6:8b6ee5b, Oct  2 2023, 14:57:12) [MSC v.1935 64 bit (AMD64)]', 'platform': 'Windows-10-10.0.26200-SP0', 'event': 'saving'}
2026-03-05 11:22:23,784 - gensim.utils - INFO - not storing attribute cum_table
2026-03-05 11:22:23,784 - gensim.utils - INFO - saved models/word2vec\w2v_cbow_sz300_win10_ep20.model
2026-03-05 11:22:23,786 - NLP_Project - INFO - Training w2v_skipgram_sz300_win10_ep5...
2026-03-05 11:22:23,786 - gensim.models.word2vec - INFO - collecting all words and their counts
2026-03-05 11:22:23,786 - gensim.models.word2vec - INFO - PROGRESS: at sentence #0, processed 0 words, keeping 0 word types
2026-03-05 11:22:23,786 - gensim.models.word2vec - INFO - collected 8 word types from a corpus of 1000 raw words and 300 sentences
2026-03-05 11:22:23,786 - gensim.models.word2vec - INFO - Creating a fresh vocabulary
2026-03-05 11:22:23,788 - gensim.utils - INFO - Word2Vec lifecycle event {'msg': 'effective_min_count=5 retains 8 unique words (100.00% of original 8, drops 0)', 'datetime': '2026-03-05T11:22:23.788623', 'gensim': '4.4.0', 'python': '3.11.6 (tags/v3.11.6:8b6ee5b, Oct  2 2023, 14:57:12) [MSC v.1935 64 bit (AMD64)]', 'platform': 'Windows-10-10.0.26200-SP0', 'event': 'prepare_vocab'}
2026-03-05 11:22:23,788 - gensim.utils - INFO - Word2Vec lifecycle event {'msg': 'effective_min_count=5 leaves 1000 word corpus (100.00% of original 1000, drops 0)', 'datetime': '2026-03-05T11:22:23.788623', 'gensim': '4.4.0', 'python': '3.11.6 (tags/v3.11.6:8b6ee5b, Oct  2 2023, 14:57:12) [MSC v.1935 64 bit (AMD64)]', 'platform': 'Windows-10-10.0.26200-SP0', 'event': 'prepare_vocab'}
2026-03-05 11:22:23,789 - gensim.models.word2vec - INFO - deleting the raw counts dictionary of 8 items
2026-03-05 11:22:23,790 - gensim.models.word2vec - INFO - sample=0.001 downsamples 8 most-common words
2026-03-05 11:22:23,790 - gensim.utils - INFO - Word2Vec lifecycle event {'msg': 'downsampling leaves estimated 95.32050807568878 word corpus (9.5%% of prior 1000)', 'datetime': '2026-03-05T11:22:23.790146', 'gensim': '4.4.0', 'python': '3.11.6 (tags/v3.11.6:8b6ee5b, Oct  2 2023, 14:57:12) [MSC v.1935 64 bit (AMD64)]', 'platform': 'Windows-10-10.0.26200-SP0', 'event': 'prepare_vocab'}
2026-03-05 11:22:23,790 - gensim.models.word2vec - INFO - estimated required memory for 8 words and 300 dimensions: 23200 bytes
2026-03-05 11:22:23,790 - gensim.models.word2vec - INFO - resetting layer weights
2026-03-05 11:22:23,791 - gensim.utils - INFO - Word2Vec lifecycle event {'update': False, 'trim_rule': 'None', 'datetime': '2026-03-05T11:22:23.791973', 'gensim': '4.4.0', 'python': '3.11.6 (tags/v3.11.6:8b6ee5b, Oct  2 2023, 14:57:12) [MSC v.1935 64 bit (AMD64)]', 'platform': 'Windows-10-10.0.26200-SP0', 'event': 'build_vocab'}
2026-03-05 11:22:23,792 - gensim.utils - INFO - Word2Vec lifecycle event {'msg': 'training model with 16 workers on 8 vocabulary and 300 features, using sg=1 hs=0 sample=0.001 negative=5 window=10 shrink_windows=True', 'datetime': '2026-03-05T11:22:23.792748', 'gensim': '4.4.0', 'python': '3.11.6 (tags/v3.11.6:8b6ee5b, Oct  2 2023, 14:57:12) [MSC v.1935 64 bit (AMD64)]', 'platform': 'Windows-10-10.0.26200-SP0', 'event': 'train'}
2026-03-05 11:22:23,808 - gensim.models.word2vec - INFO - EPOCH 0: training on 1000 raw words (83 effective words) took 0.0s, 33519 effective words/s
2026-03-05 11:22:23,832 - gensim.models.word2vec - INFO - EPOCH 1: training on 1000 raw words (99 effective words) took 0.0s, 42546 effective words/s
2026-03-05 11:22:23,857 - gensim.models.word2vec - INFO - EPOCH 2: training on 1000 raw words (111 effective words) took 0.0s, 40029 effective words/s
2026-03-05 11:22:23,881 - gensim.models.word2vec - INFO - EPOCH 3: training on 1000 raw words (99 effective words) took 0.0s, 178346 effective words/s
2026-03-05 11:22:23,908 - gensim.models.word2vec - INFO - EPOCH 4: training on 1000 raw words (103 effective words) took 0.0s, 28968 effective words/s
2026-03-05 11:22:23,908 - gensim.utils - INFO - Word2Vec lifecycle event {'msg': 'training on 5000 raw words (495 effective words) took 0.1s, 4151 effective words/s', 'datetime': '2026-03-05T11:22:23.908723', 'gensim': '4.4.0', 'python': '3.11.6 (tags/v3.11.6:8b6ee5b, Oct  2 2023, 14:57:12) [MSC v.1935 64 bit (AMD64)]', 'platform': 'Windows-10-10.0.26200-SP0', 'event': 'train'}
2026-03-05 11:22:23,908 - gensim.utils - INFO - Word2Vec lifecycle event {'params': 'Word2Vec<vocab=8, vector_size=300, alpha=0.025>', 'datetime': '2026-03-05T11:22:23.908723', 'gensim': '4.4.0', 'python': '3.11.6 (tags/v3.11.6:8b6ee5b, Oct  2 2023, 14:57:12) [MSC v.1935 64 bit (AMD64)]', 'platform': 'Windows-10-10.0.26200-SP0', 'event': 'created'}
2026-03-05 11:22:23,908 - gensim.utils - INFO - Word2Vec lifecycle event {'fname_or_handle': 'models/word2vec\\w2v_skipgram_sz300_win10_ep5.model', 'separately': 'None', 'sep_limit': 10485760, 'ignore': frozenset(), 'datetime': '2026-03-05T11:22:23.908723', 'gensim': '4.4.0', 'python': '3.11.6 (tags/v3.11.6:8b6ee5b, Oct  2 2023, 14:57:12) [MSC v.1935 64 bit (AMD64)]', 'platform': 'Windows-10-10.0.26200-SP0', 'event': 'saving'}
2026-03-05 11:22:23,908 - gensim.utils - INFO - not storing attribute cum_table
2026-03-05 11:22:23,917 - gensim.utils - INFO - saved models/word2vec\w2v_skipgram_sz300_win10_ep5.model
2026-03-05 11:22:23,917 - NLP_Project - INFO - Training w2v_skipgram_sz300_win10_ep10...
2026-03-05 11:22:23,919 - gensim.models.word2vec - INFO - collecting all words and their counts
2026-03-05 11:22:23,919 - gensim.models.word2vec - INFO - PROGRESS: at sentence #0, processed 0 words, keeping 0 word types
2026-03-05 11:22:23,920 - gensim.models.word2vec - INFO - collected 8 word types from a corpus of 1000 raw words and 300 sentences
2026-03-05 11:22:23,921 - gensim.models.word2vec - INFO - Creating a fresh vocabulary
2026-03-05 11:22:23,921 - gensim.utils - INFO - Word2Vec lifecycle event {'msg': 'effective_min_count=5 retains 8 unique words (100.00% of original 8, drops 0)', 'datetime': '2026-03-05T11:22:23.921217', 'gensim': '4.4.0', 'python': '3.11.6 (tags/v3.11.6:8b6ee5b, Oct  2 2023, 14:57:12) [MSC v.1935 64 bit (AMD64)]', 'platform': 'Windows-10-10.0.26200-SP0', 'event': 'prepare_vocab'}
2026-03-05 11:22:23,922 - gensim.utils - INFO - Word2Vec lifecycle event {'msg': 'effective_min_count=5 leaves 1000 word corpus (100.00% of original 1000, drops 0)', 'datetime': '2026-03-05T11:22:23.921793', 'gensim': '4.4.0', 'python': '3.11.6 (tags/v3.11.6:8b6ee5b, Oct  2 2023, 14:57:12) [MSC v.1935 64 bit (AMD64)]', 'platform': 'Windows-10-10.0.26200-SP0', 'event': 'prepare_vocab'}
2026-03-05 11:22:23,922 - gensim.models.word2vec - INFO - deleting the raw counts dictionary of 8 items
2026-03-05 11:22:23,922 - gensim.models.word2vec - INFO - sample=0.001 downsamples 8 most-common words
2026-03-05 11:22:23,922 - gensim.utils - INFO - Word2Vec lifecycle event {'msg': 'downsampling leaves estimated 95.32050807568878 word corpus (9.5%% of prior 1000)', 'datetime': '2026-03-05T11:22:23.922598', 'gensim': '4.4.0', 'python': '3.11.6 (tags/v3.11.6:8b6ee5b, Oct  2 2023, 14:57:12) [MSC v.1935 64 bit (AMD64)]', 'platform': 'Windows-10-10.0.26200-SP0', 'event': 'prepare_vocab'}
2026-03-05 11:22:23,924 - gensim.models.word2vec - INFO - estimated required memory for 8 words and 300 dimensions: 23200 bytes
2026-03-05 11:22:23,924 - gensim.models.word2vec - INFO - resetting layer weights
2026-03-05 11:22:23,924 - gensim.utils - INFO - Word2Vec lifecycle event {'update': False, 'trim_rule': 'None', 'datetime': '2026-03-05T11:22:23.924167', 'gensim': '4.4.0', 'python': '3.11.6 (tags/v3.11.6:8b6ee5b, Oct  2 2023, 14:57:12) [MSC v.1935 64 bit (AMD64)]', 'platform': 'Windows-10-10.0.26200-SP0', 'event': 'build_vocab'}
2026-03-05 11:22:23,924 - gensim.utils - INFO - Word2Vec lifecycle event {'msg': 'training model with 16 workers on 8 vocabulary and 300 features, using sg=1 hs=0 sample=0.001 negative=5 window=10 shrink_windows=True', 'datetime': '2026-03-05T11:22:23.924167', 'gensim': '4.4.0', 'python': '3.11.6 (tags/v3.11.6:8b6ee5b, Oct  2 2023, 14:57:12) [MSC v.1935 64 bit (AMD64)]', 'platform': 'Windows-10-10.0.26200-SP0', 'event': 'train'}
2026-03-05 11:22:23,947 - gensim.models.word2vec - INFO - EPOCH 0: training on 1000 raw words (83 effective words) took 0.0s, 25066 effective words/s
2026-03-05 11:22:23,972 - gensim.models.word2vec - INFO - EPOCH 1: training on 1000 raw words (99 effective words) took 0.0s, 37821 effective words/s
2026-03-05 11:22:23,997 - gensim.models.word2vec - INFO - EPOCH 2: training on 1000 raw words (111 effective words) took 0.0s, 46919 effective words/s
2026-03-05 11:22:24,025 - gensim.models.word2vec - INFO - EPOCH 3: training on 1000 raw words (99 effective words) took 0.0s, 35534 effective words/s
2026-03-05 11:22:24,053 - gensim.models.word2vec - INFO - EPOCH 4: training on 1000 raw words (103 effective words) took 0.0s, 39287 effective words/s
2026-03-05 11:22:24,081 - gensim.models.word2vec - INFO - EPOCH 5: training on 1000 raw words (98 effective words) took 0.0s, 37695 effective words/s
2026-03-05 11:22:24,108 - gensim.models.word2vec - INFO - EPOCH 6: training on 1000 raw words (94 effective words) took 0.0s, 28830 effective words/s
2026-03-05 11:22:24,133 - gensim.models.word2vec - INFO - EPOCH 7: training on 1000 raw words (99 effective words) took 0.0s, 37105 effective words/s
2026-03-05 11:22:24,159 - gensim.models.word2vec - INFO - EPOCH 8: training on 1000 raw words (97 effective words) took 0.0s, 32140 effective words/s
2026-03-05 11:22:24,187 - gensim.models.word2vec - INFO - EPOCH 9: training on 1000 raw words (89 effective words) took 0.0s, 32360 effective words/s
2026-03-05 11:22:24,190 - gensim.utils - INFO - Word2Vec lifecycle event {'msg': 'training on 10000 raw words (972 effective words) took 0.3s, 3696 effective words/s', 'datetime': '2026-03-05T11:22:24.190476', 'gensim': '4.4.0', 'python': '3.11.6 (tags/v3.11.6:8b6ee5b, Oct  2 2023, 14:57:12) [MSC v.1935 64 bit (AMD64)]', 'platform': 'Windows-10-10.0.26200-SP0', 'event': 'train'}
2026-03-05 11:22:24,191 - gensim.utils - INFO - Word2Vec lifecycle event {'params': 'Word2Vec<vocab=8, vector_size=300, alpha=0.025>', 'datetime': '2026-03-05T11:22:24.191343', 'gensim': '4.4.0', 'python': '3.11.6 (tags/v3.11.6:8b6ee5b, Oct  2 2023, 14:57:12) [MSC v.1935 64 bit (AMD64)]', 'platform': 'Windows-10-10.0.26200-SP0', 'event': 'created'}
2026-03-05 11:22:24,191 - gensim.utils - INFO - Word2Vec lifecycle event {'fname_or_handle': 'models/word2vec\\w2v_skipgram_sz300_win10_ep10.model', 'separately': 'None', 'sep_limit': 10485760, 'ignore': frozenset(), 'datetime': '2026-03-05T11:22:24.191343', 'gensim': '4.4.0', 'python': '3.11.6 (tags/v3.11.6:8b6ee5b, Oct  2 2023, 14:57:12) [MSC v.1935 64 bit (AMD64)]', 'platform': 'Windows-10-10.0.26200-SP0', 'event': 'saving'}
2026-03-05 11:22:24,191 - gensim.utils - INFO - not storing attribute cum_table
2026-03-05 11:22:24,197 - gensim.utils - INFO - saved models/word2vec\w2v_skipgram_sz300_win10_ep10.model
2026-03-05 11:22:24,197 - NLP_Project - INFO - Training w2v_skipgram_sz300_win10_ep20...
2026-03-05 11:22:24,198 - gensim.models.word2vec - INFO - collecting all words and their counts
2026-03-05 11:22:24,198 - gensim.models.word2vec - INFO - PROGRESS: at sentence #0, processed 0 words, keeping 0 word types
2026-03-05 11:22:24,198 - gensim.models.word2vec - INFO - collected 8 word types from a corpus of 1000 raw words and 300 sentences
2026-03-05 11:22:24,198 - gensim.models.word2vec - INFO - Creating a fresh vocabulary
2026-03-05 11:22:24,198 - gensim.utils - INFO - Word2Vec lifecycle event {'msg': 'effective_min_count=5 retains 8 unique words (100.00% of original 8, drops 0)', 'datetime': '2026-03-05T11:22:24.198250', 'gensim': '4.4.0', 'python': '3.11.6 (tags/v3.11.6:8b6ee5b, Oct  2 2023, 14:57:12) [MSC v.1935 64 bit (AMD64)]', 'platform': 'Windows-10-10.0.26200-SP0', 'event': 'prepare_vocab'}
2026-03-05 11:22:24,198 - gensim.utils - INFO - Word2Vec lifecycle event {'msg': 'effective_min_count=5 leaves 1000 word corpus (100.00% of original 1000, drops 0)', 'datetime': '2026-03-05T11:22:24.198250', 'gensim': '4.4.0', 'python': '3.11.6 (tags/v3.11.6:8b6ee5b, Oct  2 2023, 14:57:12) [MSC v.1935 64 bit (AMD64)]', 'platform': 'Windows-10-10.0.26200-SP0', 'event': 'prepare_vocab'}
2026-03-05 11:22:24,198 - gensim.models.word2vec - INFO - deleting the raw counts dictionary of 8 items
2026-03-05 11:22:24,198 - gensim.models.word2vec - INFO - sample=0.001 downsamples 8 most-common words
2026-03-05 11:22:24,198 - gensim.utils - INFO - Word2Vec lifecycle event {'msg': 'downsampling leaves estimated 95.32050807568878 word corpus (9.5%% of prior 1000)', 'datetime': '2026-03-05T11:22:24.198250', 'gensim': '4.4.0', 'python': '3.11.6 (tags/v3.11.6:8b6ee5b, Oct  2 2023, 14:57:12) [MSC v.1935 64 bit (AMD64)]', 'platform': 'Windows-10-10.0.26200-SP0', 'event': 'prepare_vocab'}
2026-03-05 11:22:24,203 - gensim.models.word2vec - INFO - estimated required memory for 8 words and 300 dimensions: 23200 bytes
2026-03-05 11:22:24,204 - gensim.models.word2vec - INFO - resetting layer weights
2026-03-05 11:22:24,204 - gensim.utils - INFO - Word2Vec lifecycle event {'update': False, 'trim_rule': 'None', 'datetime': '2026-03-05T11:22:24.204896', 'gensim': '4.4.0', 'python': '3.11.6 (tags/v3.11.6:8b6ee5b, Oct  2 2023, 14:57:12) [MSC v.1935 64 bit (AMD64)]', 'platform': 'Windows-10-10.0.26200-SP0', 'event': 'build_vocab'}
2026-03-05 11:22:24,205 - gensim.utils - INFO - Word2Vec lifecycle event {'msg': 'training model with 16 workers on 8 vocabulary and 300 features, using sg=1 hs=0 sample=0.001 negative=5 window=10 shrink_windows=True', 'datetime': '2026-03-05T11:22:24.205397', 'gensim': '4.4.0', 'python': '3.11.6 (tags/v3.11.6:8b6ee5b, Oct  2 2023, 14:57:12) [MSC v.1935 64 bit (AMD64)]', 'platform': 'Windows-10-10.0.26200-SP0', 'event': 'train'}
2026-03-05 11:22:24,225 - gensim.models.word2vec - INFO - EPOCH 0: training on 1000 raw words (83 effective words) took 0.0s, 149093 effective words/s
2026-03-05 11:22:24,255 - gensim.models.word2vec - INFO - EPOCH 1: training on 1000 raw words (99 effective words) took 0.0s, 171044 effective words/s
2026-03-05 11:22:24,280 - gensim.models.word2vec - INFO - EPOCH 2: training on 1000 raw words (111 effective words) took 0.0s, 181106 effective words/s
2026-03-05 11:22:24,304 - gensim.models.word2vec - INFO - EPOCH 3: training on 1000 raw words (99 effective words) took 0.0s, 30255 effective words/s
2026-03-05 11:22:24,337 - gensim.models.word2vec - INFO - EPOCH 4: training on 1000 raw words (103 effective words) took 0.0s, 32528 effective words/s
2026-03-05 11:22:24,379 - gensim.models.word2vec - INFO - EPOCH 5: training on 1000 raw words (98 effective words) took 0.0s, 20377 effective words/s
2026-03-05 11:22:24,417 - gensim.models.word2vec - INFO - EPOCH 6: training on 1000 raw words (94 effective words) took 0.0s, 28120 effective words/s
2026-03-05 11:22:24,454 - gensim.models.word2vec - INFO - EPOCH 7: training on 1000 raw words (99 effective words) took 0.0s, 371622 effective words/s
2026-03-05 11:22:24,486 - gensim.models.word2vec - INFO - EPOCH 8: training on 1000 raw words (97 effective words) took 0.0s, 28994 effective words/s
2026-03-05 11:22:24,519 - gensim.models.word2vec - INFO - EPOCH 9: training on 1000 raw words (89 effective words) took 0.0s, 29049 effective words/s
2026-03-05 11:22:24,551 - gensim.models.word2vec - INFO - EPOCH 10: training on 1000 raw words (90 effective words) took 0.0s, 27480 effective words/s
2026-03-05 11:22:24,580 - gensim.models.word2vec - INFO - EPOCH 11: training on 1000 raw words (96 effective words) took 0.0s, 104849 effective words/s
2026-03-05 11:22:24,610 - gensim.models.word2vec - INFO - EPOCH 12: training on 1000 raw words (102 effective words) took 0.0s, 31662 effective words/s
2026-03-05 11:22:24,640 - gensim.models.word2vec - INFO - EPOCH 13: training on 1000 raw words (116 effective words) took 0.0s, 195319 effective words/s
2026-03-05 11:22:24,667 - gensim.models.word2vec - INFO - EPOCH 14: training on 1000 raw words (78 effective words) took 0.0s, 24475 effective words/s
2026-03-05 11:22:24,695 - gensim.models.word2vec - INFO - EPOCH 15: training on 1000 raw words (93 effective words) took 0.0s, 146803 effective words/s
2026-03-05 11:22:24,722 - gensim.models.word2vec - INFO - EPOCH 16: training on 1000 raw words (85 effective words) took 0.0s, 29872 effective words/s
2026-03-05 11:22:24,753 - gensim.models.word2vec - INFO - EPOCH 17: training on 1000 raw words (92 effective words) took 0.0s, 30715 effective words/s
2026-03-05 11:22:24,781 - gensim.models.word2vec - INFO - EPOCH 18: training on 1000 raw words (107 effective words) took 0.0s, 354775 effective words/s
2026-03-05 11:22:24,808 - gensim.models.word2vec - INFO - EPOCH 19: training on 1000 raw words (116 effective words) took 0.0s, 117814 effective words/s
2026-03-05 11:22:24,808 - gensim.utils - INFO - Word2Vec lifecycle event {'msg': 'training on 20000 raw words (1947 effective words) took 0.6s, 3224 effective words/s', 'datetime': '2026-03-05T11:22:24.808888', 'gensim': '4.4.0', 'python': '3.11.6 (tags/v3.11.6:8b6ee5b, Oct  2 2023, 14:57:12) [MSC v.1935 64 bit (AMD64)]', 'platform': 'Windows-10-10.0.26200-SP0', 'event': 'train'}
2026-03-05 11:22:24,808 - gensim.utils - INFO - Word2Vec lifecycle event {'params': 'Word2Vec<vocab=8, vector_size=300, alpha=0.025>', 'datetime': '2026-03-05T11:22:24.808888', 'gensim': '4.4.0', 'python': '3.11.6 (tags/v3.11.6:8b6ee5b, Oct  2 2023, 14:57:12) [MSC v.1935 64 bit (AMD64)]', 'platform': 'Windows-10-10.0.26200-SP0', 'event': 'created'}
2026-03-05 11:22:24,808 - gensim.utils - INFO - Word2Vec lifecycle event {'fname_or_handle': 'models/word2vec\\w2v_skipgram_sz300_win10_ep20.model', 'separately': 'None', 'sep_limit': 10485760, 'ignore': frozenset(), 'datetime': '2026-03-05T11:22:24.808888', 'gensim': '4.4.0', 'python': '3.11.6 (tags/v3.11.6:8b6ee5b, Oct  2 2023, 14:57:12) [MSC v.1935 64 bit (AMD64)]', 'platform': 'Windows-10-10.0.26200-SP0', 'event': 'saving'}
2026-03-05 11:22:24,808 - gensim.utils - INFO - not storing attribute cum_table
2026-03-05 11:22:24,817 - gensim.utils - INFO - saved models/word2vec\w2v_skipgram_sz300_win10_ep20.model
2026-03-05 11:22:24,817 - NLP_Project - INFO - Finished training 72 new variants.
2026-03-05 11:22:24,817 - NLP_Project - INFO - --- Step 2: Embedding Analysis ---
2026-03-05 11:22:24,820 - gensim.utils - INFO - loading Word2Vec object from models/word2vec\w2v_cbow_sz100_win10_ep10.model
2026-03-05 11:22:24,822 - gensim.utils - INFO - loading wv recursively from models/word2vec\w2v_cbow_sz100_win10_ep10.model.wv.* with mmap=None
2026-03-05 11:22:24,822 - gensim.utils - INFO - setting ignored attribute cum_table to None
2026-03-05 11:22:24,822 - gensim.utils - INFO - Word2Vec lifecycle event {'fname': 'models/word2vec\\w2v_cbow_sz100_win10_ep10.model', 'datetime': '2026-03-05T11:22:24.822478', 'gensim': '4.4.0', 'python': '3.11.6 (tags/v3.11.6:8b6ee5b, Oct  2 2023, 14:57:12) [MSC v.1935 64 bit (AMD64)]', 'platform': 'Windows-10-10.0.26200-SP0', 'event': 'loaded'}
2026-03-05 11:22:24,822 - NLP_Project - INFO - Performing t-SNE on 8 words...
2026-03-05 11:23:18,277 - NLP_Project - INFO - Starting Full Project Execution...
2026-03-05 11:23:18,277 - NLP_Project - INFO - --- Step 1: Word2Vec Training ---
2026-03-05 11:23:18,281 - NLP_Project - INFO - Loading corpus from data/corpus/news_sample.txt
2026-03-05 11:23:18,324 - NLP_Project - INFO - Tokenized 300 sentences.
2026-03-05 11:23:18,324 - NLP_Project - INFO - Starting grid training for 72 model variants...
2026-03-05 11:23:18,324 - NLP_Project - INFO - Training w2v_cbow_sz50_win2_ep5...
2026-03-05 11:23:18,327 - gensim.models.word2vec - INFO - collecting all words and their counts
2026-03-05 11:23:18,327 - gensim.models.word2vec - INFO - PROGRESS: at sentence #0, processed 0 words, keeping 0 word types
2026-03-05 11:23:18,327 - gensim.models.word2vec - INFO - collected 8 word types from a corpus of 1000 raw words and 300 sentences
2026-03-05 11:23:18,327 - gensim.models.word2vec - INFO - Creating a fresh vocabulary
2026-03-05 11:23:18,342 - gensim.utils - INFO - Word2Vec lifecycle event {'msg': 'effective_min_count=5 retains 8 unique words (100.00% of original 8, drops 0)', 'datetime': '2026-03-05T11:23:18.327838', 'gensim': '4.4.0', 'python': '3.11.6 (tags/v3.11.6:8b6ee5b, Oct  2 2023, 14:57:12) [MSC v.1935 64 bit (AMD64)]', 'platform': 'Windows-10-10.0.26200-SP0', 'event': 'prepare_vocab'}
2026-03-05 11:23:18,342 - gensim.utils - INFO - Word2Vec lifecycle event {'msg': 'effective_min_count=5 leaves 1000 word corpus (100.00% of original 1000, drops 0)', 'datetime': '2026-03-05T11:23:18.342056', 'gensim': '4.4.0', 'python': '3.11.6 (tags/v3.11.6:8b6ee5b, Oct  2 2023, 14:57:12) [MSC v.1935 64 bit (AMD64)]', 'platform': 'Windows-10-10.0.26200-SP0', 'event': 'prepare_vocab'}
2026-03-05 11:23:18,342 - gensim.models.word2vec - INFO - deleting the raw counts dictionary of 8 items
2026-03-05 11:23:18,342 - gensim.models.word2vec - INFO - sample=0.001 downsamples 8 most-common words
2026-03-05 11:23:18,344 - gensim.utils - INFO - Word2Vec lifecycle event {'msg': 'downsampling leaves estimated 95.32050807568878 word corpus (9.5%% of prior 1000)', 'datetime': '2026-03-05T11:23:18.344390', 'gensim': '4.4.0', 'python': '3.11.6 (tags/v3.11.6:8b6ee5b, Oct  2 2023, 14:57:12) [MSC v.1935 64 bit (AMD64)]', 'platform': 'Windows-10-10.0.26200-SP0', 'event': 'prepare_vocab'}
2026-03-05 11:23:18,344 - gensim.models.word2vec - INFO - estimated required memory for 8 words and 50 dimensions: 7200 bytes
2026-03-05 11:23:18,344 - gensim.models.word2vec - INFO - resetting layer weights
2026-03-05 11:23:18,345 - gensim.utils - INFO - Word2Vec lifecycle event {'update': False, 'trim_rule': 'None', 'datetime': '2026-03-05T11:23:18.345995', 'gensim': '4.4.0', 'python': '3.11.6 (tags/v3.11.6:8b6ee5b, Oct  2 2023, 14:57:12) [MSC v.1935 64 bit (AMD64)]', 'platform': 'Windows-10-10.0.26200-SP0', 'event': 'build_vocab'}
2026-03-05 11:23:18,345 - gensim.utils - INFO - Word2Vec lifecycle event {'msg': 'training model with 16 workers on 8 vocabulary and 50 features, using sg=0 hs=0 sample=0.001 negative=5 window=2 shrink_windows=True', 'datetime': '2026-03-05T11:23:18.345995', 'gensim': '4.4.0', 'python': '3.11.6 (tags/v3.11.6:8b6ee5b, Oct  2 2023, 14:57:12) [MSC v.1935 64 bit (AMD64)]', 'platform': 'Windows-10-10.0.26200-SP0', 'event': 'train'}
2026-03-05 11:23:18,365 - gensim.models.word2vec - INFO - EPOCH 0: training on 1000 raw words (83 effective words) took 0.0s, 31907 effective words/s
2026-03-05 11:23:18,394 - gensim.models.word2vec - INFO - EPOCH 1: training on 1000 raw words (89 effective words) took 0.0s, 25044 effective words/s
2026-03-05 11:23:18,425 - gensim.models.word2vec - INFO - EPOCH 2: training on 1000 raw words (88 effective words) took 0.0s, 93807 effective words/s
2026-03-05 11:23:18,459 - gensim.models.word2vec - INFO - EPOCH 3: training on 1000 raw words (96 effective words) took 0.0s, 25469 effective words/s
2026-03-05 11:23:18,492 - gensim.models.word2vec - INFO - EPOCH 4: training on 1000 raw words (102 effective words) took 0.0s, 119550 effective words/s
2026-03-05 11:23:18,495 - gensim.utils - INFO - Word2Vec lifecycle event {'msg': 'training on 5000 raw words (458 effective words) took 0.1s, 3080 effective words/s', 'datetime': '2026-03-05T11:23:18.494679', 'gensim': '4.4.0', 'python': '3.11.6 (tags/v3.11.6:8b6ee5b, Oct  2 2023, 14:57:12) [MSC v.1935 64 bit (AMD64)]', 'platform': 'Windows-10-10.0.26200-SP0', 'event': 'train'}
2026-03-05 11:23:18,495 - gensim.utils - INFO - Word2Vec lifecycle event {'params': 'Word2Vec<vocab=8, vector_size=50, alpha=0.025>', 'datetime': '2026-03-05T11:23:18.495726', 'gensim': '4.4.0', 'python': '3.11.6 (tags/v3.11.6:8b6ee5b, Oct  2 2023, 14:57:12) [MSC v.1935 64 bit (AMD64)]', 'platform': 'Windows-10-10.0.26200-SP0', 'event': 'created'}
2026-03-05 11:23:18,497 - gensim.utils - INFO - Word2Vec lifecycle event {'fname_or_handle': 'models/word2vec\\w2v_cbow_sz50_win2_ep5.model', 'separately': 'None', 'sep_limit': 10485760, 'ignore': frozenset(), 'datetime': '2026-03-05T11:23:18.497067', 'gensim': '4.4.0', 'python': '3.11.6 (tags/v3.11.6:8b6ee5b, Oct  2 2023, 14:57:12) [MSC v.1935 64 bit (AMD64)]', 'platform': 'Windows-10-10.0.26200-SP0', 'event': 'saving'}
2026-03-05 11:23:18,497 - gensim.utils - INFO - not storing attribute cum_table
2026-03-05 11:23:18,497 - gensim.utils - INFO - saved models/word2vec\w2v_cbow_sz50_win2_ep5.model
2026-03-05 11:23:18,497 - NLP_Project - INFO - Training w2v_cbow_sz50_win2_ep10...
2026-03-05 11:23:18,503 - gensim.models.word2vec - INFO - collecting all words and their counts
2026-03-05 11:23:18,503 - gensim.models.word2vec - INFO - PROGRESS: at sentence #0, processed 0 words, keeping 0 word types
2026-03-05 11:23:18,504 - gensim.models.word2vec - INFO - collected 8 word types from a corpus of 1000 raw words and 300 sentences
2026-03-05 11:23:18,505 - gensim.models.word2vec - INFO - Creating a fresh vocabulary
2026-03-05 11:23:18,505 - gensim.utils - INFO - Word2Vec lifecycle event {'msg': 'effective_min_count=5 retains 8 unique words (100.00% of original 8, drops 0)', 'datetime': '2026-03-05T11:23:18.505067', 'gensim': '4.4.0', 'python': '3.11.6 (tags/v3.11.6:8b6ee5b, Oct  2 2023, 14:57:12) [MSC v.1935 64 bit (AMD64)]', 'platform': 'Windows-10-10.0.26200-SP0', 'event': 'prepare_vocab'}
2026-03-05 11:23:18,506 - gensim.utils - INFO - Word2Vec lifecycle event {'msg': 'effective_min_count=5 leaves 1000 word corpus (100.00% of original 1000, drops 0)', 'datetime': '2026-03-05T11:23:18.506692', 'gensim': '4.4.0', 'python': '3.11.6 (tags/v3.11.6:8b6ee5b, Oct  2 2023, 14:57:12) [MSC v.1935 64 bit (AMD64)]', 'platform': 'Windows-10-10.0.26200-SP0', 'event': 'prepare_vocab'}
2026-03-05 11:23:18,507 - gensim.models.word2vec - INFO - deleting the raw counts dictionary of 8 items
2026-03-05 11:23:18,508 - gensim.models.word2vec - INFO - sample=0.001 downsamples 8 most-common words
2026-03-05 11:23:18,508 - gensim.utils - INFO - Word2Vec lifecycle event {'msg': 'downsampling leaves estimated 95.32050807568878 word corpus (9.5%% of prior 1000)', 'datetime': '2026-03-05T11:23:18.508908', 'gensim': '4.4.0', 'python': '3.11.6 (tags/v3.11.6:8b6ee5b, Oct  2 2023, 14:57:12) [MSC v.1935 64 bit (AMD64)]', 'platform': 'Windows-10-10.0.26200-SP0', 'event': 'prepare_vocab'}
2026-03-05 11:23:18,509 - gensim.models.word2vec - INFO - estimated required memory for 8 words and 50 dimensions: 7200 bytes
2026-03-05 11:23:18,509 - gensim.models.word2vec - INFO - resetting layer weights
2026-03-05 11:23:18,509 - gensim.utils - INFO - Word2Vec lifecycle event {'update': False, 'trim_rule': 'None', 'datetime': '2026-03-05T11:23:18.509905', 'gensim': '4.4.0', 'python': '3.11.6 (tags/v3.11.6:8b6ee5b, Oct  2 2023, 14:57:12) [MSC v.1935 64 bit (AMD64)]', 'platform': 'Windows-10-10.0.26200-SP0', 'event': 'build_vocab'}
2026-03-05 11:23:18,512 - gensim.utils - INFO - Word2Vec lifecycle event {'msg': 'training model with 16 workers on 8 vocabulary and 50 features, using sg=0 hs=0 sample=0.001 negative=5 window=2 shrink_windows=True', 'datetime': '2026-03-05T11:23:18.512337', 'gensim': '4.4.0', 'python': '3.11.6 (tags/v3.11.6:8b6ee5b, Oct  2 2023, 14:57:12) [MSC v.1935 64 bit (AMD64)]', 'platform': 'Windows-10-10.0.26200-SP0', 'event': 'train'}
2026-03-05 11:23:18,540 - gensim.models.word2vec - INFO - EPOCH 0: training on 1000 raw words (83 effective words) took 0.0s, 20482 effective words/s
2026-03-05 11:23:18,568 - gensim.models.word2vec - INFO - EPOCH 1: training on 1000 raw words (89 effective words) took 0.0s, 23301 effective words/s
2026-03-05 11:23:18,604 - gensim.models.word2vec - INFO - EPOCH 2: training on 1000 raw words (88 effective words) took 0.0s, 141730 effective words/s
2026-03-05 11:23:18,639 - gensim.models.word2vec - INFO - EPOCH 3: training on 1000 raw words (96 effective words) took 0.0s, 22795 effective words/s
2026-03-05 11:23:18,670 - gensim.models.word2vec - INFO - EPOCH 4: training on 1000 raw words (102 effective words) took 0.0s, 185928 effective words/s
2026-03-05 11:23:18,704 - gensim.models.word2vec - INFO - EPOCH 5: training on 1000 raw words (120 effective words) took 0.0s, 36600 effective words/s
2026-03-05 11:23:18,733 - gensim.models.word2vec - INFO - EPOCH 6: training on 1000 raw words (87 effective words) took 0.0s, 28699 effective words/s
2026-03-05 11:23:18,766 - gensim.models.word2vec - INFO - EPOCH 7: training on 1000 raw words (103 effective words) took 0.0s, 24629 effective words/s
2026-03-05 11:23:18,795 - gensim.models.word2vec - INFO - EPOCH 8: training on 1000 raw words (92 effective words) took 0.0s, 22547 effective words/s
2026-03-05 11:23:18,824 - gensim.models.word2vec - INFO - EPOCH 9: training on 1000 raw words (72 effective words) took 0.0s, 17734 effective words/s
2026-03-05 11:23:18,824 - gensim.utils - INFO - Word2Vec lifecycle event {'msg': 'training on 10000 raw words (932 effective words) took 0.3s, 2955 effective words/s', 'datetime': '2026-03-05T11:23:18.824670', 'gensim': '4.4.0', 'python': '3.11.6 (tags/v3.11.6:8b6ee5b, Oct  2 2023, 14:57:12) [MSC v.1935 64 bit (AMD64)]', 'platform': 'Windows-10-10.0.26200-SP0', 'event': 'train'}
2026-03-05 11:23:18,824 - gensim.utils - INFO - Word2Vec lifecycle event {'params': 'Word2Vec<vocab=8, vector_size=50, alpha=0.025>', 'datetime': '2026-03-05T11:23:18.824670', 'gensim': '4.4.0', 'python': '3.11.6 (tags/v3.11.6:8b6ee5b, Oct  2 2023, 14:57:12) [MSC v.1935 64 bit (AMD64)]', 'platform': 'Windows-10-10.0.26200-SP0', 'event': 'created'}
2026-03-05 11:23:18,824 - gensim.utils - INFO - Word2Vec lifecycle event {'fname_or_handle': 'models/word2vec\\w2v_cbow_sz50_win2_ep10.model', 'separately': 'None', 'sep_limit': 10485760, 'ignore': frozenset(), 'datetime': '2026-03-05T11:23:18.824670', 'gensim': '4.4.0', 'python': '3.11.6 (tags/v3.11.6:8b6ee5b, Oct  2 2023, 14:57:12) [MSC v.1935 64 bit (AMD64)]', 'platform': 'Windows-10-10.0.26200-SP0', 'event': 'saving'}
2026-03-05 11:23:18,830 - gensim.utils - INFO - not storing attribute cum_table
2026-03-05 11:23:18,830 - gensim.utils - INFO - saved models/word2vec\w2v_cbow_sz50_win2_ep10.model
2026-03-05 11:23:18,835 - NLP_Project - INFO - Training w2v_cbow_sz50_win2_ep20...
2026-03-05 11:23:18,836 - gensim.models.word2vec - INFO - collecting all words and their counts
2026-03-05 11:23:18,836 - gensim.models.word2vec - INFO - PROGRESS: at sentence #0, processed 0 words, keeping 0 word types
2026-03-05 11:23:18,836 - gensim.models.word2vec - INFO - collected 8 word types from a corpus of 1000 raw words and 300 sentences
2026-03-05 11:23:18,836 - gensim.models.word2vec - INFO - Creating a fresh vocabulary
2026-03-05 11:23:18,836 - gensim.utils - INFO - Word2Vec lifecycle event {'msg': 'effective_min_count=5 retains 8 unique words (100.00% of original 8, drops 0)', 'datetime': '2026-03-05T11:23:18.836805', 'gensim': '4.4.0', 'python': '3.11.6 (tags/v3.11.6:8b6ee5b, Oct  2 2023, 14:57:12) [MSC v.1935 64 bit (AMD64)]', 'platform': 'Windows-10-10.0.26200-SP0', 'event': 'prepare_vocab'}
2026-03-05 11:23:18,836 - gensim.utils - INFO - Word2Vec lifecycle event {'msg': 'effective_min_count=5 leaves 1000 word corpus (100.00% of original 1000, drops 0)', 'datetime': '2026-03-05T11:23:18.836805', 'gensim': '4.4.0', 'python': '3.11.6 (tags/v3.11.6:8b6ee5b, Oct  2 2023, 14:57:12) [MSC v.1935 64 bit (AMD64)]', 'platform': 'Windows-10-10.0.26200-SP0', 'event': 'prepare_vocab'}
2026-03-05 11:23:18,840 - gensim.models.word2vec - INFO - deleting the raw counts dictionary of 8 items
2026-03-05 11:23:18,841 - gensim.models.word2vec - INFO - sample=0.001 downsamples 8 most-common words
2026-03-05 11:23:18,841 - gensim.utils - INFO - Word2Vec lifecycle event {'msg': 'downsampling leaves estimated 95.32050807568878 word corpus (9.5%% of prior 1000)', 'datetime': '2026-03-05T11:23:18.841142', 'gensim': '4.4.0', 'python': '3.11.6 (tags/v3.11.6:8b6ee5b, Oct  2 2023, 14:57:12) [MSC v.1935 64 bit (AMD64)]', 'platform': 'Windows-10-10.0.26200-SP0', 'event': 'prepare_vocab'}
2026-03-05 11:23:18,841 - gensim.models.word2vec - INFO - estimated required memory for 8 words and 50 dimensions: 7200 bytes
2026-03-05 11:23:18,841 - gensim.models.word2vec - INFO - resetting layer weights
2026-03-05 11:23:18,845 - gensim.utils - INFO - Word2Vec lifecycle event {'update': False, 'trim_rule': 'None', 'datetime': '2026-03-05T11:23:18.845401', 'gensim': '4.4.0', 'python': '3.11.6 (tags/v3.11.6:8b6ee5b, Oct  2 2023, 14:57:12) [MSC v.1935 64 bit (AMD64)]', 'platform': 'Windows-10-10.0.26200-SP0', 'event': 'build_vocab'}
2026-03-05 11:23:18,845 - gensim.utils - INFO - Word2Vec lifecycle event {'msg': 'training model with 16 workers on 8 vocabulary and 50 features, using sg=0 hs=0 sample=0.001 negative=5 window=2 shrink_windows=True', 'datetime': '2026-03-05T11:23:18.845401', 'gensim': '4.4.0', 'python': '3.11.6 (tags/v3.11.6:8b6ee5b, Oct  2 2023, 14:57:12) [MSC v.1935 64 bit (AMD64)]', 'platform': 'Windows-10-10.0.26200-SP0', 'event': 'train'}
2026-03-05 11:23:18,874 - gensim.models.word2vec - INFO - EPOCH 0: training on 1000 raw words (83 effective words) took 0.0s, 25274 effective words/s
2026-03-05 11:23:18,899 - gensim.models.word2vec - INFO - EPOCH 1: training on 1000 raw words (89 effective words) took 0.0s, 280669 effective words/s
2026-03-05 11:23:18,930 - gensim.models.word2vec - INFO - EPOCH 2: training on 1000 raw words (88 effective words) took 0.0s, 195079 effective words/s
2026-03-05 11:23:18,959 - gensim.models.word2vec - INFO - EPOCH 3: training on 1000 raw words (96 effective words) took 0.0s, 23577 effective words/s
2026-03-05 11:23:18,991 - gensim.models.word2vec - INFO - EPOCH 4: training on 1000 raw words (102 effective words) took 0.0s, 201303 effective words/s
2026-03-05 11:23:19,022 - gensim.models.word2vec - INFO - EPOCH 5: training on 1000 raw words (120 effective words) took 0.0s, 40020 effective words/s
2026-03-05 11:23:19,052 - gensim.models.word2vec - INFO - EPOCH 6: training on 1000 raw words (87 effective words) took 0.0s, 34707 effective words/s
2026-03-05 11:23:19,083 - gensim.models.word2vec - INFO - EPOCH 7: training on 1000 raw words (103 effective words) took 0.0s, 206994 effective words/s
2026-03-05 11:23:19,108 - gensim.models.word2vec - INFO - EPOCH 8: training on 1000 raw words (92 effective words) took 0.0s, 139078 effective words/s
2026-03-05 11:23:19,134 - gensim.models.word2vec - INFO - EPOCH 9: training on 1000 raw words (72 effective words) took 0.0s, 24747 effective words/s
2026-03-05 11:23:19,161 - gensim.models.word2vec - INFO - EPOCH 10: training on 1000 raw words (118 effective words) took 0.0s, 35214 effective words/s
2026-03-05 11:23:19,187 - gensim.models.word2vec - INFO - EPOCH 11: training on 1000 raw words (80 effective words) took 0.0s, 174634 effective words/s
2026-03-05 11:23:19,208 - gensim.models.word2vec - INFO - EPOCH 12: training on 1000 raw words (84 effective words) took 0.0s, 24448 effective words/s
2026-03-05 11:23:19,241 - gensim.models.word2vec - INFO - EPOCH 13: training on 1000 raw words (91 effective words) took 0.0s, 25601 effective words/s
2026-03-05 11:23:19,270 - gensim.models.word2vec - INFO - EPOCH 14: training on 1000 raw words (92 effective words) took 0.0s, 63187 effective words/s
2026-03-05 11:23:19,295 - gensim.models.word2vec - INFO - EPOCH 15: training on 1000 raw words (94 effective words) took 0.0s, 29530 effective words/s
2026-03-05 11:23:19,320 - gensim.models.word2vec - INFO - EPOCH 16: training on 1000 raw words (100 effective words) took 0.0s, 116496 effective words/s
2026-03-05 11:23:19,346 - gensim.models.word2vec - INFO - EPOCH 17: training on 1000 raw words (96 effective words) took 0.0s, 28989 effective words/s
2026-03-05 11:23:19,370 - gensim.models.word2vec - INFO - EPOCH 18: training on 1000 raw words (95 effective words) took 0.0s, 39274 effective words/s
2026-03-05 11:23:19,396 - gensim.models.word2vec - INFO - EPOCH 19: training on 1000 raw words (103 effective words) took 0.0s, 32344 effective words/s
2026-03-05 11:23:19,396 - gensim.utils - INFO - Word2Vec lifecycle event {'msg': 'training on 20000 raw words (1885 effective words) took 0.6s, 3425 effective words/s', 'datetime': '2026-03-05T11:23:19.396839', 'gensim': '4.4.0', 'python': '3.11.6 (tags/v3.11.6:8b6ee5b, Oct  2 2023, 14:57:12) [MSC v.1935 64 bit (AMD64)]', 'platform': 'Windows-10-10.0.26200-SP0', 'event': 'train'}
2026-03-05 11:23:19,396 - gensim.utils - INFO - Word2Vec lifecycle event {'params': 'Word2Vec<vocab=8, vector_size=50, alpha=0.025>', 'datetime': '2026-03-05T11:23:19.396839', 'gensim': '4.4.0', 'python': '3.11.6 (tags/v3.11.6:8b6ee5b, Oct  2 2023, 14:57:12) [MSC v.1935 64 bit (AMD64)]', 'platform': 'Windows-10-10.0.26200-SP0', 'event': 'created'}
2026-03-05 11:23:19,396 - gensim.utils - INFO - Word2Vec lifecycle event {'fname_or_handle': 'models/word2vec\\w2v_cbow_sz50_win2_ep20.model', 'separately': 'None', 'sep_limit': 10485760, 'ignore': frozenset(), 'datetime': '2026-03-05T11:23:19.396839', 'gensim': '4.4.0', 'python': '3.11.6 (tags/v3.11.6:8b6ee5b, Oct  2 2023, 14:57:12) [MSC v.1935 64 bit (AMD64)]', 'platform': 'Windows-10-10.0.26200-SP0', 'event': 'saving'}
2026-03-05 11:23:19,396 - gensim.utils - INFO - not storing attribute cum_table
2026-03-05 11:23:19,403 - gensim.utils - INFO - saved models/word2vec\w2v_cbow_sz50_win2_ep20.model
2026-03-05 11:23:19,403 - NLP_Project - INFO - Training w2v_skipgram_sz50_win2_ep5...
2026-03-05 11:23:19,404 - gensim.models.word2vec - INFO - collecting all words and their counts
2026-03-05 11:23:19,405 - gensim.models.word2vec - INFO - PROGRESS: at sentence #0, processed 0 words, keeping 0 word types
2026-03-05 11:23:19,406 - gensim.models.word2vec - INFO - collected 8 word types from a corpus of 1000 raw words and 300 sentences
2026-03-05 11:23:19,406 - gensim.models.word2vec - INFO - Creating a fresh vocabulary
2026-03-05 11:23:19,406 - gensim.utils - INFO - Word2Vec lifecycle event {'msg': 'effective_min_count=5 retains 8 unique words (100.00% of original 8, drops 0)', 'datetime': '2026-03-05T11:23:19.406619', 'gensim': '4.4.0', 'python': '3.11.6 (tags/v3.11.6:8b6ee5b, Oct  2 2023, 14:57:12) [MSC v.1935 64 bit (AMD64)]', 'platform': 'Windows-10-10.0.26200-SP0', 'event': 'prepare_vocab'}
2026-03-05 11:23:19,407 - gensim.utils - INFO - Word2Vec lifecycle event {'msg': 'effective_min_count=5 leaves 1000 word corpus (100.00% of original 1000, drops 0)', 'datetime': '2026-03-05T11:23:19.407829', 'gensim': '4.4.0', 'python': '3.11.6 (tags/v3.11.6:8b6ee5b, Oct  2 2023, 14:57:12) [MSC v.1935 64 bit (AMD64)]', 'platform': 'Windows-10-10.0.26200-SP0', 'event': 'prepare_vocab'}
2026-03-05 11:23:19,408 - gensim.models.word2vec - INFO - deleting the raw counts dictionary of 8 items
2026-03-05 11:23:19,409 - gensim.models.word2vec - INFO - sample=0.001 downsamples 8 most-common words
2026-03-05 11:23:19,409 - gensim.utils - INFO - Word2Vec lifecycle event {'msg': 'downsampling leaves estimated 95.32050807568878 word corpus (9.5%% of prior 1000)', 'datetime': '2026-03-05T11:23:19.409911', 'gensim': '4.4.0', 'python': '3.11.6 (tags/v3.11.6:8b6ee5b, Oct  2 2023, 14:57:12) [MSC v.1935 64 bit (AMD64)]', 'platform': 'Windows-10-10.0.26200-SP0', 'event': 'prepare_vocab'}
2026-03-05 11:23:19,410 - gensim.models.word2vec - INFO - estimated required memory for 8 words and 50 dimensions: 7200 bytes
2026-03-05 11:23:19,410 - gensim.models.word2vec - INFO - resetting layer weights
2026-03-05 11:23:19,410 - gensim.utils - INFO - Word2Vec lifecycle event {'update': False, 'trim_rule': 'None', 'datetime': '2026-03-05T11:23:19.410427', 'gensim': '4.4.0', 'python': '3.11.6 (tags/v3.11.6:8b6ee5b, Oct  2 2023, 14:57:12) [MSC v.1935 64 bit (AMD64)]', 'platform': 'Windows-10-10.0.26200-SP0', 'event': 'build_vocab'}
2026-03-05 11:23:19,410 - gensim.utils - INFO - Word2Vec lifecycle event {'msg': 'training model with 16 workers on 8 vocabulary and 50 features, using sg=1 hs=0 sample=0.001 negative=5 window=2 shrink_windows=True', 'datetime': '2026-03-05T11:23:19.410427', 'gensim': '4.4.0', 'python': '3.11.6 (tags/v3.11.6:8b6ee5b, Oct  2 2023, 14:57:12) [MSC v.1935 64 bit (AMD64)]', 'platform': 'Windows-10-10.0.26200-SP0', 'event': 'train'}
2026-03-05 11:23:19,432 - gensim.models.word2vec - INFO - EPOCH 0: training on 1000 raw words (83 effective words) took 0.0s, 32886 effective words/s
2026-03-05 11:23:19,461 - gensim.models.word2vec - INFO - EPOCH 1: training on 1000 raw words (89 effective words) took 0.0s, 31080 effective words/s
2026-03-05 11:23:19,486 - gensim.models.word2vec - INFO - EPOCH 2: training on 1000 raw words (88 effective words) took 0.0s, 279011 effective words/s
2026-03-05 11:23:19,511 - gensim.models.word2vec - INFO - EPOCH 3: training on 1000 raw words (96 effective words) took 0.0s, 378698 effective words/s
2026-03-05 11:23:19,537 - gensim.models.word2vec - INFO - EPOCH 4: training on 1000 raw words (102 effective words) took 0.0s, 230978 effective words/s
2026-03-05 11:23:19,540 - gensim.utils - INFO - Word2Vec lifecycle event {'msg': 'training on 5000 raw words (458 effective words) took 0.1s, 3611 effective words/s', 'datetime': '2026-03-05T11:23:19.540290', 'gensim': '4.4.0', 'python': '3.11.6 (tags/v3.11.6:8b6ee5b, Oct  2 2023, 14:57:12) [MSC v.1935 64 bit (AMD64)]', 'platform': 'Windows-10-10.0.26200-SP0', 'event': 'train'}
2026-03-05 11:23:19,540 - gensim.utils - INFO - Word2Vec lifecycle event {'params': 'Word2Vec<vocab=8, vector_size=50, alpha=0.025>', 'datetime': '2026-03-05T11:23:19.540290', 'gensim': '4.4.0', 'python': '3.11.6 (tags/v3.11.6:8b6ee5b, Oct  2 2023, 14:57:12) [MSC v.1935 64 bit (AMD64)]', 'platform': 'Windows-10-10.0.26200-SP0', 'event': 'created'}
2026-03-05 11:23:19,540 - gensim.utils - INFO - Word2Vec lifecycle event {'fname_or_handle': 'models/word2vec\\w2v_skipgram_sz50_win2_ep5.model', 'separately': 'None', 'sep_limit': 10485760, 'ignore': frozenset(), 'datetime': '2026-03-05T11:23:19.540290', 'gensim': '4.4.0', 'python': '3.11.6 (tags/v3.11.6:8b6ee5b, Oct  2 2023, 14:57:12) [MSC v.1935 64 bit (AMD64)]', 'platform': 'Windows-10-10.0.26200-SP0', 'event': 'saving'}
2026-03-05 11:23:19,543 - gensim.utils - INFO - not storing attribute cum_table
2026-03-05 11:23:19,545 - gensim.utils - INFO - saved models/word2vec\w2v_skipgram_sz50_win2_ep5.model
2026-03-05 11:23:19,545 - NLP_Project - INFO - Training w2v_skipgram_sz50_win2_ep10...
2026-03-05 11:23:19,547 - gensim.models.word2vec - INFO - collecting all words and their counts
2026-03-05 11:23:19,548 - gensim.models.word2vec - INFO - PROGRESS: at sentence #0, processed 0 words, keeping 0 word types
2026-03-05 11:23:19,548 - gensim.models.word2vec - INFO - collected 8 word types from a corpus of 1000 raw words and 300 sentences
2026-03-05 11:23:19,548 - gensim.models.word2vec - INFO - Creating a fresh vocabulary
2026-03-05 11:23:19,548 - gensim.utils - INFO - Word2Vec lifecycle event {'msg': 'effective_min_count=5 retains 8 unique words (100.00% of original 8, drops 0)', 'datetime': '2026-03-05T11:23:19.548849', 'gensim': '4.4.0', 'python': '3.11.6 (tags/v3.11.6:8b6ee5b, Oct  2 2023, 14:57:12) [MSC v.1935 64 bit (AMD64)]', 'platform': 'Windows-10-10.0.26200-SP0', 'event': 'prepare_vocab'}
2026-03-05 11:23:19,548 - gensim.utils - INFO - Word2Vec lifecycle event {'msg': 'effective_min_count=5 leaves 1000 word corpus (100.00% of original 1000, drops 0)', 'datetime': '2026-03-05T11:23:19.548849', 'gensim': '4.4.0', 'python': '3.11.6 (tags/v3.11.6:8b6ee5b, Oct  2 2023, 14:57:12) [MSC v.1935 64 bit (AMD64)]', 'platform': 'Windows-10-10.0.26200-SP0', 'event': 'prepare_vocab'}
2026-03-05 11:23:19,550 - gensim.models.word2vec - INFO - deleting the raw counts dictionary of 8 items
2026-03-05 11:23:19,550 - gensim.models.word2vec - INFO - sample=0.001 downsamples 8 most-common words
2026-03-05 11:23:19,550 - gensim.utils - INFO - Word2Vec lifecycle event {'msg': 'downsampling leaves estimated 95.32050807568878 word corpus (9.5%% of prior 1000)', 'datetime': '2026-03-05T11:23:19.550899', 'gensim': '4.4.0', 'python': '3.11.6 (tags/v3.11.6:8b6ee5b, Oct  2 2023, 14:57:12) [MSC v.1935 64 bit (AMD64)]', 'platform': 'Windows-10-10.0.26200-SP0', 'event': 'prepare_vocab'}
2026-03-05 11:23:19,550 - gensim.models.word2vec - INFO - estimated required memory for 8 words and 50 dimensions: 7200 bytes
2026-03-05 11:23:19,550 - gensim.models.word2vec - INFO - resetting layer weights
2026-03-05 11:23:19,553 - gensim.utils - INFO - Word2Vec lifecycle event {'update': False, 'trim_rule': 'None', 'datetime': '2026-03-05T11:23:19.553413', 'gensim': '4.4.0', 'python': '3.11.6 (tags/v3.11.6:8b6ee5b, Oct  2 2023, 14:57:12) [MSC v.1935 64 bit (AMD64)]', 'platform': 'Windows-10-10.0.26200-SP0', 'event': 'build_vocab'}
2026-03-05 11:23:19,553 - gensim.utils - INFO - Word2Vec lifecycle event {'msg': 'training model with 16 workers on 8 vocabulary and 50 features, using sg=1 hs=0 sample=0.001 negative=5 window=2 shrink_windows=True', 'datetime': '2026-03-05T11:23:19.553951', 'gensim': '4.4.0', 'python': '3.11.6 (tags/v3.11.6:8b6ee5b, Oct  2 2023, 14:57:12) [MSC v.1935 64 bit (AMD64)]', 'platform': 'Windows-10-10.0.26200-SP0', 'event': 'train'}
2026-03-05 11:23:19,575 - gensim.models.word2vec - INFO - EPOCH 0: training on 1000 raw words (83 effective words) took 0.0s, 19074 effective words/s
2026-03-05 11:23:19,598 - gensim.models.word2vec - INFO - EPOCH 1: training on 1000 raw words (89 effective words) took 0.0s, 277691 effective words/s
2026-03-05 11:23:19,626 - gensim.models.word2vec - INFO - EPOCH 2: training on 1000 raw words (88 effective words) took 0.0s, 31182 effective words/s
2026-03-05 11:23:19,653 - gensim.models.word2vec - INFO - EPOCH 3: training on 1000 raw words (96 effective words) took 0.0s, 91411 effective words/s
2026-03-05 11:23:19,674 - gensim.models.word2vec - INFO - EPOCH 4: training on 1000 raw words (102 effective words) took 0.0s, 168206 effective words/s
2026-03-05 11:23:19,703 - gensim.models.word2vec - INFO - EPOCH 5: training on 1000 raw words (120 effective words) took 0.0s, 49644 effective words/s
2026-03-05 11:23:19,730 - gensim.models.word2vec - INFO - EPOCH 6: training on 1000 raw words (87 effective words) took 0.0s, 32211 effective words/s
2026-03-05 11:23:19,756 - gensim.models.word2vec - INFO - EPOCH 7: training on 1000 raw words (103 effective words) took 0.0s, 42225 effective words/s
2026-03-05 11:23:19,781 - gensim.models.word2vec - INFO - EPOCH 8: training on 1000 raw words (92 effective words) took 0.0s, 37121 effective words/s
2026-03-05 11:23:19,808 - gensim.models.word2vec - INFO - EPOCH 9: training on 1000 raw words (72 effective words) took 0.0s, 20848 effective words/s
2026-03-05 11:23:19,808 - gensim.utils - INFO - Word2Vec lifecycle event {'msg': 'training on 10000 raw words (932 effective words) took 0.3s, 3615 effective words/s', 'datetime': '2026-03-05T11:23:19.808392', 'gensim': '4.4.0', 'python': '3.11.6 (tags/v3.11.6:8b6ee5b, Oct  2 2023, 14:57:12) [MSC v.1935 64 bit (AMD64)]', 'platform': 'Windows-10-10.0.26200-SP0', 'event': 'train'}
2026-03-05 11:23:19,808 - gensim.utils - INFO - Word2Vec lifecycle event {'params': 'Word2Vec<vocab=8, vector_size=50, alpha=0.025>', 'datetime': '2026-03-05T11:23:19.808392', 'gensim': '4.4.0', 'python': '3.11.6 (tags/v3.11.6:8b6ee5b, Oct  2 2023, 14:57:12) [MSC v.1935 64 bit (AMD64)]', 'platform': 'Windows-10-10.0.26200-SP0', 'event': 'created'}
2026-03-05 11:23:19,814 - gensim.utils - INFO - Word2Vec lifecycle event {'fname_or_handle': 'models/word2vec\\w2v_skipgram_sz50_win2_ep10.model', 'separately': 'None', 'sep_limit': 10485760, 'ignore': frozenset(), 'datetime': '2026-03-05T11:23:19.814179', 'gensim': '4.4.0', 'python': '3.11.6 (tags/v3.11.6:8b6ee5b, Oct  2 2023, 14:57:12) [MSC v.1935 64 bit (AMD64)]', 'platform': 'Windows-10-10.0.26200-SP0', 'event': 'saving'}
2026-03-05 11:23:19,815 - gensim.utils - INFO - not storing attribute cum_table
2026-03-05 11:23:19,817 - gensim.utils - INFO - saved models/word2vec\w2v_skipgram_sz50_win2_ep10.model
2026-03-05 11:23:19,817 - NLP_Project - INFO - Training w2v_skipgram_sz50_win2_ep20...
2026-03-05 11:23:19,819 - gensim.models.word2vec - INFO - collecting all words and their counts
2026-03-05 11:23:19,820 - gensim.models.word2vec - INFO - PROGRESS: at sentence #0, processed 0 words, keeping 0 word types
2026-03-05 11:23:19,820 - gensim.models.word2vec - INFO - collected 8 word types from a corpus of 1000 raw words and 300 sentences
2026-03-05 11:23:19,821 - gensim.models.word2vec - INFO - Creating a fresh vocabulary
2026-03-05 11:23:19,821 - gensim.utils - INFO - Word2Vec lifecycle event {'msg': 'effective_min_count=5 retains 8 unique words (100.00% of original 8, drops 0)', 'datetime': '2026-03-05T11:23:19.821678', 'gensim': '4.4.0', 'python': '3.11.6 (tags/v3.11.6:8b6ee5b, Oct  2 2023, 14:57:12) [MSC v.1935 64 bit (AMD64)]', 'platform': 'Windows-10-10.0.26200-SP0', 'event': 'prepare_vocab'}
2026-03-05 11:23:19,822 - gensim.utils - INFO - Word2Vec lifecycle event {'msg': 'effective_min_count=5 leaves 1000 word corpus (100.00% of original 1000, drops 0)', 'datetime': '2026-03-05T11:23:19.822247', 'gensim': '4.4.0', 'python': '3.11.6 (tags/v3.11.6:8b6ee5b, Oct  2 2023, 14:57:12) [MSC v.1935 64 bit (AMD64)]', 'platform': 'Windows-10-10.0.26200-SP0', 'event': 'prepare_vocab'}
2026-03-05 11:23:19,822 - gensim.models.word2vec - INFO - deleting the raw counts dictionary of 8 items
2026-03-05 11:23:19,822 - gensim.models.word2vec - INFO - sample=0.001 downsamples 8 most-common words
2026-03-05 11:23:19,824 - gensim.utils - INFO - Word2Vec lifecycle event {'msg': 'downsampling leaves estimated 95.32050807568878 word corpus (9.5%% of prior 1000)', 'datetime': '2026-03-05T11:23:19.822247', 'gensim': '4.4.0', 'python': '3.11.6 (tags/v3.11.6:8b6ee5b, Oct  2 2023, 14:57:12) [MSC v.1935 64 bit (AMD64)]', 'platform': 'Windows-10-10.0.26200-SP0', 'event': 'prepare_vocab'}
2026-03-05 11:23:19,825 - gensim.models.word2vec - INFO - estimated required memory for 8 words and 50 dimensions: 7200 bytes
2026-03-05 11:23:19,825 - gensim.models.word2vec - INFO - resetting layer weights
2026-03-05 11:23:19,827 - gensim.utils - INFO - Word2Vec lifecycle event {'update': False, 'trim_rule': 'None', 'datetime': '2026-03-05T11:23:19.827101', 'gensim': '4.4.0', 'python': '3.11.6 (tags/v3.11.6:8b6ee5b, Oct  2 2023, 14:57:12) [MSC v.1935 64 bit (AMD64)]', 'platform': 'Windows-10-10.0.26200-SP0', 'event': 'build_vocab'}
2026-03-05 11:23:19,827 - gensim.utils - INFO - Word2Vec lifecycle event {'msg': 'training model with 16 workers on 8 vocabulary and 50 features, using sg=1 hs=0 sample=0.001 negative=5 window=2 shrink_windows=True', 'datetime': '2026-03-05T11:23:19.827101', 'gensim': '4.4.0', 'python': '3.11.6 (tags/v3.11.6:8b6ee5b, Oct  2 2023, 14:57:12) [MSC v.1935 64 bit (AMD64)]', 'platform': 'Windows-10-10.0.26200-SP0', 'event': 'train'}
2026-03-05 11:23:19,847 - gensim.models.word2vec - INFO - EPOCH 0: training on 1000 raw words (83 effective words) took 0.0s, 25650 effective words/s
2026-03-05 11:23:19,872 - gensim.models.word2vec - INFO - EPOCH 1: training on 1000 raw words (89 effective words) took 0.0s, 36926 effective words/s
2026-03-05 11:23:19,901 - gensim.models.word2vec - INFO - EPOCH 2: training on 1000 raw words (88 effective words) took 0.0s, 245947 effective words/s
2026-03-05 11:23:19,924 - gensim.models.word2vec - INFO - EPOCH 3: training on 1000 raw words (96 effective words) took 0.0s, 32545 effective words/s
2026-03-05 11:23:19,953 - gensim.models.word2vec - INFO - EPOCH 4: training on 1000 raw words (102 effective words) took 0.0s, 36263 effective words/s
2026-03-05 11:23:19,988 - gensim.models.word2vec - INFO - EPOCH 5: training on 1000 raw words (120 effective words) took 0.0s, 155219 effective words/s
2026-03-05 11:23:20,022 - gensim.models.word2vec - INFO - EPOCH 6: training on 1000 raw words (87 effective words) took 0.0s, 18511 effective words/s
2026-03-05 11:23:20,053 - gensim.models.word2vec - INFO - EPOCH 7: training on 1000 raw words (103 effective words) took 0.0s, 38583 effective words/s
2026-03-05 11:23:20,081 - gensim.models.word2vec - INFO - EPOCH 8: training on 1000 raw words (92 effective words) took 0.0s, 26338 effective words/s
2026-03-05 11:23:20,108 - gensim.models.word2vec - INFO - EPOCH 9: training on 1000 raw words (72 effective words) took 0.0s, 104682 effective words/s
2026-03-05 11:23:20,137 - gensim.models.word2vec - INFO - EPOCH 10: training on 1000 raw words (118 effective words) took 0.0s, 37847 effective words/s
2026-03-05 11:23:20,163 - gensim.models.word2vec - INFO - EPOCH 11: training on 1000 raw words (80 effective words) took 0.0s, 26955 effective words/s
2026-03-05 11:23:20,189 - gensim.models.word2vec - INFO - EPOCH 12: training on 1000 raw words (84 effective words) took 0.0s, 35031 effective words/s
2026-03-05 11:23:20,217 - gensim.models.word2vec - INFO - EPOCH 13: training on 1000 raw words (91 effective words) took 0.0s, 32866 effective words/s
2026-03-05 11:23:20,244 - gensim.models.word2vec - INFO - EPOCH 14: training on 1000 raw words (92 effective words) took 0.0s, 25664 effective words/s
2026-03-05 11:23:20,275 - gensim.models.word2vec - INFO - EPOCH 15: training on 1000 raw words (94 effective words) took 0.0s, 22471 effective words/s
2026-03-05 11:23:20,307 - gensim.models.word2vec - INFO - EPOCH 16: training on 1000 raw words (100 effective words) took 0.0s, 221484 effective words/s
2026-03-05 11:23:20,336 - gensim.models.word2vec - INFO - EPOCH 17: training on 1000 raw words (96 effective words) took 0.0s, 203476 effective words/s
2026-03-05 11:23:20,359 - gensim.models.word2vec - INFO - EPOCH 18: training on 1000 raw words (95 effective words) took 0.0s, 27530 effective words/s
2026-03-05 11:23:20,391 - gensim.models.word2vec - INFO - EPOCH 19: training on 1000 raw words (103 effective words) took 0.0s, 194817 effective words/s
2026-03-05 11:23:20,391 - gensim.utils - INFO - Word2Vec lifecycle event {'msg': 'training on 20000 raw words (1885 effective words) took 0.6s, 3326 effective words/s', 'datetime': '2026-03-05T11:23:20.391196', 'gensim': '4.4.0', 'python': '3.11.6 (tags/v3.11.6:8b6ee5b, Oct  2 2023, 14:57:12) [MSC v.1935 64 bit (AMD64)]', 'platform': 'Windows-10-10.0.26200-SP0', 'event': 'train'}
2026-03-05 11:23:20,395 - gensim.utils - INFO - Word2Vec lifecycle event {'params': 'Word2Vec<vocab=8, vector_size=50, alpha=0.025>', 'datetime': '2026-03-05T11:23:20.395848', 'gensim': '4.4.0', 'python': '3.11.6 (tags/v3.11.6:8b6ee5b, Oct  2 2023, 14:57:12) [MSC v.1935 64 bit (AMD64)]', 'platform': 'Windows-10-10.0.26200-SP0', 'event': 'created'}
2026-03-05 11:23:20,395 - gensim.utils - INFO - Word2Vec lifecycle event {'fname_or_handle': 'models/word2vec\\w2v_skipgram_sz50_win2_ep20.model', 'separately': 'None', 'sep_limit': 10485760, 'ignore': frozenset(), 'datetime': '2026-03-05T11:23:20.395848', 'gensim': '4.4.0', 'python': '3.11.6 (tags/v3.11.6:8b6ee5b, Oct  2 2023, 14:57:12) [MSC v.1935 64 bit (AMD64)]', 'platform': 'Windows-10-10.0.26200-SP0', 'event': 'saving'}
2026-03-05 11:23:20,396 - gensim.utils - INFO - not storing attribute cum_table
2026-03-05 11:23:20,400 - gensim.utils - INFO - saved models/word2vec\w2v_skipgram_sz50_win2_ep20.model
2026-03-05 11:23:20,400 - NLP_Project - INFO - Training w2v_cbow_sz50_win5_ep5...
2026-03-05 11:23:20,400 - gensim.models.word2vec - INFO - collecting all words and their counts
2026-03-05 11:23:20,402 - gensim.models.word2vec - INFO - PROGRESS: at sentence #0, processed 0 words, keeping 0 word types
2026-03-05 11:23:20,402 - gensim.models.word2vec - INFO - collected 8 word types from a corpus of 1000 raw words and 300 sentences
2026-03-05 11:23:20,403 - gensim.models.word2vec - INFO - Creating a fresh vocabulary
2026-03-05 11:23:20,403 - gensim.utils - INFO - Word2Vec lifecycle event {'msg': 'effective_min_count=5 retains 8 unique words (100.00% of original 8, drops 0)', 'datetime': '2026-03-05T11:23:20.403353', 'gensim': '4.4.0', 'python': '3.11.6 (tags/v3.11.6:8b6ee5b, Oct  2 2023, 14:57:12) [MSC v.1935 64 bit (AMD64)]', 'platform': 'Windows-10-10.0.26200-SP0', 'event': 'prepare_vocab'}
2026-03-05 11:23:20,403 - gensim.utils - INFO - Word2Vec lifecycle event {'msg': 'effective_min_count=5 leaves 1000 word corpus (100.00% of original 1000, drops 0)', 'datetime': '2026-03-05T11:23:20.403353', 'gensim': '4.4.0', 'python': '3.11.6 (tags/v3.11.6:8b6ee5b, Oct  2 2023, 14:57:12) [MSC v.1935 64 bit (AMD64)]', 'platform': 'Windows-10-10.0.26200-SP0', 'event': 'prepare_vocab'}
2026-03-05 11:23:20,403 - gensim.models.word2vec - INFO - deleting the raw counts dictionary of 8 items
2026-03-05 11:23:20,403 - gensim.models.word2vec - INFO - sample=0.001 downsamples 8 most-common words
2026-03-05 11:23:20,403 - gensim.utils - INFO - Word2Vec lifecycle event {'msg': 'downsampling leaves estimated 95.32050807568878 word corpus (9.5%% of prior 1000)', 'datetime': '2026-03-05T11:23:20.403353', 'gensim': '4.4.0', 'python': '3.11.6 (tags/v3.11.6:8b6ee5b, Oct  2 2023, 14:57:12) [MSC v.1935 64 bit (AMD64)]', 'platform': 'Windows-10-10.0.26200-SP0', 'event': 'prepare_vocab'}
2026-03-05 11:23:20,406 - gensim.models.word2vec - INFO - estimated required memory for 8 words and 50 dimensions: 7200 bytes
2026-03-05 11:23:20,406 - gensim.models.word2vec - INFO - resetting layer weights
2026-03-05 11:23:20,406 - gensim.utils - INFO - Word2Vec lifecycle event {'update': False, 'trim_rule': 'None', 'datetime': '2026-03-05T11:23:20.406747', 'gensim': '4.4.0', 'python': '3.11.6 (tags/v3.11.6:8b6ee5b, Oct  2 2023, 14:57:12) [MSC v.1935 64 bit (AMD64)]', 'platform': 'Windows-10-10.0.26200-SP0', 'event': 'build_vocab'}
2026-03-05 11:23:20,406 - gensim.utils - INFO - Word2Vec lifecycle event {'msg': 'training model with 16 workers on 8 vocabulary and 50 features, using sg=0 hs=0 sample=0.001 negative=5 window=5 shrink_windows=True', 'datetime': '2026-03-05T11:23:20.406747', 'gensim': '4.4.0', 'python': '3.11.6 (tags/v3.11.6:8b6ee5b, Oct  2 2023, 14:57:12) [MSC v.1935 64 bit (AMD64)]', 'platform': 'Windows-10-10.0.26200-SP0', 'event': 'train'}
2026-03-05 11:23:20,430 - gensim.models.word2vec - INFO - EPOCH 0: training on 1000 raw words (83 effective words) took 0.0s, 25990 effective words/s
2026-03-05 11:23:20,453 - gensim.models.word2vec - INFO - EPOCH 1: training on 1000 raw words (92 effective words) took 0.0s, 319112 effective words/s
2026-03-05 11:23:20,486 - gensim.models.word2vec - INFO - EPOCH 2: training on 1000 raw words (82 effective words) took 0.0s, 21200 effective words/s
2026-03-05 11:23:20,509 - gensim.models.word2vec - INFO - EPOCH 3: training on 1000 raw words (96 effective words) took 0.0s, 195958 effective words/s
2026-03-05 11:23:20,531 - gensim.models.word2vec - INFO - EPOCH 4: training on 1000 raw words (96 effective words) took 0.0s, 209561 effective words/s
2026-03-05 11:23:20,531 - gensim.utils - INFO - Word2Vec lifecycle event {'msg': 'training on 5000 raw words (449 effective words) took 0.1s, 3591 effective words/s', 'datetime': '2026-03-05T11:23:20.531109', 'gensim': '4.4.0', 'python': '3.11.6 (tags/v3.11.6:8b6ee5b, Oct  2 2023, 14:57:12) [MSC v.1935 64 bit (AMD64)]', 'platform': 'Windows-10-10.0.26200-SP0', 'event': 'train'}
2026-03-05 11:23:20,535 - gensim.utils - INFO - Word2Vec lifecycle event {'params': 'Word2Vec<vocab=8, vector_size=50, alpha=0.025>', 'datetime': '2026-03-05T11:23:20.535337', 'gensim': '4.4.0', 'python': '3.11.6 (tags/v3.11.6:8b6ee5b, Oct  2 2023, 14:57:12) [MSC v.1935 64 bit (AMD64)]', 'platform': 'Windows-10-10.0.26200-SP0', 'event': 'created'}
2026-03-05 11:23:20,536 - gensim.utils - INFO - Word2Vec lifecycle event {'fname_or_handle': 'models/word2vec\\w2v_cbow_sz50_win5_ep5.model', 'separately': 'None', 'sep_limit': 10485760, 'ignore': frozenset(), 'datetime': '2026-03-05T11:23:20.536039', 'gensim': '4.4.0', 'python': '3.11.6 (tags/v3.11.6:8b6ee5b, Oct  2 2023, 14:57:12) [MSC v.1935 64 bit (AMD64)]', 'platform': 'Windows-10-10.0.26200-SP0', 'event': 'saving'}
2026-03-05 11:23:20,536 - gensim.utils - INFO - not storing attribute cum_table
2026-03-05 11:23:20,538 - gensim.utils - INFO - saved models/word2vec\w2v_cbow_sz50_win5_ep5.model
2026-03-05 11:23:20,539 - NLP_Project - INFO - Training w2v_cbow_sz50_win5_ep10...
2026-03-05 11:23:20,540 - gensim.models.word2vec - INFO - collecting all words and their counts
2026-03-05 11:23:20,540 - gensim.models.word2vec - INFO - PROGRESS: at sentence #0, processed 0 words, keeping 0 word types
2026-03-05 11:23:20,540 - gensim.models.word2vec - INFO - collected 8 word types from a corpus of 1000 raw words and 300 sentences
2026-03-05 11:23:20,540 - gensim.models.word2vec - INFO - Creating a fresh vocabulary
2026-03-05 11:23:20,540 - gensim.utils - INFO - Word2Vec lifecycle event {'msg': 'effective_min_count=5 retains 8 unique words (100.00% of original 8, drops 0)', 'datetime': '2026-03-05T11:23:20.540877', 'gensim': '4.4.0', 'python': '3.11.6 (tags/v3.11.6:8b6ee5b, Oct  2 2023, 14:57:12) [MSC v.1935 64 bit (AMD64)]', 'platform': 'Windows-10-10.0.26200-SP0', 'event': 'prepare_vocab'}
2026-03-05 11:23:20,540 - gensim.utils - INFO - Word2Vec lifecycle event {'msg': 'effective_min_count=5 leaves 1000 word corpus (100.00% of original 1000, drops 0)', 'datetime': '2026-03-05T11:23:20.540877', 'gensim': '4.4.0', 'python': '3.11.6 (tags/v3.11.6:8b6ee5b, Oct  2 2023, 14:57:12) [MSC v.1935 64 bit (AMD64)]', 'platform': 'Windows-10-10.0.26200-SP0', 'event': 'prepare_vocab'}
2026-03-05 11:23:20,540 - gensim.models.word2vec - INFO - deleting the raw counts dictionary of 8 items
2026-03-05 11:23:20,540 - gensim.models.word2vec - INFO - sample=0.001 downsamples 8 most-common words
2026-03-05 11:23:20,545 - gensim.utils - INFO - Word2Vec lifecycle event {'msg': 'downsampling leaves estimated 95.32050807568878 word corpus (9.5%% of prior 1000)', 'datetime': '2026-03-05T11:23:20.545576', 'gensim': '4.4.0', 'python': '3.11.6 (tags/v3.11.6:8b6ee5b, Oct  2 2023, 14:57:12) [MSC v.1935 64 bit (AMD64)]', 'platform': 'Windows-10-10.0.26200-SP0', 'event': 'prepare_vocab'}
2026-03-05 11:23:20,545 - gensim.models.word2vec - INFO - estimated required memory for 8 words and 50 dimensions: 7200 bytes
2026-03-05 11:23:20,546 - gensim.models.word2vec - INFO - resetting layer weights
2026-03-05 11:23:20,547 - gensim.utils - INFO - Word2Vec lifecycle event {'update': False, 'trim_rule': 'None', 'datetime': '2026-03-05T11:23:20.547895', 'gensim': '4.4.0', 'python': '3.11.6 (tags/v3.11.6:8b6ee5b, Oct  2 2023, 14:57:12) [MSC v.1935 64 bit (AMD64)]', 'platform': 'Windows-10-10.0.26200-SP0', 'event': 'build_vocab'}
2026-03-05 11:23:20,548 - gensim.utils - INFO - Word2Vec lifecycle event {'msg': 'training model with 16 workers on 8 vocabulary and 50 features, using sg=0 hs=0 sample=0.001 negative=5 window=5 shrink_windows=True', 'datetime': '2026-03-05T11:23:20.548577', 'gensim': '4.4.0', 'python': '3.11.6 (tags/v3.11.6:8b6ee5b, Oct  2 2023, 14:57:12) [MSC v.1935 64 bit (AMD64)]', 'platform': 'Windows-10-10.0.26200-SP0', 'event': 'train'}
2026-03-05 11:23:20,569 - gensim.models.word2vec - INFO - EPOCH 0: training on 1000 raw words (83 effective words) took 0.0s, 1423671 effective words/s
2026-03-05 11:23:20,595 - gensim.models.word2vec - INFO - EPOCH 1: training on 1000 raw words (92 effective words) took 0.0s, 265896 effective words/s
2026-03-05 11:23:20,620 - gensim.models.word2vec - INFO - EPOCH 2: training on 1000 raw words (82 effective words) took 0.0s, 30225 effective words/s
2026-03-05 11:23:20,648 - gensim.models.word2vec - INFO - EPOCH 3: training on 1000 raw words (96 effective words) took 0.0s, 31070 effective words/s
2026-03-05 11:23:20,674 - gensim.models.word2vec - INFO - EPOCH 4: training on 1000 raw words (96 effective words) took 0.0s, 122496 effective words/s
2026-03-05 11:23:20,701 - gensim.models.word2vec - INFO - EPOCH 5: training on 1000 raw words (95 effective words) took 0.0s, 31659 effective words/s
2026-03-05 11:23:20,724 - gensim.models.word2vec - INFO - EPOCH 6: training on 1000 raw words (93 effective words) took 0.0s, 190223 effective words/s
2026-03-05 11:23:20,753 - gensim.models.word2vec - INFO - EPOCH 7: training on 1000 raw words (79 effective words) took 0.0s, 32374 effective words/s
2026-03-05 11:23:20,781 - gensim.models.word2vec - INFO - EPOCH 8: training on 1000 raw words (102 effective words) took 0.0s, 52458 effective words/s
2026-03-05 11:23:20,800 - gensim.models.word2vec - INFO - EPOCH 9: training on 1000 raw words (99 effective words) took 0.0s, 189728 effective words/s
2026-03-05 11:23:20,803 - gensim.utils - INFO - Word2Vec lifecycle event {'msg': 'training on 10000 raw words (917 effective words) took 0.3s, 3605 effective words/s', 'datetime': '2026-03-05T11:23:20.803433', 'gensim': '4.4.0', 'python': '3.11.6 (tags/v3.11.6:8b6ee5b, Oct  2 2023, 14:57:12) [MSC v.1935 64 bit (AMD64)]', 'platform': 'Windows-10-10.0.26200-SP0', 'event': 'train'}
2026-03-05 11:23:20,803 - gensim.utils - INFO - Word2Vec lifecycle event {'params': 'Word2Vec<vocab=8, vector_size=50, alpha=0.025>', 'datetime': '2026-03-05T11:23:20.803433', 'gensim': '4.4.0', 'python': '3.11.6 (tags/v3.11.6:8b6ee5b, Oct  2 2023, 14:57:12) [MSC v.1935 64 bit (AMD64)]', 'platform': 'Windows-10-10.0.26200-SP0', 'event': 'created'}
2026-03-05 11:23:20,803 - gensim.utils - INFO - Word2Vec lifecycle event {'fname_or_handle': 'models/word2vec\\w2v_cbow_sz50_win5_ep10.model', 'separately': 'None', 'sep_limit': 10485760, 'ignore': frozenset(), 'datetime': '2026-03-05T11:23:20.803433', 'gensim': '4.4.0', 'python': '3.11.6 (tags/v3.11.6:8b6ee5b, Oct  2 2023, 14:57:12) [MSC v.1935 64 bit (AMD64)]', 'platform': 'Windows-10-10.0.26200-SP0', 'event': 'saving'}
2026-03-05 11:23:20,803 - gensim.utils - INFO - not storing attribute cum_table
2026-03-05 11:23:20,808 - gensim.utils - INFO - saved models/word2vec\w2v_cbow_sz50_win5_ep10.model
2026-03-05 11:23:20,808 - NLP_Project - INFO - Training w2v_cbow_sz50_win5_ep20...
2026-03-05 11:23:20,808 - gensim.models.word2vec - INFO - collecting all words and their counts
2026-03-05 11:23:20,808 - gensim.models.word2vec - INFO - PROGRESS: at sentence #0, processed 0 words, keeping 0 word types
2026-03-05 11:23:20,808 - gensim.models.word2vec - INFO - collected 8 word types from a corpus of 1000 raw words and 300 sentences
2026-03-05 11:23:20,808 - gensim.models.word2vec - INFO - Creating a fresh vocabulary
2026-03-05 11:23:20,808 - gensim.utils - INFO - Word2Vec lifecycle event {'msg': 'effective_min_count=5 retains 8 unique words (100.00% of original 8, drops 0)', 'datetime': '2026-03-05T11:23:20.808682', 'gensim': '4.4.0', 'python': '3.11.6 (tags/v3.11.6:8b6ee5b, Oct  2 2023, 14:57:12) [MSC v.1935 64 bit (AMD64)]', 'platform': 'Windows-10-10.0.26200-SP0', 'event': 'prepare_vocab'}
2026-03-05 11:23:20,813 - gensim.utils - INFO - Word2Vec lifecycle event {'msg': 'effective_min_count=5 leaves 1000 word corpus (100.00% of original 1000, drops 0)', 'datetime': '2026-03-05T11:23:20.813737', 'gensim': '4.4.0', 'python': '3.11.6 (tags/v3.11.6:8b6ee5b, Oct  2 2023, 14:57:12) [MSC v.1935 64 bit (AMD64)]', 'platform': 'Windows-10-10.0.26200-SP0', 'event': 'prepare_vocab'}
2026-03-05 11:23:20,813 - gensim.models.word2vec - INFO - deleting the raw counts dictionary of 8 items
2026-03-05 11:23:20,813 - gensim.models.word2vec - INFO - sample=0.001 downsamples 8 most-common words
2026-03-05 11:23:20,813 - gensim.utils - INFO - Word2Vec lifecycle event {'msg': 'downsampling leaves estimated 95.32050807568878 word corpus (9.5%% of prior 1000)', 'datetime': '2026-03-05T11:23:20.813737', 'gensim': '4.4.0', 'python': '3.11.6 (tags/v3.11.6:8b6ee5b, Oct  2 2023, 14:57:12) [MSC v.1935 64 bit (AMD64)]', 'platform': 'Windows-10-10.0.26200-SP0', 'event': 'prepare_vocab'}
2026-03-05 11:23:20,815 - gensim.models.word2vec - INFO - estimated required memory for 8 words and 50 dimensions: 7200 bytes
2026-03-05 11:23:20,815 - gensim.models.word2vec - INFO - resetting layer weights
2026-03-05 11:23:20,816 - gensim.utils - INFO - Word2Vec lifecycle event {'update': False, 'trim_rule': 'None', 'datetime': '2026-03-05T11:23:20.816151', 'gensim': '4.4.0', 'python': '3.11.6 (tags/v3.11.6:8b6ee5b, Oct  2 2023, 14:57:12) [MSC v.1935 64 bit (AMD64)]', 'platform': 'Windows-10-10.0.26200-SP0', 'event': 'build_vocab'}
2026-03-05 11:23:20,816 - gensim.utils - INFO - Word2Vec lifecycle event {'msg': 'training model with 16 workers on 8 vocabulary and 50 features, using sg=0 hs=0 sample=0.001 negative=5 window=5 shrink_windows=True', 'datetime': '2026-03-05T11:23:20.816151', 'gensim': '4.4.0', 'python': '3.11.6 (tags/v3.11.6:8b6ee5b, Oct  2 2023, 14:57:12) [MSC v.1935 64 bit (AMD64)]', 'platform': 'Windows-10-10.0.26200-SP0', 'event': 'train'}
2026-03-05 11:23:20,822 - gensim.models.word2vec - INFO - EPOCH 0: training on 1000 raw words (83 effective words) took 0.0s, 78258 effective words/s
2026-03-05 11:23:20,847 - gensim.models.word2vec - INFO - EPOCH 1: training on 1000 raw words (92 effective words) took 0.0s, 25081 effective words/s
2026-03-05 11:23:20,858 - gensim.models.word2vec - INFO - EPOCH 2: training on 1000 raw words (82 effective words) took 0.0s, 64359 effective words/s
2026-03-05 11:23:20,874 - gensim.models.word2vec - INFO - EPOCH 3: training on 1000 raw words (96 effective words) took 0.0s, 88033 effective words/s
2026-03-05 11:23:20,895 - gensim.models.word2vec - INFO - EPOCH 4: training on 1000 raw words (96 effective words) took 0.0s, 86385 effective words/s
2026-03-05 11:23:20,915 - gensim.models.word2vec - INFO - EPOCH 5: training on 1000 raw words (95 effective words) took 0.0s, 33182 effective words/s
2026-03-05 11:23:20,939 - gensim.models.word2vec - INFO - EPOCH 6: training on 1000 raw words (93 effective words) took 0.0s, 27084 effective words/s
2026-03-05 11:23:20,964 - gensim.models.word2vec - INFO - EPOCH 7: training on 1000 raw words (79 effective words) took 0.0s, 178491 effective words/s
2026-03-05 11:23:20,980 - gensim.models.word2vec - INFO - EPOCH 8: training on 1000 raw words (102 effective words) took 0.0s, 50724 effective words/s
2026-03-05 11:23:21,007 - gensim.models.word2vec - INFO - EPOCH 9: training on 1000 raw words (99 effective words) took 0.0s, 205736 effective words/s
2026-03-05 11:23:21,031 - gensim.models.word2vec - INFO - EPOCH 10: training on 1000 raw words (89 effective words) took 0.0s, 89863 effective words/s
2026-03-05 11:23:21,053 - gensim.models.word2vec - INFO - EPOCH 11: training on 1000 raw words (99 effective words) took 0.0s, 39614 effective words/s
2026-03-05 11:23:21,076 - gensim.models.word2vec - INFO - EPOCH 12: training on 1000 raw words (88 effective words) took 0.0s, 31362 effective words/s
2026-03-05 11:23:21,101 - gensim.models.word2vec - INFO - EPOCH 13: training on 1000 raw words (100 effective words) took 0.0s, 34452 effective words/s
2026-03-05 11:23:21,126 - gensim.models.word2vec - INFO - EPOCH 14: training on 1000 raw words (89 effective words) took 0.0s, 166386 effective words/s
2026-03-05 11:23:21,153 - gensim.models.word2vec - INFO - EPOCH 15: training on 1000 raw words (104 effective words) took 0.0s, 286580 effective words/s
2026-03-05 11:23:21,181 - gensim.models.word2vec - INFO - EPOCH 16: training on 1000 raw words (105 effective words) took 0.0s, 36181 effective words/s
2026-03-05 11:23:21,208 - gensim.models.word2vec - INFO - EPOCH 17: training on 1000 raw words (84 effective words) took 0.0s, 171045 effective words/s
2026-03-05 11:23:21,236 - gensim.models.word2vec - INFO - EPOCH 18: training on 1000 raw words (85 effective words) took 0.0s, 193138 effective words/s
2026-03-05 11:23:21,258 - gensim.models.word2vec - INFO - EPOCH 19: training on 1000 raw words (90 effective words) took 0.0s, 31822 effective words/s
2026-03-05 11:23:21,258 - gensim.utils - INFO - Word2Vec lifecycle event {'msg': 'training on 20000 raw words (1850 effective words) took 0.4s, 4128 effective words/s', 'datetime': '2026-03-05T11:23:21.258818', 'gensim': '4.4.0', 'python': '3.11.6 (tags/v3.11.6:8b6ee5b, Oct  2 2023, 14:57:12) [MSC v.1935 64 bit (AMD64)]', 'platform': 'Windows-10-10.0.26200-SP0', 'event': 'train'}
2026-03-05 11:23:21,258 - gensim.utils - INFO - Word2Vec lifecycle event {'params': 'Word2Vec<vocab=8, vector_size=50, alpha=0.025>', 'datetime': '2026-03-05T11:23:21.258818', 'gensim': '4.4.0', 'python': '3.11.6 (tags/v3.11.6:8b6ee5b, Oct  2 2023, 14:57:12) [MSC v.1935 64 bit (AMD64)]', 'platform': 'Windows-10-10.0.26200-SP0', 'event': 'created'}
2026-03-05 11:23:21,258 - gensim.utils - INFO - Word2Vec lifecycle event {'fname_or_handle': 'models/word2vec\\w2v_cbow_sz50_win5_ep20.model', 'separately': 'None', 'sep_limit': 10485760, 'ignore': frozenset(), 'datetime': '2026-03-05T11:23:21.258818', 'gensim': '4.4.0', 'python': '3.11.6 (tags/v3.11.6:8b6ee5b, Oct  2 2023, 14:57:12) [MSC v.1935 64 bit (AMD64)]', 'platform': 'Windows-10-10.0.26200-SP0', 'event': 'saving'}
2026-03-05 11:23:21,268 - gensim.utils - INFO - not storing attribute cum_table
2026-03-05 11:23:21,270 - gensim.utils - INFO - saved models/word2vec\w2v_cbow_sz50_win5_ep20.model
2026-03-05 11:23:21,270 - NLP_Project - INFO - Training w2v_skipgram_sz50_win5_ep5...
2026-03-05 11:23:21,270 - gensim.models.word2vec - INFO - collecting all words and their counts
2026-03-05 11:23:21,272 - gensim.models.word2vec - INFO - PROGRESS: at sentence #0, processed 0 words, keeping 0 word types
2026-03-05 11:23:21,272 - gensim.models.word2vec - INFO - collected 8 word types from a corpus of 1000 raw words and 300 sentences
2026-03-05 11:23:21,274 - gensim.models.word2vec - INFO - Creating a fresh vocabulary
2026-03-05 11:23:21,274 - gensim.utils - INFO - Word2Vec lifecycle event {'msg': 'effective_min_count=5 retains 8 unique words (100.00% of original 8, drops 0)', 'datetime': '2026-03-05T11:23:21.274105', 'gensim': '4.4.0', 'python': '3.11.6 (tags/v3.11.6:8b6ee5b, Oct  2 2023, 14:57:12) [MSC v.1935 64 bit (AMD64)]', 'platform': 'Windows-10-10.0.26200-SP0', 'event': 'prepare_vocab'}
2026-03-05 11:23:21,274 - gensim.utils - INFO - Word2Vec lifecycle event {'msg': 'effective_min_count=5 leaves 1000 word corpus (100.00% of original 1000, drops 0)', 'datetime': '2026-03-05T11:23:21.274105', 'gensim': '4.4.0', 'python': '3.11.6 (tags/v3.11.6:8b6ee5b, Oct  2 2023, 14:57:12) [MSC v.1935 64 bit (AMD64)]', 'platform': 'Windows-10-10.0.26200-SP0', 'event': 'prepare_vocab'}
2026-03-05 11:23:21,274 - gensim.models.word2vec - INFO - deleting the raw counts dictionary of 8 items
2026-03-05 11:23:21,274 - gensim.models.word2vec - INFO - sample=0.001 downsamples 8 most-common words
2026-03-05 11:23:21,279 - gensim.utils - INFO - Word2Vec lifecycle event {'msg': 'downsampling leaves estimated 95.32050807568878 word corpus (9.5%% of prior 1000)', 'datetime': '2026-03-05T11:23:21.279158', 'gensim': '4.4.0', 'python': '3.11.6 (tags/v3.11.6:8b6ee5b, Oct  2 2023, 14:57:12) [MSC v.1935 64 bit (AMD64)]', 'platform': 'Windows-10-10.0.26200-SP0', 'event': 'prepare_vocab'}
2026-03-05 11:23:21,279 - gensim.models.word2vec - INFO - estimated required memory for 8 words and 50 dimensions: 7200 bytes
2026-03-05 11:23:21,279 - gensim.models.word2vec - INFO - resetting layer weights
2026-03-05 11:23:21,280 - gensim.utils - INFO - Word2Vec lifecycle event {'update': False, 'trim_rule': 'None', 'datetime': '2026-03-05T11:23:21.280730', 'gensim': '4.4.0', 'python': '3.11.6 (tags/v3.11.6:8b6ee5b, Oct  2 2023, 14:57:12) [MSC v.1935 64 bit (AMD64)]', 'platform': 'Windows-10-10.0.26200-SP0', 'event': 'build_vocab'}
2026-03-05 11:23:21,281 - gensim.utils - INFO - Word2Vec lifecycle event {'msg': 'training model with 16 workers on 8 vocabulary and 50 features, using sg=1 hs=0 sample=0.001 negative=5 window=5 shrink_windows=True', 'datetime': '2026-03-05T11:23:21.281372', 'gensim': '4.4.0', 'python': '3.11.6 (tags/v3.11.6:8b6ee5b, Oct  2 2023, 14:57:12) [MSC v.1935 64 bit (AMD64)]', 'platform': 'Windows-10-10.0.26200-SP0', 'event': 'train'}
2026-03-05 11:23:21,301 - gensim.models.word2vec - INFO - EPOCH 0: training on 1000 raw words (83 effective words) took 0.0s, 180631 effective words/s
2026-03-05 11:23:21,324 - gensim.models.word2vec - INFO - EPOCH 1: training on 1000 raw words (92 effective words) took 0.0s, 24799 effective words/s
2026-03-05 11:23:21,358 - gensim.models.word2vec - INFO - EPOCH 2: training on 1000 raw words (82 effective words) took 0.0s, 21909 effective words/s
2026-03-05 11:23:21,386 - gensim.models.word2vec - INFO - EPOCH 3: training on 1000 raw words (96 effective words) took 0.0s, 26875 effective words/s
2026-03-05 11:23:21,432 - gensim.models.word2vec - INFO - EPOCH 4: training on 1000 raw words (96 effective words) took 0.0s, 24325 effective words/s
2026-03-05 11:23:21,434 - gensim.utils - INFO - Word2Vec lifecycle event {'msg': 'training on 5000 raw words (449 effective words) took 0.2s, 2940 effective words/s', 'datetime': '2026-03-05T11:23:21.432917', 'gensim': '4.4.0', 'python': '3.11.6 (tags/v3.11.6:8b6ee5b, Oct  2 2023, 14:57:12) [MSC v.1935 64 bit (AMD64)]', 'platform': 'Windows-10-10.0.26200-SP0', 'event': 'train'}
2026-03-05 11:23:21,434 - gensim.utils - INFO - Word2Vec lifecycle event {'params': 'Word2Vec<vocab=8, vector_size=50, alpha=0.025>', 'datetime': '2026-03-05T11:23:21.434950', 'gensim': '4.4.0', 'python': '3.11.6 (tags/v3.11.6:8b6ee5b, Oct  2 2023, 14:57:12) [MSC v.1935 64 bit (AMD64)]', 'platform': 'Windows-10-10.0.26200-SP0', 'event': 'created'}
2026-03-05 11:23:21,434 - gensim.utils - INFO - Word2Vec lifecycle event {'fname_or_handle': 'models/word2vec\\w2v_skipgram_sz50_win5_ep5.model', 'separately': 'None', 'sep_limit': 10485760, 'ignore': frozenset(), 'datetime': '2026-03-05T11:23:21.434950', 'gensim': '4.4.0', 'python': '3.11.6 (tags/v3.11.6:8b6ee5b, Oct  2 2023, 14:57:12) [MSC v.1935 64 bit (AMD64)]', 'platform': 'Windows-10-10.0.26200-SP0', 'event': 'saving'}
2026-03-05 11:23:21,436 - gensim.utils - INFO - not storing attribute cum_table
2026-03-05 11:23:21,440 - gensim.utils - INFO - saved models/word2vec\w2v_skipgram_sz50_win5_ep5.model
2026-03-05 11:23:21,443 - NLP_Project - INFO - Training w2v_skipgram_sz50_win5_ep10...
2026-03-05 11:23:21,445 - gensim.models.word2vec - INFO - collecting all words and their counts
2026-03-05 11:23:21,445 - gensim.models.word2vec - INFO - PROGRESS: at sentence #0, processed 0 words, keeping 0 word types
2026-03-05 11:23:21,446 - gensim.models.word2vec - INFO - collected 8 word types from a corpus of 1000 raw words and 300 sentences
2026-03-05 11:23:21,446 - gensim.models.word2vec - INFO - Creating a fresh vocabulary
2026-03-05 11:23:21,446 - gensim.utils - INFO - Word2Vec lifecycle event {'msg': 'effective_min_count=5 retains 8 unique words (100.00% of original 8, drops 0)', 'datetime': '2026-03-05T11:23:21.446901', 'gensim': '4.4.0', 'python': '3.11.6 (tags/v3.11.6:8b6ee5b, Oct  2 2023, 14:57:12) [MSC v.1935 64 bit (AMD64)]', 'platform': 'Windows-10-10.0.26200-SP0', 'event': 'prepare_vocab'}
2026-03-05 11:23:21,449 - gensim.utils - INFO - Word2Vec lifecycle event {'msg': 'effective_min_count=5 leaves 1000 word corpus (100.00% of original 1000, drops 0)', 'datetime': '2026-03-05T11:23:21.449712', 'gensim': '4.4.0', 'python': '3.11.6 (tags/v3.11.6:8b6ee5b, Oct  2 2023, 14:57:12) [MSC v.1935 64 bit (AMD64)]', 'platform': 'Windows-10-10.0.26200-SP0', 'event': 'prepare_vocab'}
2026-03-05 11:23:21,449 - gensim.models.word2vec - INFO - deleting the raw counts dictionary of 8 items
2026-03-05 11:23:21,451 - gensim.models.word2vec - INFO - sample=0.001 downsamples 8 most-common words
2026-03-05 11:23:21,451 - gensim.utils - INFO - Word2Vec lifecycle event {'msg': 'downsampling leaves estimated 95.32050807568878 word corpus (9.5%% of prior 1000)', 'datetime': '2026-03-05T11:23:21.451731', 'gensim': '4.4.0', 'python': '3.11.6 (tags/v3.11.6:8b6ee5b, Oct  2 2023, 14:57:12) [MSC v.1935 64 bit (AMD64)]', 'platform': 'Windows-10-10.0.26200-SP0', 'event': 'prepare_vocab'}
2026-03-05 11:23:21,453 - gensim.models.word2vec - INFO - estimated required memory for 8 words and 50 dimensions: 7200 bytes
2026-03-05 11:23:21,453 - gensim.models.word2vec - INFO - resetting layer weights
2026-03-05 11:23:21,455 - gensim.utils - INFO - Word2Vec lifecycle event {'update': False, 'trim_rule': 'None', 'datetime': '2026-03-05T11:23:21.455917', 'gensim': '4.4.0', 'python': '3.11.6 (tags/v3.11.6:8b6ee5b, Oct  2 2023, 14:57:12) [MSC v.1935 64 bit (AMD64)]', 'platform': 'Windows-10-10.0.26200-SP0', 'event': 'build_vocab'}
2026-03-05 11:23:21,456 - gensim.utils - INFO - Word2Vec lifecycle event {'msg': 'training model with 16 workers on 8 vocabulary and 50 features, using sg=1 hs=0 sample=0.001 negative=5 window=5 shrink_windows=True', 'datetime': '2026-03-05T11:23:21.456965', 'gensim': '4.4.0', 'python': '3.11.6 (tags/v3.11.6:8b6ee5b, Oct  2 2023, 14:57:12) [MSC v.1935 64 bit (AMD64)]', 'platform': 'Windows-10-10.0.26200-SP0', 'event': 'train'}
2026-03-05 11:23:21,489 - gensim.models.word2vec - INFO - EPOCH 0: training on 1000 raw words (83 effective words) took 0.0s, 31231 effective words/s
2026-03-05 11:23:21,508 - gensim.models.word2vec - INFO - EPOCH 1: training on 1000 raw words (92 effective words) took 0.0s, 230230 effective words/s
2026-03-05 11:23:21,535 - gensim.models.word2vec - INFO - EPOCH 2: training on 1000 raw words (82 effective words) took 0.0s, 339404 effective words/s
2026-03-05 11:23:21,547 - gensim.models.word2vec - INFO - EPOCH 3: training on 1000 raw words (96 effective words) took 0.0s, 54926 effective words/s
2026-03-05 11:23:21,585 - gensim.models.word2vec - INFO - EPOCH 4: training on 1000 raw words (96 effective words) took 0.0s, 29709 effective words/s
2026-03-05 11:23:21,618 - gensim.models.word2vec - INFO - EPOCH 5: training on 1000 raw words (95 effective words) took 0.0s, 47144 effective words/s
2026-03-05 11:23:21,647 - gensim.models.word2vec - INFO - EPOCH 6: training on 1000 raw words (93 effective words) took 0.0s, 27006 effective words/s
2026-03-05 11:23:21,681 - gensim.models.word2vec - INFO - EPOCH 7: training on 1000 raw words (79 effective words) took 0.0s, 1184408 effective words/s
2026-03-05 11:23:21,713 - gensim.models.word2vec - INFO - EPOCH 8: training on 1000 raw words (102 effective words) took 0.0s, 142359 effective words/s
2026-03-05 11:23:21,747 - gensim.models.word2vec - INFO - EPOCH 9: training on 1000 raw words (99 effective words) took 0.0s, 228585 effective words/s
2026-03-05 11:23:21,747 - gensim.utils - INFO - Word2Vec lifecycle event {'msg': 'training on 10000 raw words (917 effective words) took 0.3s, 3162 effective words/s', 'datetime': '2026-03-05T11:23:21.747098', 'gensim': '4.4.0', 'python': '3.11.6 (tags/v3.11.6:8b6ee5b, Oct  2 2023, 14:57:12) [MSC v.1935 64 bit (AMD64)]', 'platform': 'Windows-10-10.0.26200-SP0', 'event': 'train'}
2026-03-05 11:23:21,747 - gensim.utils - INFO - Word2Vec lifecycle event {'params': 'Word2Vec<vocab=8, vector_size=50, alpha=0.025>', 'datetime': '2026-03-05T11:23:21.747098', 'gensim': '4.4.0', 'python': '3.11.6 (tags/v3.11.6:8b6ee5b, Oct  2 2023, 14:57:12) [MSC v.1935 64 bit (AMD64)]', 'platform': 'Windows-10-10.0.26200-SP0', 'event': 'created'}
2026-03-05 11:23:21,747 - gensim.utils - INFO - Word2Vec lifecycle event {'fname_or_handle': 'models/word2vec\\w2v_skipgram_sz50_win5_ep10.model', 'separately': 'None', 'sep_limit': 10485760, 'ignore': frozenset(), 'datetime': '2026-03-05T11:23:21.747098', 'gensim': '4.4.0', 'python': '3.11.6 (tags/v3.11.6:8b6ee5b, Oct  2 2023, 14:57:12) [MSC v.1935 64 bit (AMD64)]', 'platform': 'Windows-10-10.0.26200-SP0', 'event': 'saving'}
2026-03-05 11:23:21,751 - gensim.utils - INFO - not storing attribute cum_table
2026-03-05 11:23:21,753 - gensim.utils - INFO - saved models/word2vec\w2v_skipgram_sz50_win5_ep10.model
2026-03-05 11:23:21,753 - NLP_Project - INFO - Training w2v_skipgram_sz50_win5_ep20...
2026-03-05 11:23:21,753 - gensim.models.word2vec - INFO - collecting all words and their counts
2026-03-05 11:23:21,755 - gensim.models.word2vec - INFO - PROGRESS: at sentence #0, processed 0 words, keeping 0 word types
2026-03-05 11:23:21,756 - gensim.models.word2vec - INFO - collected 8 word types from a corpus of 1000 raw words and 300 sentences
2026-03-05 11:23:21,757 - gensim.models.word2vec - INFO - Creating a fresh vocabulary
2026-03-05 11:23:21,757 - gensim.utils - INFO - Word2Vec lifecycle event {'msg': 'effective_min_count=5 retains 8 unique words (100.00% of original 8, drops 0)', 'datetime': '2026-03-05T11:23:21.757841', 'gensim': '4.4.0', 'python': '3.11.6 (tags/v3.11.6:8b6ee5b, Oct  2 2023, 14:57:12) [MSC v.1935 64 bit (AMD64)]', 'platform': 'Windows-10-10.0.26200-SP0', 'event': 'prepare_vocab'}
2026-03-05 11:23:21,758 - gensim.utils - INFO - Word2Vec lifecycle event {'msg': 'effective_min_count=5 leaves 1000 word corpus (100.00% of original 1000, drops 0)', 'datetime': '2026-03-05T11:23:21.758855', 'gensim': '4.4.0', 'python': '3.11.6 (tags/v3.11.6:8b6ee5b, Oct  2 2023, 14:57:12) [MSC v.1935 64 bit (AMD64)]', 'platform': 'Windows-10-10.0.26200-SP0', 'event': 'prepare_vocab'}
2026-03-05 11:23:21,758 - gensim.models.word2vec - INFO - deleting the raw counts dictionary of 8 items
2026-03-05 11:23:21,758 - gensim.models.word2vec - INFO - sample=0.001 downsamples 8 most-common words
2026-03-05 11:23:21,758 - gensim.utils - INFO - Word2Vec lifecycle event {'msg': 'downsampling leaves estimated 95.32050807568878 word corpus (9.5%% of prior 1000)', 'datetime': '2026-03-05T11:23:21.758855', 'gensim': '4.4.0', 'python': '3.11.6 (tags/v3.11.6:8b6ee5b, Oct  2 2023, 14:57:12) [MSC v.1935 64 bit (AMD64)]', 'platform': 'Windows-10-10.0.26200-SP0', 'event': 'prepare_vocab'}
2026-03-05 11:23:21,758 - gensim.models.word2vec - INFO - estimated required memory for 8 words and 50 dimensions: 7200 bytes
2026-03-05 11:23:21,758 - gensim.models.word2vec - INFO - resetting layer weights
2026-03-05 11:23:21,758 - gensim.utils - INFO - Word2Vec lifecycle event {'update': False, 'trim_rule': 'None', 'datetime': '2026-03-05T11:23:21.758855', 'gensim': '4.4.0', 'python': '3.11.6 (tags/v3.11.6:8b6ee5b, Oct  2 2023, 14:57:12) [MSC v.1935 64 bit (AMD64)]', 'platform': 'Windows-10-10.0.26200-SP0', 'event': 'build_vocab'}
2026-03-05 11:23:21,758 - gensim.utils - INFO - Word2Vec lifecycle event {'msg': 'training model with 16 workers on 8 vocabulary and 50 features, using sg=1 hs=0 sample=0.001 negative=5 window=5 shrink_windows=True', 'datetime': '2026-03-05T11:23:21.758855', 'gensim': '4.4.0', 'python': '3.11.6 (tags/v3.11.6:8b6ee5b, Oct  2 2023, 14:57:12) [MSC v.1935 64 bit (AMD64)]', 'platform': 'Windows-10-10.0.26200-SP0', 'event': 'train'}
2026-03-05 11:23:21,790 - gensim.models.word2vec - INFO - EPOCH 0: training on 1000 raw words (83 effective words) took 0.0s, 24561 effective words/s
2026-03-05 11:23:21,813 - gensim.models.word2vec - INFO - EPOCH 1: training on 1000 raw words (92 effective words) took 0.0s, 33627 effective words/s
2026-03-05 11:23:21,838 - gensim.models.word2vec - INFO - EPOCH 2: training on 1000 raw words (82 effective words) took 0.0s, 32275 effective words/s
2026-03-05 11:23:21,866 - gensim.models.word2vec - INFO - EPOCH 3: training on 1000 raw words (96 effective words) took 0.0s, 29016 effective words/s
2026-03-05 11:23:21,891 - gensim.models.word2vec - INFO - EPOCH 4: training on 1000 raw words (96 effective words) took 0.0s, 26970 effective words/s
2026-03-05 11:23:21,918 - gensim.models.word2vec - INFO - EPOCH 5: training on 1000 raw words (95 effective words) took 0.0s, 40864 effective words/s
2026-03-05 11:23:21,947 - gensim.models.word2vec - INFO - EPOCH 6: training on 1000 raw words (93 effective words) took 0.0s, 29150 effective words/s
2026-03-05 11:23:21,974 - gensim.models.word2vec - INFO - EPOCH 7: training on 1000 raw words (79 effective words) took 0.0s, 101139 effective words/s
2026-03-05 11:23:22,003 - gensim.models.word2vec - INFO - EPOCH 8: training on 1000 raw words (102 effective words) took 0.0s, 145902 effective words/s
2026-03-05 11:23:22,024 - gensim.models.word2vec - INFO - EPOCH 9: training on 1000 raw words (99 effective words) took 0.0s, 126826 effective words/s
2026-03-05 11:23:22,053 - gensim.models.word2vec - INFO - EPOCH 10: training on 1000 raw words (89 effective words) took 0.0s, 249509 effective words/s
2026-03-05 11:23:22,080 - gensim.models.word2vec - INFO - EPOCH 11: training on 1000 raw words (99 effective words) took 0.0s, 224898 effective words/s
2026-03-05 11:23:22,106 - gensim.models.word2vec - INFO - EPOCH 12: training on 1000 raw words (88 effective words) took 0.0s, 33571 effective words/s
2026-03-05 11:23:22,130 - gensim.models.word2vec - INFO - EPOCH 13: training on 1000 raw words (100 effective words) took 0.0s, 291121 effective words/s
2026-03-05 11:23:22,158 - gensim.models.word2vec - INFO - EPOCH 14: training on 1000 raw words (89 effective words) took 0.0s, 28295 effective words/s
2026-03-05 11:23:22,188 - gensim.models.word2vec - INFO - EPOCH 15: training on 1000 raw words (104 effective words) took 0.0s, 32686 effective words/s
2026-03-05 11:23:22,208 - gensim.models.word2vec - INFO - EPOCH 16: training on 1000 raw words (105 effective words) took 0.0s, 36913 effective words/s
2026-03-05 11:23:22,241 - gensim.models.word2vec - INFO - EPOCH 17: training on 1000 raw words (84 effective words) took 0.0s, 25336 effective words/s
2026-03-05 11:23:22,267 - gensim.models.word2vec - INFO - EPOCH 18: training on 1000 raw words (85 effective words) took 0.0s, 30225 effective words/s
2026-03-05 11:23:22,295 - gensim.models.word2vec - INFO - EPOCH 19: training on 1000 raw words (90 effective words) took 0.0s, 217707 effective words/s
2026-03-05 11:23:22,295 - gensim.utils - INFO - Word2Vec lifecycle event {'msg': 'training on 20000 raw words (1850 effective words) took 0.5s, 3485 effective words/s', 'datetime': '2026-03-05T11:23:22.295388', 'gensim': '4.4.0', 'python': '3.11.6 (tags/v3.11.6:8b6ee5b, Oct  2 2023, 14:57:12) [MSC v.1935 64 bit (AMD64)]', 'platform': 'Windows-10-10.0.26200-SP0', 'event': 'train'}
2026-03-05 11:23:22,297 - gensim.utils - INFO - Word2Vec lifecycle event {'params': 'Word2Vec<vocab=8, vector_size=50, alpha=0.025>', 'datetime': '2026-03-05T11:23:22.297012', 'gensim': '4.4.0', 'python': '3.11.6 (tags/v3.11.6:8b6ee5b, Oct  2 2023, 14:57:12) [MSC v.1935 64 bit (AMD64)]', 'platform': 'Windows-10-10.0.26200-SP0', 'event': 'created'}
2026-03-05 11:23:22,297 - gensim.utils - INFO - Word2Vec lifecycle event {'fname_or_handle': 'models/word2vec\\w2v_skipgram_sz50_win5_ep20.model', 'separately': 'None', 'sep_limit': 10485760, 'ignore': frozenset(), 'datetime': '2026-03-05T11:23:22.297891', 'gensim': '4.4.0', 'python': '3.11.6 (tags/v3.11.6:8b6ee5b, Oct  2 2023, 14:57:12) [MSC v.1935 64 bit (AMD64)]', 'platform': 'Windows-10-10.0.26200-SP0', 'event': 'saving'}
2026-03-05 11:23:22,298 - gensim.utils - INFO - not storing attribute cum_table
2026-03-05 11:23:22,298 - gensim.utils - INFO - saved models/word2vec\w2v_skipgram_sz50_win5_ep20.model
2026-03-05 11:23:22,298 - NLP_Project - INFO - Training w2v_cbow_sz50_win10_ep5...
2026-03-05 11:23:22,298 - gensim.models.word2vec - INFO - collecting all words and their counts
2026-03-05 11:23:22,298 - gensim.models.word2vec - INFO - PROGRESS: at sentence #0, processed 0 words, keeping 0 word types
2026-03-05 11:23:22,303 - gensim.models.word2vec - INFO - collected 8 word types from a corpus of 1000 raw words and 300 sentences
2026-03-05 11:23:22,303 - gensim.models.word2vec - INFO - Creating a fresh vocabulary
2026-03-05 11:23:22,303 - gensim.utils - INFO - Word2Vec lifecycle event {'msg': 'effective_min_count=5 retains 8 unique words (100.00% of original 8, drops 0)', 'datetime': '2026-03-05T11:23:22.303916', 'gensim': '4.4.0', 'python': '3.11.6 (tags/v3.11.6:8b6ee5b, Oct  2 2023, 14:57:12) [MSC v.1935 64 bit (AMD64)]', 'platform': 'Windows-10-10.0.26200-SP0', 'event': 'prepare_vocab'}
2026-03-05 11:23:22,305 - gensim.utils - INFO - Word2Vec lifecycle event {'msg': 'effective_min_count=5 leaves 1000 word corpus (100.00% of original 1000, drops 0)', 'datetime': '2026-03-05T11:23:22.303916', 'gensim': '4.4.0', 'python': '3.11.6 (tags/v3.11.6:8b6ee5b, Oct  2 2023, 14:57:12) [MSC v.1935 64 bit (AMD64)]', 'platform': 'Windows-10-10.0.26200-SP0', 'event': 'prepare_vocab'}
2026-03-05 11:23:22,305 - gensim.models.word2vec - INFO - deleting the raw counts dictionary of 8 items
2026-03-05 11:23:22,305 - gensim.models.word2vec - INFO - sample=0.001 downsamples 8 most-common words
2026-03-05 11:23:22,306 - gensim.utils - INFO - Word2Vec lifecycle event {'msg': 'downsampling leaves estimated 95.32050807568878 word corpus (9.5%% of prior 1000)', 'datetime': '2026-03-05T11:23:22.306750', 'gensim': '4.4.0', 'python': '3.11.6 (tags/v3.11.6:8b6ee5b, Oct  2 2023, 14:57:12) [MSC v.1935 64 bit (AMD64)]', 'platform': 'Windows-10-10.0.26200-SP0', 'event': 'prepare_vocab'}
2026-03-05 11:23:22,307 - gensim.models.word2vec - INFO - estimated required memory for 8 words and 50 dimensions: 7200 bytes
2026-03-05 11:23:22,307 - gensim.models.word2vec - INFO - resetting layer weights
2026-03-05 11:23:22,308 - gensim.utils - INFO - Word2Vec lifecycle event {'update': False, 'trim_rule': 'None', 'datetime': '2026-03-05T11:23:22.308773', 'gensim': '4.4.0', 'python': '3.11.6 (tags/v3.11.6:8b6ee5b, Oct  2 2023, 14:57:12) [MSC v.1935 64 bit (AMD64)]', 'platform': 'Windows-10-10.0.26200-SP0', 'event': 'build_vocab'}
2026-03-05 11:23:22,308 - gensim.utils - INFO - Word2Vec lifecycle event {'msg': 'training model with 16 workers on 8 vocabulary and 50 features, using sg=0 hs=0 sample=0.001 negative=5 window=10 shrink_windows=True', 'datetime': '2026-03-05T11:23:22.308773', 'gensim': '4.4.0', 'python': '3.11.6 (tags/v3.11.6:8b6ee5b, Oct  2 2023, 14:57:12) [MSC v.1935 64 bit (AMD64)]', 'platform': 'Windows-10-10.0.26200-SP0', 'event': 'train'}
2026-03-05 11:23:22,331 - gensim.models.word2vec - INFO - EPOCH 0: training on 1000 raw words (83 effective words) took 0.0s, 23842 effective words/s
2026-03-05 11:23:22,357 - gensim.models.word2vec - INFO - EPOCH 1: training on 1000 raw words (99 effective words) took 0.0s, 24662 effective words/s
2026-03-05 11:23:22,381 - gensim.models.word2vec - INFO - EPOCH 2: training on 1000 raw words (111 effective words) took 0.0s, 41690 effective words/s
2026-03-05 11:23:22,408 - gensim.models.word2vec - INFO - EPOCH 3: training on 1000 raw words (99 effective words) took 0.0s, 30856 effective words/s
2026-03-05 11:23:22,436 - gensim.models.word2vec - INFO - EPOCH 4: training on 1000 raw words (103 effective words) took 0.0s, 35273 effective words/s
2026-03-05 11:23:22,436 - gensim.utils - INFO - Word2Vec lifecycle event {'msg': 'training on 5000 raw words (495 effective words) took 0.1s, 3892 effective words/s', 'datetime': '2026-03-05T11:23:22.436649', 'gensim': '4.4.0', 'python': '3.11.6 (tags/v3.11.6:8b6ee5b, Oct  2 2023, 14:57:12) [MSC v.1935 64 bit (AMD64)]', 'platform': 'Windows-10-10.0.26200-SP0', 'event': 'train'}
2026-03-05 11:23:22,436 - gensim.utils - INFO - Word2Vec lifecycle event {'params': 'Word2Vec<vocab=8, vector_size=50, alpha=0.025>', 'datetime': '2026-03-05T11:23:22.436649', 'gensim': '4.4.0', 'python': '3.11.6 (tags/v3.11.6:8b6ee5b, Oct  2 2023, 14:57:12) [MSC v.1935 64 bit (AMD64)]', 'platform': 'Windows-10-10.0.26200-SP0', 'event': 'created'}
2026-03-05 11:23:22,436 - gensim.utils - INFO - Word2Vec lifecycle event {'fname_or_handle': 'models/word2vec\\w2v_cbow_sz50_win10_ep5.model', 'separately': 'None', 'sep_limit': 10485760, 'ignore': frozenset(), 'datetime': '2026-03-05T11:23:22.436649', 'gensim': '4.4.0', 'python': '3.11.6 (tags/v3.11.6:8b6ee5b, Oct  2 2023, 14:57:12) [MSC v.1935 64 bit (AMD64)]', 'platform': 'Windows-10-10.0.26200-SP0', 'event': 'saving'}
2026-03-05 11:23:22,440 - gensim.utils - INFO - not storing attribute cum_table
2026-03-05 11:23:22,440 - gensim.utils - INFO - saved models/word2vec\w2v_cbow_sz50_win10_ep5.model
2026-03-05 11:23:22,440 - NLP_Project - INFO - Training w2v_cbow_sz50_win10_ep10...
2026-03-05 11:23:22,445 - gensim.models.word2vec - INFO - collecting all words and their counts
2026-03-05 11:23:22,445 - gensim.models.word2vec - INFO - PROGRESS: at sentence #0, processed 0 words, keeping 0 word types
2026-03-05 11:23:22,445 - gensim.models.word2vec - INFO - collected 8 word types from a corpus of 1000 raw words and 300 sentences
2026-03-05 11:23:22,446 - gensim.models.word2vec - INFO - Creating a fresh vocabulary
2026-03-05 11:23:22,447 - gensim.utils - INFO - Word2Vec lifecycle event {'msg': 'effective_min_count=5 retains 8 unique words (100.00% of original 8, drops 0)', 'datetime': '2026-03-05T11:23:22.447408', 'gensim': '4.4.0', 'python': '3.11.6 (tags/v3.11.6:8b6ee5b, Oct  2 2023, 14:57:12) [MSC v.1935 64 bit (AMD64)]', 'platform': 'Windows-10-10.0.26200-SP0', 'event': 'prepare_vocab'}
2026-03-05 11:23:22,447 - gensim.utils - INFO - Word2Vec lifecycle event {'msg': 'effective_min_count=5 leaves 1000 word corpus (100.00% of original 1000, drops 0)', 'datetime': '2026-03-05T11:23:22.447408', 'gensim': '4.4.0', 'python': '3.11.6 (tags/v3.11.6:8b6ee5b, Oct  2 2023, 14:57:12) [MSC v.1935 64 bit (AMD64)]', 'platform': 'Windows-10-10.0.26200-SP0', 'event': 'prepare_vocab'}
2026-03-05 11:23:22,447 - gensim.models.word2vec - INFO - deleting the raw counts dictionary of 8 items
2026-03-05 11:23:22,447 - gensim.models.word2vec - INFO - sample=0.001 downsamples 8 most-common words
2026-03-05 11:23:22,447 - gensim.utils - INFO - Word2Vec lifecycle event {'msg': 'downsampling leaves estimated 95.32050807568878 word corpus (9.5%% of prior 1000)', 'datetime': '2026-03-05T11:23:22.447408', 'gensim': '4.4.0', 'python': '3.11.6 (tags/v3.11.6:8b6ee5b, Oct  2 2023, 14:57:12) [MSC v.1935 64 bit (AMD64)]', 'platform': 'Windows-10-10.0.26200-SP0', 'event': 'prepare_vocab'}
2026-03-05 11:23:22,447 - gensim.models.word2vec - INFO - estimated required memory for 8 words and 50 dimensions: 7200 bytes
2026-03-05 11:23:22,450 - gensim.models.word2vec - INFO - resetting layer weights
2026-03-05 11:23:22,451 - gensim.utils - INFO - Word2Vec lifecycle event {'update': False, 'trim_rule': 'None', 'datetime': '2026-03-05T11:23:22.451400', 'gensim': '4.4.0', 'python': '3.11.6 (tags/v3.11.6:8b6ee5b, Oct  2 2023, 14:57:12) [MSC v.1935 64 bit (AMD64)]', 'platform': 'Windows-10-10.0.26200-SP0', 'event': 'build_vocab'}
2026-03-05 11:23:22,451 - gensim.utils - INFO - Word2Vec lifecycle event {'msg': 'training model with 16 workers on 8 vocabulary and 50 features, using sg=0 hs=0 sample=0.001 negative=5 window=10 shrink_windows=True', 'datetime': '2026-03-05T11:23:22.451400', 'gensim': '4.4.0', 'python': '3.11.6 (tags/v3.11.6:8b6ee5b, Oct  2 2023, 14:57:12) [MSC v.1935 64 bit (AMD64)]', 'platform': 'Windows-10-10.0.26200-SP0', 'event': 'train'}
2026-03-05 11:23:22,472 - gensim.models.word2vec - INFO - EPOCH 0: training on 1000 raw words (83 effective words) took 0.0s, 239607 effective words/s
2026-03-05 11:23:22,497 - gensim.models.word2vec - INFO - EPOCH 1: training on 1000 raw words (99 effective words) took 0.0s, 36475 effective words/s
2026-03-05 11:23:22,524 - gensim.models.word2vec - INFO - EPOCH 2: training on 1000 raw words (111 effective words) took 0.0s, 42521 effective words/s
2026-03-05 11:23:22,554 - gensim.models.word2vec - INFO - EPOCH 3: training on 1000 raw words (99 effective words) took 0.0s, 34781 effective words/s
2026-03-05 11:23:22,580 - gensim.models.word2vec - INFO - EPOCH 4: training on 1000 raw words (103 effective words) took 0.0s, 36963 effective words/s
2026-03-05 11:23:22,607 - gensim.models.word2vec - INFO - EPOCH 5: training on 1000 raw words (98 effective words) took 0.0s, 138379 effective words/s
2026-03-05 11:23:22,634 - gensim.models.word2vec - INFO - EPOCH 6: training on 1000 raw words (94 effective words) took 0.0s, 31082 effective words/s
2026-03-05 11:23:22,659 - gensim.models.word2vec - INFO - EPOCH 7: training on 1000 raw words (99 effective words) took 0.0s, 30468 effective words/s
2026-03-05 11:23:22,695 - gensim.models.word2vec - INFO - EPOCH 8: training on 1000 raw words (97 effective words) took 0.0s, 31070 effective words/s
2026-03-05 11:23:22,724 - gensim.models.word2vec - INFO - EPOCH 9: training on 1000 raw words (89 effective words) took 0.0s, 29669 effective words/s
2026-03-05 11:23:22,724 - gensim.utils - INFO - Word2Vec lifecycle event {'msg': 'training on 10000 raw words (972 effective words) took 0.3s, 3518 effective words/s', 'datetime': '2026-03-05T11:23:22.724592', 'gensim': '4.4.0', 'python': '3.11.6 (tags/v3.11.6:8b6ee5b, Oct  2 2023, 14:57:12) [MSC v.1935 64 bit (AMD64)]', 'platform': 'Windows-10-10.0.26200-SP0', 'event': 'train'}
2026-03-05 11:23:22,724 - gensim.utils - INFO - Word2Vec lifecycle event {'params': 'Word2Vec<vocab=8, vector_size=50, alpha=0.025>', 'datetime': '2026-03-05T11:23:22.724592', 'gensim': '4.4.0', 'python': '3.11.6 (tags/v3.11.6:8b6ee5b, Oct  2 2023, 14:57:12) [MSC v.1935 64 bit (AMD64)]', 'platform': 'Windows-10-10.0.26200-SP0', 'event': 'created'}
2026-03-05 11:23:22,724 - gensim.utils - INFO - Word2Vec lifecycle event {'fname_or_handle': 'models/word2vec\\w2v_cbow_sz50_win10_ep10.model', 'separately': 'None', 'sep_limit': 10485760, 'ignore': frozenset(), 'datetime': '2026-03-05T11:23:22.724592', 'gensim': '4.4.0', 'python': '3.11.6 (tags/v3.11.6:8b6ee5b, Oct  2 2023, 14:57:12) [MSC v.1935 64 bit (AMD64)]', 'platform': 'Windows-10-10.0.26200-SP0', 'event': 'saving'}
2026-03-05 11:23:22,730 - gensim.utils - INFO - not storing attribute cum_table
2026-03-05 11:23:22,733 - gensim.utils - INFO - saved models/word2vec\w2v_cbow_sz50_win10_ep10.model
2026-03-05 11:23:22,733 - NLP_Project - INFO - Training w2v_cbow_sz50_win10_ep20...
2026-03-05 11:23:22,735 - gensim.models.word2vec - INFO - collecting all words and their counts
2026-03-05 11:23:22,735 - gensim.models.word2vec - INFO - PROGRESS: at sentence #0, processed 0 words, keeping 0 word types
2026-03-05 11:23:22,737 - gensim.models.word2vec - INFO - collected 8 word types from a corpus of 1000 raw words and 300 sentences
2026-03-05 11:23:22,737 - gensim.models.word2vec - INFO - Creating a fresh vocabulary
2026-03-05 11:23:22,738 - gensim.utils - INFO - Word2Vec lifecycle event {'msg': 'effective_min_count=5 retains 8 unique words (100.00% of original 8, drops 0)', 'datetime': '2026-03-05T11:23:22.738079', 'gensim': '4.4.0', 'python': '3.11.6 (tags/v3.11.6:8b6ee5b, Oct  2 2023, 14:57:12) [MSC v.1935 64 bit (AMD64)]', 'platform': 'Windows-10-10.0.26200-SP0', 'event': 'prepare_vocab'}
2026-03-05 11:23:22,738 - gensim.utils - INFO - Word2Vec lifecycle event {'msg': 'effective_min_count=5 leaves 1000 word corpus (100.00% of original 1000, drops 0)', 'datetime': '2026-03-05T11:23:22.738079', 'gensim': '4.4.0', 'python': '3.11.6 (tags/v3.11.6:8b6ee5b, Oct  2 2023, 14:57:12) [MSC v.1935 64 bit (AMD64)]', 'platform': 'Windows-10-10.0.26200-SP0', 'event': 'prepare_vocab'}
2026-03-05 11:23:22,738 - gensim.models.word2vec - INFO - deleting the raw counts dictionary of 8 items
2026-03-05 11:23:22,738 - gensim.models.word2vec - INFO - sample=0.001 downsamples 8 most-common words
2026-03-05 11:23:22,740 - gensim.utils - INFO - Word2Vec lifecycle event {'msg': 'downsampling leaves estimated 95.32050807568878 word corpus (9.5%% of prior 1000)', 'datetime': '2026-03-05T11:23:22.740165', 'gensim': '4.4.0', 'python': '3.11.6 (tags/v3.11.6:8b6ee5b, Oct  2 2023, 14:57:12) [MSC v.1935 64 bit (AMD64)]', 'platform': 'Windows-10-10.0.26200-SP0', 'event': 'prepare_vocab'}
2026-03-05 11:23:22,740 - gensim.models.word2vec - INFO - estimated required memory for 8 words and 50 dimensions: 7200 bytes
2026-03-05 11:23:22,741 - gensim.models.word2vec - INFO - resetting layer weights
2026-03-05 11:23:22,741 - gensim.utils - INFO - Word2Vec lifecycle event {'update': False, 'trim_rule': 'None', 'datetime': '2026-03-05T11:23:22.741257', 'gensim': '4.4.0', 'python': '3.11.6 (tags/v3.11.6:8b6ee5b, Oct  2 2023, 14:57:12) [MSC v.1935 64 bit (AMD64)]', 'platform': 'Windows-10-10.0.26200-SP0', 'event': 'build_vocab'}
2026-03-05 11:23:22,741 - gensim.utils - INFO - Word2Vec lifecycle event {'msg': 'training model with 16 workers on 8 vocabulary and 50 features, using sg=0 hs=0 sample=0.001 negative=5 window=10 shrink_windows=True', 'datetime': '2026-03-05T11:23:22.741257', 'gensim': '4.4.0', 'python': '3.11.6 (tags/v3.11.6:8b6ee5b, Oct  2 2023, 14:57:12) [MSC v.1935 64 bit (AMD64)]', 'platform': 'Windows-10-10.0.26200-SP0', 'event': 'train'}
2026-03-05 11:23:22,761 - gensim.models.word2vec - INFO - EPOCH 0: training on 1000 raw words (83 effective words) took 0.0s, 26142 effective words/s
2026-03-05 11:23:22,793 - gensim.models.word2vec - INFO - EPOCH 1: training on 1000 raw words (99 effective words) took 0.0s, 26061 effective words/s
2026-03-05 11:23:22,820 - gensim.models.word2vec - INFO - EPOCH 2: training on 1000 raw words (111 effective words) took 0.0s, 43917 effective words/s
2026-03-05 11:23:22,846 - gensim.models.word2vec - INFO - EPOCH 3: training on 1000 raw words (99 effective words) took 0.0s, 33341 effective words/s
2026-03-05 11:23:22,888 - gensim.models.word2vec - INFO - EPOCH 4: training on 1000 raw words (103 effective words) took 0.0s, 25299 effective words/s
2026-03-05 11:23:22,917 - gensim.models.word2vec - INFO - EPOCH 5: training on 1000 raw words (98 effective words) took 0.0s, 31053 effective words/s
2026-03-05 11:23:22,947 - gensim.models.word2vec - INFO - EPOCH 6: training on 1000 raw words (94 effective words) took 0.0s, 26028 effective words/s
2026-03-05 11:23:22,974 - gensim.models.word2vec - INFO - EPOCH 7: training on 1000 raw words (99 effective words) took 0.0s, 25453 effective words/s
2026-03-05 11:23:23,004 - gensim.models.word2vec - INFO - EPOCH 8: training on 1000 raw words (97 effective words) took 0.0s, 23056 effective words/s
2026-03-05 11:23:23,030 - gensim.models.word2vec - INFO - EPOCH 9: training on 1000 raw words (89 effective words) took 0.0s, 191976 effective words/s
2026-03-05 11:23:23,056 - gensim.models.word2vec - INFO - EPOCH 10: training on 1000 raw words (90 effective words) took 0.0s, 165685 effective words/s
2026-03-05 11:23:23,081 - gensim.models.word2vec - INFO - EPOCH 11: training on 1000 raw words (96 effective words) took 0.0s, 33920 effective words/s
2026-03-05 11:23:23,109 - gensim.models.word2vec - INFO - EPOCH 12: training on 1000 raw words (102 effective words) took 0.0s, 29805 effective words/s
2026-03-05 11:23:23,137 - gensim.models.word2vec - INFO - EPOCH 13: training on 1000 raw words (116 effective words) took 0.0s, 226386 effective words/s
2026-03-05 11:23:23,158 - gensim.models.word2vec - INFO - EPOCH 14: training on 1000 raw words (78 effective words) took 0.0s, 32303 effective words/s
2026-03-05 11:23:23,187 - gensim.models.word2vec - INFO - EPOCH 15: training on 1000 raw words (93 effective words) took 0.0s, 142420 effective words/s
2026-03-05 11:23:23,209 - gensim.models.word2vec - INFO - EPOCH 16: training on 1000 raw words (85 effective words) took 0.0s, 207773 effective words/s
2026-03-05 11:23:23,241 - gensim.models.word2vec - INFO - EPOCH 17: training on 1000 raw words (92 effective words) took 0.0s, 22816 effective words/s
2026-03-05 11:23:23,267 - gensim.models.word2vec - INFO - EPOCH 18: training on 1000 raw words (107 effective words) took 0.0s, 36570 effective words/s
2026-03-05 11:23:23,291 - gensim.models.word2vec - INFO - EPOCH 19: training on 1000 raw words (116 effective words) took 0.0s, 30278 effective words/s
2026-03-05 11:23:23,295 - gensim.utils - INFO - Word2Vec lifecycle event {'msg': 'training on 20000 raw words (1947 effective words) took 0.6s, 3534 effective words/s', 'datetime': '2026-03-05T11:23:23.291178', 'gensim': '4.4.0', 'python': '3.11.6 (tags/v3.11.6:8b6ee5b, Oct  2 2023, 14:57:12) [MSC v.1935 64 bit (AMD64)]', 'platform': 'Windows-10-10.0.26200-SP0', 'event': 'train'}
2026-03-05 11:23:23,295 - gensim.utils - INFO - Word2Vec lifecycle event {'params': 'Word2Vec<vocab=8, vector_size=50, alpha=0.025>', 'datetime': '2026-03-05T11:23:23.295286', 'gensim': '4.4.0', 'python': '3.11.6 (tags/v3.11.6:8b6ee5b, Oct  2 2023, 14:57:12) [MSC v.1935 64 bit (AMD64)]', 'platform': 'Windows-10-10.0.26200-SP0', 'event': 'created'}
2026-03-05 11:23:23,297 - gensim.utils - INFO - Word2Vec lifecycle event {'fname_or_handle': 'models/word2vec\\w2v_cbow_sz50_win10_ep20.model', 'separately': 'None', 'sep_limit': 10485760, 'ignore': frozenset(), 'datetime': '2026-03-05T11:23:23.297020', 'gensim': '4.4.0', 'python': '3.11.6 (tags/v3.11.6:8b6ee5b, Oct  2 2023, 14:57:12) [MSC v.1935 64 bit (AMD64)]', 'platform': 'Windows-10-10.0.26200-SP0', 'event': 'saving'}
2026-03-05 11:23:23,298 - gensim.utils - INFO - not storing attribute cum_table
2026-03-05 11:23:23,298 - gensim.utils - INFO - saved models/word2vec\w2v_cbow_sz50_win10_ep20.model
2026-03-05 11:23:23,298 - NLP_Project - INFO - Training w2v_skipgram_sz50_win10_ep5...
2026-03-05 11:23:23,302 - gensim.models.word2vec - INFO - collecting all words and their counts
2026-03-05 11:23:23,302 - gensim.models.word2vec - INFO - PROGRESS: at sentence #0, processed 0 words, keeping 0 word types
2026-03-05 11:23:23,303 - gensim.models.word2vec - INFO - collected 8 word types from a corpus of 1000 raw words and 300 sentences
2026-03-05 11:23:23,303 - gensim.models.word2vec - INFO - Creating a fresh vocabulary
2026-03-05 11:23:23,303 - gensim.utils - INFO - Word2Vec lifecycle event {'msg': 'effective_min_count=5 retains 8 unique words (100.00% of original 8, drops 0)', 'datetime': '2026-03-05T11:23:23.303217', 'gensim': '4.4.0', 'python': '3.11.6 (tags/v3.11.6:8b6ee5b, Oct  2 2023, 14:57:12) [MSC v.1935 64 bit (AMD64)]', 'platform': 'Windows-10-10.0.26200-SP0', 'event': 'prepare_vocab'}
2026-03-05 11:23:23,303 - gensim.utils - INFO - Word2Vec lifecycle event {'msg': 'effective_min_count=5 leaves 1000 word corpus (100.00% of original 1000, drops 0)', 'datetime': '2026-03-05T11:23:23.303217', 'gensim': '4.4.0', 'python': '3.11.6 (tags/v3.11.6:8b6ee5b, Oct  2 2023, 14:57:12) [MSC v.1935 64 bit (AMD64)]', 'platform': 'Windows-10-10.0.26200-SP0', 'event': 'prepare_vocab'}
2026-03-05 11:23:23,303 - gensim.models.word2vec - INFO - deleting the raw counts dictionary of 8 items
2026-03-05 11:23:23,305 - gensim.models.word2vec - INFO - sample=0.001 downsamples 8 most-common words
2026-03-05 11:23:23,306 - gensim.utils - INFO - Word2Vec lifecycle event {'msg': 'downsampling leaves estimated 95.32050807568878 word corpus (9.5%% of prior 1000)', 'datetime': '2026-03-05T11:23:23.306611', 'gensim': '4.4.0', 'python': '3.11.6 (tags/v3.11.6:8b6ee5b, Oct  2 2023, 14:57:12) [MSC v.1935 64 bit (AMD64)]', 'platform': 'Windows-10-10.0.26200-SP0', 'event': 'prepare_vocab'}
2026-03-05 11:23:23,306 - gensim.models.word2vec - INFO - estimated required memory for 8 words and 50 dimensions: 7200 bytes
2026-03-05 11:23:23,306 - gensim.models.word2vec - INFO - resetting layer weights
2026-03-05 11:23:23,308 - gensim.utils - INFO - Word2Vec lifecycle event {'update': False, 'trim_rule': 'None', 'datetime': '2026-03-05T11:23:23.308797', 'gensim': '4.4.0', 'python': '3.11.6 (tags/v3.11.6:8b6ee5b, Oct  2 2023, 14:57:12) [MSC v.1935 64 bit (AMD64)]', 'platform': 'Windows-10-10.0.26200-SP0', 'event': 'build_vocab'}
2026-03-05 11:23:23,308 - gensim.utils - INFO - Word2Vec lifecycle event {'msg': 'training model with 16 workers on 8 vocabulary and 50 features, using sg=1 hs=0 sample=0.001 negative=5 window=10 shrink_windows=True', 'datetime': '2026-03-05T11:23:23.308797', 'gensim': '4.4.0', 'python': '3.11.6 (tags/v3.11.6:8b6ee5b, Oct  2 2023, 14:57:12) [MSC v.1935 64 bit (AMD64)]', 'platform': 'Windows-10-10.0.26200-SP0', 'event': 'train'}
2026-03-05 11:23:23,332 - gensim.models.word2vec - INFO - EPOCH 0: training on 1000 raw words (83 effective words) took 0.0s, 25744 effective words/s
2026-03-05 11:23:23,357 - gensim.models.word2vec - INFO - EPOCH 1: training on 1000 raw words (99 effective words) took 0.0s, 116635 effective words/s
2026-03-05 11:23:23,380 - gensim.models.word2vec - INFO - EPOCH 2: training on 1000 raw words (111 effective words) took 0.0s, 42904 effective words/s
2026-03-05 11:23:23,406 - gensim.models.word2vec - INFO - EPOCH 3: training on 1000 raw words (99 effective words) took 0.0s, 172594 effective words/s
2026-03-05 11:23:23,431 - gensim.models.word2vec - INFO - EPOCH 4: training on 1000 raw words (103 effective words) took 0.0s, 42401 effective words/s
2026-03-05 11:23:23,433 - gensim.utils - INFO - Word2Vec lifecycle event {'msg': 'training on 5000 raw words (495 effective words) took 0.1s, 4035 effective words/s', 'datetime': '2026-03-05T11:23:23.433332', 'gensim': '4.4.0', 'python': '3.11.6 (tags/v3.11.6:8b6ee5b, Oct  2 2023, 14:57:12) [MSC v.1935 64 bit (AMD64)]', 'platform': 'Windows-10-10.0.26200-SP0', 'event': 'train'}
2026-03-05 11:23:23,433 - gensim.utils - INFO - Word2Vec lifecycle event {'params': 'Word2Vec<vocab=8, vector_size=50, alpha=0.025>', 'datetime': '2026-03-05T11:23:23.433939', 'gensim': '4.4.0', 'python': '3.11.6 (tags/v3.11.6:8b6ee5b, Oct  2 2023, 14:57:12) [MSC v.1935 64 bit (AMD64)]', 'platform': 'Windows-10-10.0.26200-SP0', 'event': 'created'}
2026-03-05 11:23:23,433 - gensim.utils - INFO - Word2Vec lifecycle event {'fname_or_handle': 'models/word2vec\\w2v_skipgram_sz50_win10_ep5.model', 'separately': 'None', 'sep_limit': 10485760, 'ignore': frozenset(), 'datetime': '2026-03-05T11:23:23.433939', 'gensim': '4.4.0', 'python': '3.11.6 (tags/v3.11.6:8b6ee5b, Oct  2 2023, 14:57:12) [MSC v.1935 64 bit (AMD64)]', 'platform': 'Windows-10-10.0.26200-SP0', 'event': 'saving'}
2026-03-05 11:23:23,433 - gensim.utils - INFO - not storing attribute cum_table
2026-03-05 11:23:23,436 - gensim.utils - INFO - saved models/word2vec\w2v_skipgram_sz50_win10_ep5.model
2026-03-05 11:23:23,436 - NLP_Project - INFO - Training w2v_skipgram_sz50_win10_ep10...
2026-03-05 11:23:23,436 - gensim.models.word2vec - INFO - collecting all words and their counts
2026-03-05 11:23:23,436 - gensim.models.word2vec - INFO - PROGRESS: at sentence #0, processed 0 words, keeping 0 word types
2026-03-05 11:23:23,440 - gensim.models.word2vec - INFO - collected 8 word types from a corpus of 1000 raw words and 300 sentences
2026-03-05 11:23:23,440 - gensim.models.word2vec - INFO - Creating a fresh vocabulary
2026-03-05 11:23:23,441 - gensim.utils - INFO - Word2Vec lifecycle event {'msg': 'effective_min_count=5 retains 8 unique words (100.00% of original 8, drops 0)', 'datetime': '2026-03-05T11:23:23.441068', 'gensim': '4.4.0', 'python': '3.11.6 (tags/v3.11.6:8b6ee5b, Oct  2 2023, 14:57:12) [MSC v.1935 64 bit (AMD64)]', 'platform': 'Windows-10-10.0.26200-SP0', 'event': 'prepare_vocab'}
2026-03-05 11:23:23,441 - gensim.utils - INFO - Word2Vec lifecycle event {'msg': 'effective_min_count=5 leaves 1000 word corpus (100.00% of original 1000, drops 0)', 'datetime': '2026-03-05T11:23:23.441068', 'gensim': '4.4.0', 'python': '3.11.6 (tags/v3.11.6:8b6ee5b, Oct  2 2023, 14:57:12) [MSC v.1935 64 bit (AMD64)]', 'platform': 'Windows-10-10.0.26200-SP0', 'event': 'prepare_vocab'}
2026-03-05 11:23:23,441 - gensim.models.word2vec - INFO - deleting the raw counts dictionary of 8 items
2026-03-05 11:23:23,441 - gensim.models.word2vec - INFO - sample=0.001 downsamples 8 most-common words
2026-03-05 11:23:23,441 - gensim.utils - INFO - Word2Vec lifecycle event {'msg': 'downsampling leaves estimated 95.32050807568878 word corpus (9.5%% of prior 1000)', 'datetime': '2026-03-05T11:23:23.441068', 'gensim': '4.4.0', 'python': '3.11.6 (tags/v3.11.6:8b6ee5b, Oct  2 2023, 14:57:12) [MSC v.1935 64 bit (AMD64)]', 'platform': 'Windows-10-10.0.26200-SP0', 'event': 'prepare_vocab'}
2026-03-05 11:23:23,441 - gensim.models.word2vec - INFO - estimated required memory for 8 words and 50 dimensions: 7200 bytes
2026-03-05 11:23:23,441 - gensim.models.word2vec - INFO - resetting layer weights
2026-03-05 11:23:23,445 - gensim.utils - INFO - Word2Vec lifecycle event {'update': False, 'trim_rule': 'None', 'datetime': '2026-03-05T11:23:23.445324', 'gensim': '4.4.0', 'python': '3.11.6 (tags/v3.11.6:8b6ee5b, Oct  2 2023, 14:57:12) [MSC v.1935 64 bit (AMD64)]', 'platform': 'Windows-10-10.0.26200-SP0', 'event': 'build_vocab'}
2026-03-05 11:23:23,445 - gensim.utils - INFO - Word2Vec lifecycle event {'msg': 'training model with 16 workers on 8 vocabulary and 50 features, using sg=1 hs=0 sample=0.001 negative=5 window=10 shrink_windows=True', 'datetime': '2026-03-05T11:23:23.445324', 'gensim': '4.4.0', 'python': '3.11.6 (tags/v3.11.6:8b6ee5b, Oct  2 2023, 14:57:12) [MSC v.1935 64 bit (AMD64)]', 'platform': 'Windows-10-10.0.26200-SP0', 'event': 'train'}
2026-03-05 11:23:23,461 - gensim.models.word2vec - INFO - EPOCH 0: training on 1000 raw words (83 effective words) took 0.0s, 34516 effective words/s
2026-03-05 11:23:23,491 - gensim.models.word2vec - INFO - EPOCH 1: training on 1000 raw words (99 effective words) took 0.0s, 28654 effective words/s
2026-03-05 11:23:23,517 - gensim.models.word2vec - INFO - EPOCH 2: training on 1000 raw words (111 effective words) took 0.0s, 37665 effective words/s
2026-03-05 11:23:23,540 - gensim.models.word2vec - INFO - EPOCH 3: training on 1000 raw words (99 effective words) took 0.0s, 33227 effective words/s
2026-03-05 11:23:23,570 - gensim.models.word2vec - INFO - EPOCH 4: training on 1000 raw words (103 effective words) took 0.0s, 37074 effective words/s
2026-03-05 11:23:23,597 - gensim.models.word2vec - INFO - EPOCH 5: training on 1000 raw words (98 effective words) took 0.0s, 38340 effective words/s
2026-03-05 11:23:23,622 - gensim.models.word2vec - INFO - EPOCH 6: training on 1000 raw words (94 effective words) took 0.0s, 213685 effective words/s
2026-03-05 11:23:23,649 - gensim.models.word2vec - INFO - EPOCH 7: training on 1000 raw words (99 effective words) took 0.0s, 193359 effective words/s
2026-03-05 11:23:23,674 - gensim.models.word2vec - INFO - EPOCH 8: training on 1000 raw words (97 effective words) took 0.0s, 27915 effective words/s
2026-03-05 11:23:23,699 - gensim.models.word2vec - INFO - EPOCH 9: training on 1000 raw words (89 effective words) took 0.0s, 256706 effective words/s
2026-03-05 11:23:23,699 - gensim.utils - INFO - Word2Vec lifecycle event {'msg': 'training on 10000 raw words (972 effective words) took 0.3s, 3791 effective words/s', 'datetime': '2026-03-05T11:23:23.699428', 'gensim': '4.4.0', 'python': '3.11.6 (tags/v3.11.6:8b6ee5b, Oct  2 2023, 14:57:12) [MSC v.1935 64 bit (AMD64)]', 'platform': 'Windows-10-10.0.26200-SP0', 'event': 'train'}
2026-03-05 11:23:23,703 - gensim.utils - INFO - Word2Vec lifecycle event {'params': 'Word2Vec<vocab=8, vector_size=50, alpha=0.025>', 'datetime': '2026-03-05T11:23:23.703594', 'gensim': '4.4.0', 'python': '3.11.6 (tags/v3.11.6:8b6ee5b, Oct  2 2023, 14:57:12) [MSC v.1935 64 bit (AMD64)]', 'platform': 'Windows-10-10.0.26200-SP0', 'event': 'created'}
2026-03-05 11:23:23,703 - gensim.utils - INFO - Word2Vec lifecycle event {'fname_or_handle': 'models/word2vec\\w2v_skipgram_sz50_win10_ep10.model', 'separately': 'None', 'sep_limit': 10485760, 'ignore': frozenset(), 'datetime': '2026-03-05T11:23:23.703594', 'gensim': '4.4.0', 'python': '3.11.6 (tags/v3.11.6:8b6ee5b, Oct  2 2023, 14:57:12) [MSC v.1935 64 bit (AMD64)]', 'platform': 'Windows-10-10.0.26200-SP0', 'event': 'saving'}
2026-03-05 11:23:23,703 - gensim.utils - INFO - not storing attribute cum_table
2026-03-05 11:23:23,707 - gensim.utils - INFO - saved models/word2vec\w2v_skipgram_sz50_win10_ep10.model
2026-03-05 11:23:23,708 - NLP_Project - INFO - Training w2v_skipgram_sz50_win10_ep20...
2026-03-05 11:23:23,708 - gensim.models.word2vec - INFO - collecting all words and their counts
2026-03-05 11:23:23,708 - gensim.models.word2vec - INFO - PROGRESS: at sentence #0, processed 0 words, keeping 0 word types
2026-03-05 11:23:23,708 - gensim.models.word2vec - INFO - collected 8 word types from a corpus of 1000 raw words and 300 sentences
2026-03-05 11:23:23,708 - gensim.models.word2vec - INFO - Creating a fresh vocabulary
2026-03-05 11:23:23,708 - gensim.utils - INFO - Word2Vec lifecycle event {'msg': 'effective_min_count=5 retains 8 unique words (100.00% of original 8, drops 0)', 'datetime': '2026-03-05T11:23:23.708528', 'gensim': '4.4.0', 'python': '3.11.6 (tags/v3.11.6:8b6ee5b, Oct  2 2023, 14:57:12) [MSC v.1935 64 bit (AMD64)]', 'platform': 'Windows-10-10.0.26200-SP0', 'event': 'prepare_vocab'}
2026-03-05 11:23:23,708 - gensim.utils - INFO - Word2Vec lifecycle event {'msg': 'effective_min_count=5 leaves 1000 word corpus (100.00% of original 1000, drops 0)', 'datetime': '2026-03-05T11:23:23.708528', 'gensim': '4.4.0', 'python': '3.11.6 (tags/v3.11.6:8b6ee5b, Oct  2 2023, 14:57:12) [MSC v.1935 64 bit (AMD64)]', 'platform': 'Windows-10-10.0.26200-SP0', 'event': 'prepare_vocab'}
2026-03-05 11:23:23,708 - gensim.models.word2vec - INFO - deleting the raw counts dictionary of 8 items
2026-03-05 11:23:23,708 - gensim.models.word2vec - INFO - sample=0.001 downsamples 8 most-common words
2026-03-05 11:23:23,708 - gensim.utils - INFO - Word2Vec lifecycle event {'msg': 'downsampling leaves estimated 95.32050807568878 word corpus (9.5%% of prior 1000)', 'datetime': '2026-03-05T11:23:23.708528', 'gensim': '4.4.0', 'python': '3.11.6 (tags/v3.11.6:8b6ee5b, Oct  2 2023, 14:57:12) [MSC v.1935 64 bit (AMD64)]', 'platform': 'Windows-10-10.0.26200-SP0', 'event': 'prepare_vocab'}
2026-03-05 11:23:23,714 - gensim.models.word2vec - INFO - estimated required memory for 8 words and 50 dimensions: 7200 bytes
2026-03-05 11:23:23,715 - gensim.models.word2vec - INFO - resetting layer weights
2026-03-05 11:23:23,715 - gensim.utils - INFO - Word2Vec lifecycle event {'update': False, 'trim_rule': 'None', 'datetime': '2026-03-05T11:23:23.715341', 'gensim': '4.4.0', 'python': '3.11.6 (tags/v3.11.6:8b6ee5b, Oct  2 2023, 14:57:12) [MSC v.1935 64 bit (AMD64)]', 'platform': 'Windows-10-10.0.26200-SP0', 'event': 'build_vocab'}
2026-03-05 11:23:23,716 - gensim.utils - INFO - Word2Vec lifecycle event {'msg': 'training model with 16 workers on 8 vocabulary and 50 features, using sg=1 hs=0 sample=0.001 negative=5 window=10 shrink_windows=True', 'datetime': '2026-03-05T11:23:23.716345', 'gensim': '4.4.0', 'python': '3.11.6 (tags/v3.11.6:8b6ee5b, Oct  2 2023, 14:57:12) [MSC v.1935 64 bit (AMD64)]', 'platform': 'Windows-10-10.0.26200-SP0', 'event': 'train'}
2026-03-05 11:23:23,737 - gensim.models.word2vec - INFO - EPOCH 0: training on 1000 raw words (83 effective words) took 0.0s, 230940 effective words/s
2026-03-05 11:23:23,758 - gensim.models.word2vec - INFO - EPOCH 1: training on 1000 raw words (99 effective words) took 0.0s, 34524 effective words/s
2026-03-05 11:23:23,782 - gensim.models.word2vec - INFO - EPOCH 2: training on 1000 raw words (111 effective words) took 0.0s, 191644 effective words/s
2026-03-05 11:23:23,804 - gensim.models.word2vec - INFO - EPOCH 3: training on 1000 raw words (99 effective words) took 0.0s, 48255 effective words/s
2026-03-05 11:23:23,824 - gensim.models.word2vec - INFO - EPOCH 4: training on 1000 raw words (103 effective words) took 0.0s, 175738 effective words/s
2026-03-05 11:23:23,854 - gensim.models.word2vec - INFO - EPOCH 5: training on 1000 raw words (98 effective words) took 0.0s, 32451 effective words/s
2026-03-05 11:23:23,883 - gensim.models.word2vec - INFO - EPOCH 6: training on 1000 raw words (94 effective words) took 0.0s, 33396 effective words/s
2026-03-05 11:23:23,909 - gensim.models.word2vec - INFO - EPOCH 7: training on 1000 raw words (99 effective words) took 0.0s, 27384 effective words/s
2026-03-05 11:23:23,931 - gensim.models.word2vec - INFO - EPOCH 8: training on 1000 raw words (97 effective words) took 0.0s, 40897 effective words/s
2026-03-05 11:23:23,961 - gensim.models.word2vec - INFO - EPOCH 9: training on 1000 raw words (89 effective words) took 0.0s, 29864 effective words/s
2026-03-05 11:23:23,992 - gensim.models.word2vec - INFO - EPOCH 10: training on 1000 raw words (90 effective words) took 0.0s, 211069 effective words/s
2026-03-05 11:23:24,024 - gensim.models.word2vec - INFO - EPOCH 11: training on 1000 raw words (96 effective words) took 0.0s, 244773 effective words/s
2026-03-05 11:23:24,058 - gensim.models.word2vec - INFO - EPOCH 12: training on 1000 raw words (102 effective words) took 0.0s, 34011 effective words/s
2026-03-05 11:23:24,089 - gensim.models.word2vec - INFO - EPOCH 13: training on 1000 raw words (116 effective words) took 0.0s, 35558 effective words/s
2026-03-05 11:23:24,121 - gensim.models.word2vec - INFO - EPOCH 14: training on 1000 raw words (78 effective words) took 0.0s, 24595 effective words/s
2026-03-05 11:23:24,153 - gensim.models.word2vec - INFO - EPOCH 15: training on 1000 raw words (93 effective words) took 0.0s, 34327 effective words/s
2026-03-05 11:23:24,182 - gensim.models.word2vec - INFO - EPOCH 16: training on 1000 raw words (85 effective words) took 0.0s, 31488 effective words/s
2026-03-05 11:23:24,215 - gensim.models.word2vec - INFO - EPOCH 17: training on 1000 raw words (92 effective words) took 0.0s, 32481 effective words/s
2026-03-05 11:23:24,249 - gensim.models.word2vec - INFO - EPOCH 18: training on 1000 raw words (107 effective words) took 0.0s, 31373 effective words/s
2026-03-05 11:23:24,281 - gensim.models.word2vec - INFO - EPOCH 19: training on 1000 raw words (116 effective words) took 0.0s, 35772 effective words/s
2026-03-05 11:23:24,283 - gensim.utils - INFO - Word2Vec lifecycle event {'msg': 'training on 20000 raw words (1947 effective words) took 0.6s, 3438 effective words/s', 'datetime': '2026-03-05T11:23:24.283437', 'gensim': '4.4.0', 'python': '3.11.6 (tags/v3.11.6:8b6ee5b, Oct  2 2023, 14:57:12) [MSC v.1935 64 bit (AMD64)]', 'platform': 'Windows-10-10.0.26200-SP0', 'event': 'train'}
2026-03-05 11:23:24,284 - gensim.utils - INFO - Word2Vec lifecycle event {'params': 'Word2Vec<vocab=8, vector_size=50, alpha=0.025>', 'datetime': '2026-03-05T11:23:24.283437', 'gensim': '4.4.0', 'python': '3.11.6 (tags/v3.11.6:8b6ee5b, Oct  2 2023, 14:57:12) [MSC v.1935 64 bit (AMD64)]', 'platform': 'Windows-10-10.0.26200-SP0', 'event': 'created'}
2026-03-05 11:23:24,285 - gensim.utils - INFO - Word2Vec lifecycle event {'fname_or_handle': 'models/word2vec\\w2v_skipgram_sz50_win10_ep20.model', 'separately': 'None', 'sep_limit': 10485760, 'ignore': frozenset(), 'datetime': '2026-03-05T11:23:24.285079', 'gensim': '4.4.0', 'python': '3.11.6 (tags/v3.11.6:8b6ee5b, Oct  2 2023, 14:57:12) [MSC v.1935 64 bit (AMD64)]', 'platform': 'Windows-10-10.0.26200-SP0', 'event': 'saving'}
2026-03-05 11:23:24,285 - gensim.utils - INFO - not storing attribute cum_table
2026-03-05 11:23:24,287 - gensim.utils - INFO - saved models/word2vec\w2v_skipgram_sz50_win10_ep20.model
2026-03-05 11:23:24,287 - NLP_Project - INFO - Training w2v_cbow_sz100_win2_ep5...
2026-03-05 11:23:24,289 - gensim.models.word2vec - INFO - collecting all words and their counts
2026-03-05 11:23:24,289 - gensim.models.word2vec - INFO - PROGRESS: at sentence #0, processed 0 words, keeping 0 word types
2026-03-05 11:23:24,292 - gensim.models.word2vec - INFO - collected 8 word types from a corpus of 1000 raw words and 300 sentences
2026-03-05 11:23:24,292 - gensim.models.word2vec - INFO - Creating a fresh vocabulary
2026-03-05 11:23:24,292 - gensim.utils - INFO - Word2Vec lifecycle event {'msg': 'effective_min_count=5 retains 8 unique words (100.00% of original 8, drops 0)', 'datetime': '2026-03-05T11:23:24.292071', 'gensim': '4.4.0', 'python': '3.11.6 (tags/v3.11.6:8b6ee5b, Oct  2 2023, 14:57:12) [MSC v.1935 64 bit (AMD64)]', 'platform': 'Windows-10-10.0.26200-SP0', 'event': 'prepare_vocab'}
2026-03-05 11:23:24,294 - gensim.utils - INFO - Word2Vec lifecycle event {'msg': 'effective_min_count=5 leaves 1000 word corpus (100.00% of original 1000, drops 0)', 'datetime': '2026-03-05T11:23:24.294092', 'gensim': '4.4.0', 'python': '3.11.6 (tags/v3.11.6:8b6ee5b, Oct  2 2023, 14:57:12) [MSC v.1935 64 bit (AMD64)]', 'platform': 'Windows-10-10.0.26200-SP0', 'event': 'prepare_vocab'}
2026-03-05 11:23:24,294 - gensim.models.word2vec - INFO - deleting the raw counts dictionary of 8 items
2026-03-05 11:23:24,295 - gensim.models.word2vec - INFO - sample=0.001 downsamples 8 most-common words
2026-03-05 11:23:24,296 - gensim.utils - INFO - Word2Vec lifecycle event {'msg': 'downsampling leaves estimated 95.32050807568878 word corpus (9.5%% of prior 1000)', 'datetime': '2026-03-05T11:23:24.296013', 'gensim': '4.4.0', 'python': '3.11.6 (tags/v3.11.6:8b6ee5b, Oct  2 2023, 14:57:12) [MSC v.1935 64 bit (AMD64)]', 'platform': 'Windows-10-10.0.26200-SP0', 'event': 'prepare_vocab'}
2026-03-05 11:23:24,297 - gensim.models.word2vec - INFO - estimated required memory for 8 words and 100 dimensions: 10400 bytes
2026-03-05 11:23:24,297 - gensim.models.word2vec - INFO - resetting layer weights
2026-03-05 11:23:24,298 - gensim.utils - INFO - Word2Vec lifecycle event {'update': False, 'trim_rule': 'None', 'datetime': '2026-03-05T11:23:24.298324', 'gensim': '4.4.0', 'python': '3.11.6 (tags/v3.11.6:8b6ee5b, Oct  2 2023, 14:57:12) [MSC v.1935 64 bit (AMD64)]', 'platform': 'Windows-10-10.0.26200-SP0', 'event': 'build_vocab'}
2026-03-05 11:23:24,298 - gensim.utils - INFO - Word2Vec lifecycle event {'msg': 'training model with 16 workers on 8 vocabulary and 100 features, using sg=0 hs=0 sample=0.001 negative=5 window=2 shrink_windows=True', 'datetime': '2026-03-05T11:23:24.298785', 'gensim': '4.4.0', 'python': '3.11.6 (tags/v3.11.6:8b6ee5b, Oct  2 2023, 14:57:12) [MSC v.1935 64 bit (AMD64)]', 'platform': 'Windows-10-10.0.26200-SP0', 'event': 'train'}
2026-03-05 11:23:24,324 - gensim.models.word2vec - INFO - EPOCH 0: training on 1000 raw words (83 effective words) took 0.0s, 25458 effective words/s
2026-03-05 11:23:24,353 - gensim.models.word2vec - INFO - EPOCH 1: training on 1000 raw words (89 effective words) took 0.0s, 199507 effective words/s
2026-03-05 11:23:24,375 - gensim.models.word2vec - INFO - EPOCH 2: training on 1000 raw words (88 effective words) took 0.0s, 29674 effective words/s
2026-03-05 11:23:24,403 - gensim.models.word2vec - INFO - EPOCH 3: training on 1000 raw words (96 effective words) took 0.0s, 36787 effective words/s
2026-03-05 11:23:24,431 - gensim.models.word2vec - INFO - EPOCH 4: training on 1000 raw words (102 effective words) took 0.0s, 231713 effective words/s
2026-03-05 11:23:24,431 - gensim.utils - INFO - Word2Vec lifecycle event {'msg': 'training on 5000 raw words (458 effective words) took 0.1s, 3404 effective words/s', 'datetime': '2026-03-05T11:23:24.431625', 'gensim': '4.4.0', 'python': '3.11.6 (tags/v3.11.6:8b6ee5b, Oct  2 2023, 14:57:12) [MSC v.1935 64 bit (AMD64)]', 'platform': 'Windows-10-10.0.26200-SP0', 'event': 'train'}
2026-03-05 11:23:24,431 - gensim.utils - INFO - Word2Vec lifecycle event {'params': 'Word2Vec<vocab=8, vector_size=100, alpha=0.025>', 'datetime': '2026-03-05T11:23:24.431625', 'gensim': '4.4.0', 'python': '3.11.6 (tags/v3.11.6:8b6ee5b, Oct  2 2023, 14:57:12) [MSC v.1935 64 bit (AMD64)]', 'platform': 'Windows-10-10.0.26200-SP0', 'event': 'created'}
2026-03-05 11:23:24,431 - gensim.utils - INFO - Word2Vec lifecycle event {'fname_or_handle': 'models/word2vec\\w2v_cbow_sz100_win2_ep5.model', 'separately': 'None', 'sep_limit': 10485760, 'ignore': frozenset(), 'datetime': '2026-03-05T11:23:24.431625', 'gensim': '4.4.0', 'python': '3.11.6 (tags/v3.11.6:8b6ee5b, Oct  2 2023, 14:57:12) [MSC v.1935 64 bit (AMD64)]', 'platform': 'Windows-10-10.0.26200-SP0', 'event': 'saving'}
2026-03-05 11:23:24,431 - gensim.utils - INFO - not storing attribute cum_table
2026-03-05 11:23:24,438 - gensim.utils - INFO - saved models/word2vec\w2v_cbow_sz100_win2_ep5.model
2026-03-05 11:23:24,438 - NLP_Project - INFO - Training w2v_cbow_sz100_win2_ep10...
2026-03-05 11:23:24,440 - gensim.models.word2vec - INFO - collecting all words and their counts
2026-03-05 11:23:24,441 - gensim.models.word2vec - INFO - PROGRESS: at sentence #0, processed 0 words, keeping 0 word types
2026-03-05 11:23:24,441 - gensim.models.word2vec - INFO - collected 8 word types from a corpus of 1000 raw words and 300 sentences
2026-03-05 11:23:24,442 - gensim.models.word2vec - INFO - Creating a fresh vocabulary
2026-03-05 11:23:24,442 - gensim.utils - INFO - Word2Vec lifecycle event {'msg': 'effective_min_count=5 retains 8 unique words (100.00% of original 8, drops 0)', 'datetime': '2026-03-05T11:23:24.442962', 'gensim': '4.4.0', 'python': '3.11.6 (tags/v3.11.6:8b6ee5b, Oct  2 2023, 14:57:12) [MSC v.1935 64 bit (AMD64)]', 'platform': 'Windows-10-10.0.26200-SP0', 'event': 'prepare_vocab'}
2026-03-05 11:23:24,442 - gensim.utils - INFO - Word2Vec lifecycle event {'msg': 'effective_min_count=5 leaves 1000 word corpus (100.00% of original 1000, drops 0)', 'datetime': '2026-03-05T11:23:24.442962', 'gensim': '4.4.0', 'python': '3.11.6 (tags/v3.11.6:8b6ee5b, Oct  2 2023, 14:57:12) [MSC v.1935 64 bit (AMD64)]', 'platform': 'Windows-10-10.0.26200-SP0', 'event': 'prepare_vocab'}
2026-03-05 11:23:24,442 - gensim.models.word2vec - INFO - deleting the raw counts dictionary of 8 items
2026-03-05 11:23:24,442 - gensim.models.word2vec - INFO - sample=0.001 downsamples 8 most-common words
2026-03-05 11:23:24,445 - gensim.utils - INFO - Word2Vec lifecycle event {'msg': 'downsampling leaves estimated 95.32050807568878 word corpus (9.5%% of prior 1000)', 'datetime': '2026-03-05T11:23:24.445675', 'gensim': '4.4.0', 'python': '3.11.6 (tags/v3.11.6:8b6ee5b, Oct  2 2023, 14:57:12) [MSC v.1935 64 bit (AMD64)]', 'platform': 'Windows-10-10.0.26200-SP0', 'event': 'prepare_vocab'}
2026-03-05 11:23:24,446 - gensim.models.word2vec - INFO - estimated required memory for 8 words and 100 dimensions: 10400 bytes
2026-03-05 11:23:24,446 - gensim.models.word2vec - INFO - resetting layer weights
2026-03-05 11:23:24,446 - gensim.utils - INFO - Word2Vec lifecycle event {'update': False, 'trim_rule': 'None', 'datetime': '2026-03-05T11:23:24.446980', 'gensim': '4.4.0', 'python': '3.11.6 (tags/v3.11.6:8b6ee5b, Oct  2 2023, 14:57:12) [MSC v.1935 64 bit (AMD64)]', 'platform': 'Windows-10-10.0.26200-SP0', 'event': 'build_vocab'}
2026-03-05 11:23:24,446 - gensim.utils - INFO - Word2Vec lifecycle event {'msg': 'training model with 16 workers on 8 vocabulary and 100 features, using sg=0 hs=0 sample=0.001 negative=5 window=2 shrink_windows=True', 'datetime': '2026-03-05T11:23:24.446980', 'gensim': '4.4.0', 'python': '3.11.6 (tags/v3.11.6:8b6ee5b, Oct  2 2023, 14:57:12) [MSC v.1935 64 bit (AMD64)]', 'platform': 'Windows-10-10.0.26200-SP0', 'event': 'train'}
2026-03-05 11:23:24,467 - gensim.models.word2vec - INFO - EPOCH 0: training on 1000 raw words (83 effective words) took 0.0s, 139192 effective words/s
2026-03-05 11:23:24,491 - gensim.models.word2vec - INFO - EPOCH 1: training on 1000 raw words (89 effective words) took 0.0s, 25430 effective words/s
2026-03-05 11:23:24,522 - gensim.models.word2vec - INFO - EPOCH 2: training on 1000 raw words (88 effective words) took 0.0s, 88970 effective words/s
2026-03-05 11:23:24,549 - gensim.models.word2vec - INFO - EPOCH 3: training on 1000 raw words (96 effective words) took 0.0s, 227434 effective words/s
2026-03-05 11:23:24,579 - gensim.models.word2vec - INFO - EPOCH 4: training on 1000 raw words (102 effective words) took 0.0s, 26592 effective words/s
2026-03-05 11:23:24,603 - gensim.models.word2vec - INFO - EPOCH 5: training on 1000 raw words (120 effective words) took 0.0s, 374298 effective words/s
2026-03-05 11:23:24,630 - gensim.models.word2vec - INFO - EPOCH 6: training on 1000 raw words (87 effective words) took 0.0s, 27349 effective words/s
2026-03-05 11:23:24,656 - gensim.models.word2vec - INFO - EPOCH 7: training on 1000 raw words (103 effective words) took 0.0s, 42408 effective words/s
2026-03-05 11:23:24,680 - gensim.models.word2vec - INFO - EPOCH 8: training on 1000 raw words (92 effective words) took 0.0s, 30342 effective words/s
2026-03-05 11:23:24,709 - gensim.models.word2vec - INFO - EPOCH 9: training on 1000 raw words (72 effective words) took 0.0s, 136260 effective words/s
2026-03-05 11:23:24,709 - gensim.utils - INFO - Word2Vec lifecycle event {'msg': 'training on 10000 raw words (932 effective words) took 0.3s, 3549 effective words/s', 'datetime': '2026-03-05T11:23:24.709288', 'gensim': '4.4.0', 'python': '3.11.6 (tags/v3.11.6:8b6ee5b, Oct  2 2023, 14:57:12) [MSC v.1935 64 bit (AMD64)]', 'platform': 'Windows-10-10.0.26200-SP0', 'event': 'train'}
2026-03-05 11:23:24,712 - gensim.utils - INFO - Word2Vec lifecycle event {'params': 'Word2Vec<vocab=8, vector_size=100, alpha=0.025>', 'datetime': '2026-03-05T11:23:24.712299', 'gensim': '4.4.0', 'python': '3.11.6 (tags/v3.11.6:8b6ee5b, Oct  2 2023, 14:57:12) [MSC v.1935 64 bit (AMD64)]', 'platform': 'Windows-10-10.0.26200-SP0', 'event': 'created'}
2026-03-05 11:23:24,713 - gensim.utils - INFO - Word2Vec lifecycle event {'fname_or_handle': 'models/word2vec\\w2v_cbow_sz100_win2_ep10.model', 'separately': 'None', 'sep_limit': 10485760, 'ignore': frozenset(), 'datetime': '2026-03-05T11:23:24.713703', 'gensim': '4.4.0', 'python': '3.11.6 (tags/v3.11.6:8b6ee5b, Oct  2 2023, 14:57:12) [MSC v.1935 64 bit (AMD64)]', 'platform': 'Windows-10-10.0.26200-SP0', 'event': 'saving'}
2026-03-05 11:23:24,713 - gensim.utils - INFO - not storing attribute cum_table
2026-03-05 11:23:24,713 - gensim.utils - INFO - saved models/word2vec\w2v_cbow_sz100_win2_ep10.model
2026-03-05 11:23:24,717 - NLP_Project - INFO - Training w2v_cbow_sz100_win2_ep20...
2026-03-05 11:23:24,717 - gensim.models.word2vec - INFO - collecting all words and their counts
2026-03-05 11:23:24,719 - gensim.models.word2vec - INFO - PROGRESS: at sentence #0, processed 0 words, keeping 0 word types
2026-03-05 11:23:24,719 - gensim.models.word2vec - INFO - collected 8 word types from a corpus of 1000 raw words and 300 sentences
2026-03-05 11:23:24,719 - gensim.models.word2vec - INFO - Creating a fresh vocabulary
2026-03-05 11:23:24,720 - gensim.utils - INFO - Word2Vec lifecycle event {'msg': 'effective_min_count=5 retains 8 unique words (100.00% of original 8, drops 0)', 'datetime': '2026-03-05T11:23:24.720590', 'gensim': '4.4.0', 'python': '3.11.6 (tags/v3.11.6:8b6ee5b, Oct  2 2023, 14:57:12) [MSC v.1935 64 bit (AMD64)]', 'platform': 'Windows-10-10.0.26200-SP0', 'event': 'prepare_vocab'}
2026-03-05 11:23:24,720 - gensim.utils - INFO - Word2Vec lifecycle event {'msg': 'effective_min_count=5 leaves 1000 word corpus (100.00% of original 1000, drops 0)', 'datetime': '2026-03-05T11:23:24.720590', 'gensim': '4.4.0', 'python': '3.11.6 (tags/v3.11.6:8b6ee5b, Oct  2 2023, 14:57:12) [MSC v.1935 64 bit (AMD64)]', 'platform': 'Windows-10-10.0.26200-SP0', 'event': 'prepare_vocab'}
2026-03-05 11:23:24,720 - gensim.models.word2vec - INFO - deleting the raw counts dictionary of 8 items
2026-03-05 11:23:24,720 - gensim.models.word2vec - INFO - sample=0.001 downsamples 8 most-common words
2026-03-05 11:23:24,722 - gensim.utils - INFO - Word2Vec lifecycle event {'msg': 'downsampling leaves estimated 95.32050807568878 word corpus (9.5%% of prior 1000)', 'datetime': '2026-03-05T11:23:24.720590', 'gensim': '4.4.0', 'python': '3.11.6 (tags/v3.11.6:8b6ee5b, Oct  2 2023, 14:57:12) [MSC v.1935 64 bit (AMD64)]', 'platform': 'Windows-10-10.0.26200-SP0', 'event': 'prepare_vocab'}
2026-03-05 11:23:24,722 - gensim.models.word2vec - INFO - estimated required memory for 8 words and 100 dimensions: 10400 bytes
2026-03-05 11:23:24,723 - gensim.models.word2vec - INFO - resetting layer weights
2026-03-05 11:23:24,723 - gensim.utils - INFO - Word2Vec lifecycle event {'update': False, 'trim_rule': 'None', 'datetime': '2026-03-05T11:23:24.723273', 'gensim': '4.4.0', 'python': '3.11.6 (tags/v3.11.6:8b6ee5b, Oct  2 2023, 14:57:12) [MSC v.1935 64 bit (AMD64)]', 'platform': 'Windows-10-10.0.26200-SP0', 'event': 'build_vocab'}
2026-03-05 11:23:24,725 - gensim.utils - INFO - Word2Vec lifecycle event {'msg': 'training model with 16 workers on 8 vocabulary and 100 features, using sg=0 hs=0 sample=0.001 negative=5 window=2 shrink_windows=True', 'datetime': '2026-03-05T11:23:24.725181', 'gensim': '4.4.0', 'python': '3.11.6 (tags/v3.11.6:8b6ee5b, Oct  2 2023, 14:57:12) [MSC v.1935 64 bit (AMD64)]', 'platform': 'Windows-10-10.0.26200-SP0', 'event': 'train'}
2026-03-05 11:23:24,747 - gensim.models.word2vec - INFO - EPOCH 0: training on 1000 raw words (83 effective words) took 0.0s, 23464 effective words/s
2026-03-05 11:23:24,772 - gensim.models.word2vec - INFO - EPOCH 1: training on 1000 raw words (89 effective words) took 0.0s, 36504 effective words/s
2026-03-05 11:23:24,790 - gensim.models.word2vec - INFO - EPOCH 2: training on 1000 raw words (88 effective words) took 0.0s, 23984 effective words/s
2026-03-05 11:23:24,818 - gensim.models.word2vec - INFO - EPOCH 3: training on 1000 raw words (96 effective words) took 0.0s, 101911 effective words/s
2026-03-05 11:23:24,842 - gensim.models.word2vec - INFO - EPOCH 4: training on 1000 raw words (102 effective words) took 0.0s, 146868 effective words/s
2026-03-05 11:23:24,870 - gensim.models.word2vec - INFO - EPOCH 5: training on 1000 raw words (120 effective words) took 0.0s, 29211 effective words/s
2026-03-05 11:23:24,898 - gensim.models.word2vec - INFO - EPOCH 6: training on 1000 raw words (87 effective words) took 0.0s, 131222 effective words/s
2026-03-05 11:23:24,923 - gensim.models.word2vec - INFO - EPOCH 7: training on 1000 raw words (103 effective words) took 0.0s, 109914 effective words/s
2026-03-05 11:23:24,947 - gensim.models.word2vec - INFO - EPOCH 8: training on 1000 raw words (92 effective words) took 0.0s, 245137 effective words/s
2026-03-05 11:23:24,975 - gensim.models.word2vec - INFO - EPOCH 9: training on 1000 raw words (72 effective words) took 0.0s, 18641 effective words/s
2026-03-05 11:23:25,003 - gensim.models.word2vec - INFO - EPOCH 10: training on 1000 raw words (118 effective words) took 0.0s, 49764 effective words/s
2026-03-05 11:23:25,030 - gensim.models.word2vec - INFO - EPOCH 11: training on 1000 raw words (80 effective words) took 0.0s, 63077 effective words/s
2026-03-05 11:23:25,045 - gensim.models.word2vec - INFO - EPOCH 12: training on 1000 raw words (84 effective words) took 0.0s, 515654 effective words/s
2026-03-05 11:23:25,061 - gensim.models.word2vec - INFO - EPOCH 13: training on 1000 raw words (91 effective words) took 0.0s, 327456 effective words/s
2026-03-05 11:23:25,087 - gensim.models.word2vec - INFO - EPOCH 14: training on 1000 raw words (92 effective words) took 0.0s, 40124 effective words/s
2026-03-05 11:23:25,110 - gensim.models.word2vec - INFO - EPOCH 15: training on 1000 raw words (94 effective words) took 0.0s, 33654 effective words/s
2026-03-05 11:23:25,138 - gensim.models.word2vec - INFO - EPOCH 16: training on 1000 raw words (100 effective words) took 0.0s, 190440 effective words/s
2026-03-05 11:23:25,158 - gensim.models.word2vec - INFO - EPOCH 17: training on 1000 raw words (96 effective words) took 0.0s, 278827 effective words/s
2026-03-05 11:23:25,187 - gensim.models.word2vec - INFO - EPOCH 18: training on 1000 raw words (95 effective words) took 0.0s, 49564 effective words/s
2026-03-05 11:23:25,210 - gensim.models.word2vec - INFO - EPOCH 19: training on 1000 raw words (103 effective words) took 0.0s, 40391 effective words/s
2026-03-05 11:23:25,210 - gensim.utils - INFO - Word2Vec lifecycle event {'msg': 'training on 20000 raw words (1885 effective words) took 0.5s, 3872 effective words/s', 'datetime': '2026-03-05T11:23:25.210944', 'gensim': '4.4.0', 'python': '3.11.6 (tags/v3.11.6:8b6ee5b, Oct  2 2023, 14:57:12) [MSC v.1935 64 bit (AMD64)]', 'platform': 'Windows-10-10.0.26200-SP0', 'event': 'train'}
2026-03-05 11:23:25,210 - gensim.utils - INFO - Word2Vec lifecycle event {'params': 'Word2Vec<vocab=8, vector_size=100, alpha=0.025>', 'datetime': '2026-03-05T11:23:25.210944', 'gensim': '4.4.0', 'python': '3.11.6 (tags/v3.11.6:8b6ee5b, Oct  2 2023, 14:57:12) [MSC v.1935 64 bit (AMD64)]', 'platform': 'Windows-10-10.0.26200-SP0', 'event': 'created'}
2026-03-05 11:23:25,210 - gensim.utils - INFO - Word2Vec lifecycle event {'fname_or_handle': 'models/word2vec\\w2v_cbow_sz100_win2_ep20.model', 'separately': 'None', 'sep_limit': 10485760, 'ignore': frozenset(), 'datetime': '2026-03-05T11:23:25.210944', 'gensim': '4.4.0', 'python': '3.11.6 (tags/v3.11.6:8b6ee5b, Oct  2 2023, 14:57:12) [MSC v.1935 64 bit (AMD64)]', 'platform': 'Windows-10-10.0.26200-SP0', 'event': 'saving'}
2026-03-05 11:23:25,210 - gensim.utils - INFO - not storing attribute cum_table
2026-03-05 11:23:25,210 - gensim.utils - INFO - saved models/word2vec\w2v_cbow_sz100_win2_ep20.model
2026-03-05 11:23:25,217 - NLP_Project - INFO - Training w2v_skipgram_sz100_win2_ep5...
2026-03-05 11:23:25,218 - gensim.models.word2vec - INFO - collecting all words and their counts
2026-03-05 11:23:25,218 - gensim.models.word2vec - INFO - PROGRESS: at sentence #0, processed 0 words, keeping 0 word types
2026-03-05 11:23:25,218 - gensim.models.word2vec - INFO - collected 8 word types from a corpus of 1000 raw words and 300 sentences
2026-03-05 11:23:25,220 - gensim.models.word2vec - INFO - Creating a fresh vocabulary
2026-03-05 11:23:25,220 - gensim.utils - INFO - Word2Vec lifecycle event {'msg': 'effective_min_count=5 retains 8 unique words (100.00% of original 8, drops 0)', 'datetime': '2026-03-05T11:23:25.220002', 'gensim': '4.4.0', 'python': '3.11.6 (tags/v3.11.6:8b6ee5b, Oct  2 2023, 14:57:12) [MSC v.1935 64 bit (AMD64)]', 'platform': 'Windows-10-10.0.26200-SP0', 'event': 'prepare_vocab'}
2026-03-05 11:23:25,220 - gensim.utils - INFO - Word2Vec lifecycle event {'msg': 'effective_min_count=5 leaves 1000 word corpus (100.00% of original 1000, drops 0)', 'datetime': '2026-03-05T11:23:25.220002', 'gensim': '4.4.0', 'python': '3.11.6 (tags/v3.11.6:8b6ee5b, Oct  2 2023, 14:57:12) [MSC v.1935 64 bit (AMD64)]', 'platform': 'Windows-10-10.0.26200-SP0', 'event': 'prepare_vocab'}
2026-03-05 11:23:25,220 - gensim.models.word2vec - INFO - deleting the raw counts dictionary of 8 items
2026-03-05 11:23:25,220 - gensim.models.word2vec - INFO - sample=0.001 downsamples 8 most-common words
2026-03-05 11:23:25,220 - gensim.utils - INFO - Word2Vec lifecycle event {'msg': 'downsampling leaves estimated 95.32050807568878 word corpus (9.5%% of prior 1000)', 'datetime': '2026-03-05T11:23:25.220002', 'gensim': '4.4.0', 'python': '3.11.6 (tags/v3.11.6:8b6ee5b, Oct  2 2023, 14:57:12) [MSC v.1935 64 bit (AMD64)]', 'platform': 'Windows-10-10.0.26200-SP0', 'event': 'prepare_vocab'}
2026-03-05 11:23:25,220 - gensim.models.word2vec - INFO - estimated required memory for 8 words and 100 dimensions: 10400 bytes
2026-03-05 11:23:25,222 - gensim.models.word2vec - INFO - resetting layer weights
2026-03-05 11:23:25,222 - gensim.utils - INFO - Word2Vec lifecycle event {'update': False, 'trim_rule': 'None', 'datetime': '2026-03-05T11:23:25.222231', 'gensim': '4.4.0', 'python': '3.11.6 (tags/v3.11.6:8b6ee5b, Oct  2 2023, 14:57:12) [MSC v.1935 64 bit (AMD64)]', 'platform': 'Windows-10-10.0.26200-SP0', 'event': 'build_vocab'}
2026-03-05 11:23:25,223 - gensim.utils - INFO - Word2Vec lifecycle event {'msg': 'training model with 16 workers on 8 vocabulary and 100 features, using sg=1 hs=0 sample=0.001 negative=5 window=2 shrink_windows=True', 'datetime': '2026-03-05T11:23:25.223000', 'gensim': '4.4.0', 'python': '3.11.6 (tags/v3.11.6:8b6ee5b, Oct  2 2023, 14:57:12) [MSC v.1935 64 bit (AMD64)]', 'platform': 'Windows-10-10.0.26200-SP0', 'event': 'train'}
2026-03-05 11:23:25,241 - gensim.models.word2vec - INFO - EPOCH 0: training on 1000 raw words (83 effective words) took 0.0s, 22156 effective words/s
2026-03-05 11:23:25,258 - gensim.models.word2vec - INFO - EPOCH 1: training on 1000 raw words (89 effective words) took 0.0s, 33120 effective words/s
2026-03-05 11:23:25,290 - gensim.models.word2vec - INFO - EPOCH 2: training on 1000 raw words (88 effective words) took 0.0s, 24929 effective words/s
2026-03-05 11:23:25,317 - gensim.models.word2vec - INFO - EPOCH 3: training on 1000 raw words (96 effective words) took 0.0s, 158155 effective words/s
2026-03-05 11:23:25,341 - gensim.models.word2vec - INFO - EPOCH 4: training on 1000 raw words (102 effective words) took 0.0s, 30850 effective words/s
2026-03-05 11:23:25,345 - gensim.utils - INFO - Word2Vec lifecycle event {'msg': 'training on 5000 raw words (458 effective words) took 0.1s, 3741 effective words/s', 'datetime': '2026-03-05T11:23:25.345719', 'gensim': '4.4.0', 'python': '3.11.6 (tags/v3.11.6:8b6ee5b, Oct  2 2023, 14:57:12) [MSC v.1935 64 bit (AMD64)]', 'platform': 'Windows-10-10.0.26200-SP0', 'event': 'train'}
2026-03-05 11:23:25,346 - gensim.utils - INFO - Word2Vec lifecycle event {'params': 'Word2Vec<vocab=8, vector_size=100, alpha=0.025>', 'datetime': '2026-03-05T11:23:25.346265', 'gensim': '4.4.0', 'python': '3.11.6 (tags/v3.11.6:8b6ee5b, Oct  2 2023, 14:57:12) [MSC v.1935 64 bit (AMD64)]', 'platform': 'Windows-10-10.0.26200-SP0', 'event': 'created'}
2026-03-05 11:23:25,347 - gensim.utils - INFO - Word2Vec lifecycle event {'fname_or_handle': 'models/word2vec\\w2v_skipgram_sz100_win2_ep5.model', 'separately': 'None', 'sep_limit': 10485760, 'ignore': frozenset(), 'datetime': '2026-03-05T11:23:25.347366', 'gensim': '4.4.0', 'python': '3.11.6 (tags/v3.11.6:8b6ee5b, Oct  2 2023, 14:57:12) [MSC v.1935 64 bit (AMD64)]', 'platform': 'Windows-10-10.0.26200-SP0', 'event': 'saving'}
2026-03-05 11:23:25,347 - gensim.utils - INFO - not storing attribute cum_table
2026-03-05 11:23:25,350 - gensim.utils - INFO - saved models/word2vec\w2v_skipgram_sz100_win2_ep5.model
2026-03-05 11:23:25,350 - NLP_Project - INFO - Training w2v_skipgram_sz100_win2_ep10...
2026-03-05 11:23:25,350 - gensim.models.word2vec - INFO - collecting all words and their counts
2026-03-05 11:23:25,353 - gensim.models.word2vec - INFO - PROGRESS: at sentence #0, processed 0 words, keeping 0 word types
2026-03-05 11:23:25,353 - gensim.models.word2vec - INFO - collected 8 word types from a corpus of 1000 raw words and 300 sentences
2026-03-05 11:23:25,354 - gensim.models.word2vec - INFO - Creating a fresh vocabulary
2026-03-05 11:23:25,354 - gensim.utils - INFO - Word2Vec lifecycle event {'msg': 'effective_min_count=5 retains 8 unique words (100.00% of original 8, drops 0)', 'datetime': '2026-03-05T11:23:25.354632', 'gensim': '4.4.0', 'python': '3.11.6 (tags/v3.11.6:8b6ee5b, Oct  2 2023, 14:57:12) [MSC v.1935 64 bit (AMD64)]', 'platform': 'Windows-10-10.0.26200-SP0', 'event': 'prepare_vocab'}
2026-03-05 11:23:25,354 - gensim.utils - INFO - Word2Vec lifecycle event {'msg': 'effective_min_count=5 leaves 1000 word corpus (100.00% of original 1000, drops 0)', 'datetime': '2026-03-05T11:23:25.354632', 'gensim': '4.4.0', 'python': '3.11.6 (tags/v3.11.6:8b6ee5b, Oct  2 2023, 14:57:12) [MSC v.1935 64 bit (AMD64)]', 'platform': 'Windows-10-10.0.26200-SP0', 'event': 'prepare_vocab'}
2026-03-05 11:23:25,354 - gensim.models.word2vec - INFO - deleting the raw counts dictionary of 8 items
2026-03-05 11:23:25,356 - gensim.models.word2vec - INFO - sample=0.001 downsamples 8 most-common words
2026-03-05 11:23:25,357 - gensim.utils - INFO - Word2Vec lifecycle event {'msg': 'downsampling leaves estimated 95.32050807568878 word corpus (9.5%% of prior 1000)', 'datetime': '2026-03-05T11:23:25.357402', 'gensim': '4.4.0', 'python': '3.11.6 (tags/v3.11.6:8b6ee5b, Oct  2 2023, 14:57:12) [MSC v.1935 64 bit (AMD64)]', 'platform': 'Windows-10-10.0.26200-SP0', 'event': 'prepare_vocab'}
2026-03-05 11:23:25,358 - gensim.models.word2vec - INFO - estimated required memory for 8 words and 100 dimensions: 10400 bytes
2026-03-05 11:23:25,358 - gensim.models.word2vec - INFO - resetting layer weights
2026-03-05 11:23:25,358 - gensim.utils - INFO - Word2Vec lifecycle event {'update': False, 'trim_rule': 'None', 'datetime': '2026-03-05T11:23:25.358424', 'gensim': '4.4.0', 'python': '3.11.6 (tags/v3.11.6:8b6ee5b, Oct  2 2023, 14:57:12) [MSC v.1935 64 bit (AMD64)]', 'platform': 'Windows-10-10.0.26200-SP0', 'event': 'build_vocab'}
2026-03-05 11:23:25,358 - gensim.utils - INFO - Word2Vec lifecycle event {'msg': 'training model with 16 workers on 8 vocabulary and 100 features, using sg=1 hs=0 sample=0.001 negative=5 window=2 shrink_windows=True', 'datetime': '2026-03-05T11:23:25.358424', 'gensim': '4.4.0', 'python': '3.11.6 (tags/v3.11.6:8b6ee5b, Oct  2 2023, 14:57:12) [MSC v.1935 64 bit (AMD64)]', 'platform': 'Windows-10-10.0.26200-SP0', 'event': 'train'}
2026-03-05 11:23:25,387 - gensim.models.word2vec - INFO - EPOCH 0: training on 1000 raw words (83 effective words) took 0.0s, 25912 effective words/s
2026-03-05 11:23:25,417 - gensim.models.word2vec - INFO - EPOCH 1: training on 1000 raw words (89 effective words) took 0.0s, 34661 effective words/s
2026-03-05 11:23:25,445 - gensim.models.word2vec - INFO - EPOCH 2: training on 1000 raw words (88 effective words) took 0.0s, 29695 effective words/s
2026-03-05 11:23:25,476 - gensim.models.word2vec - INFO - EPOCH 3: training on 1000 raw words (96 effective words) took 0.0s, 142285 effective words/s
2026-03-05 11:23:25,506 - gensim.models.word2vec - INFO - EPOCH 4: training on 1000 raw words (102 effective words) took 0.0s, 31652 effective words/s
2026-03-05 11:23:25,530 - gensim.models.word2vec - INFO - EPOCH 5: training on 1000 raw words (120 effective words) took 0.0s, 44620 effective words/s
2026-03-05 11:23:25,562 - gensim.models.word2vec - INFO - EPOCH 6: training on 1000 raw words (87 effective words) took 0.0s, 126915 effective words/s
2026-03-05 11:23:25,591 - gensim.models.word2vec - INFO - EPOCH 7: training on 1000 raw words (103 effective words) took 0.0s, 127998 effective words/s
2026-03-05 11:23:25,617 - gensim.models.word2vec - INFO - EPOCH 8: training on 1000 raw words (92 effective words) took 0.0s, 35784 effective words/s
2026-03-05 11:23:25,644 - gensim.models.word2vec - INFO - EPOCH 9: training on 1000 raw words (72 effective words) took 0.0s, 25339 effective words/s
2026-03-05 11:23:25,644 - gensim.utils - INFO - Word2Vec lifecycle event {'msg': 'training on 10000 raw words (932 effective words) took 0.3s, 3301 effective words/s', 'datetime': '2026-03-05T11:23:25.644100', 'gensim': '4.4.0', 'python': '3.11.6 (tags/v3.11.6:8b6ee5b, Oct  2 2023, 14:57:12) [MSC v.1935 64 bit (AMD64)]', 'platform': 'Windows-10-10.0.26200-SP0', 'event': 'train'}
2026-03-05 11:23:25,645 - gensim.utils - INFO - Word2Vec lifecycle event {'params': 'Word2Vec<vocab=8, vector_size=100, alpha=0.025>', 'datetime': '2026-03-05T11:23:25.645615', 'gensim': '4.4.0', 'python': '3.11.6 (tags/v3.11.6:8b6ee5b, Oct  2 2023, 14:57:12) [MSC v.1935 64 bit (AMD64)]', 'platform': 'Windows-10-10.0.26200-SP0', 'event': 'created'}
2026-03-05 11:23:25,645 - gensim.utils - INFO - Word2Vec lifecycle event {'fname_or_handle': 'models/word2vec\\w2v_skipgram_sz100_win2_ep10.model', 'separately': 'None', 'sep_limit': 10485760, 'ignore': frozenset(), 'datetime': '2026-03-05T11:23:25.645615', 'gensim': '4.4.0', 'python': '3.11.6 (tags/v3.11.6:8b6ee5b, Oct  2 2023, 14:57:12) [MSC v.1935 64 bit (AMD64)]', 'platform': 'Windows-10-10.0.26200-SP0', 'event': 'saving'}
2026-03-05 11:23:25,645 - gensim.utils - INFO - not storing attribute cum_table
2026-03-05 11:23:25,647 - gensim.utils - INFO - saved models/word2vec\w2v_skipgram_sz100_win2_ep10.model
2026-03-05 11:23:25,647 - NLP_Project - INFO - Training w2v_skipgram_sz100_win2_ep20...
2026-03-05 11:23:25,651 - gensim.models.word2vec - INFO - collecting all words and their counts
2026-03-05 11:23:25,651 - gensim.models.word2vec - INFO - PROGRESS: at sentence #0, processed 0 words, keeping 0 word types
2026-03-05 11:23:25,652 - gensim.models.word2vec - INFO - collected 8 word types from a corpus of 1000 raw words and 300 sentences
2026-03-05 11:23:25,652 - gensim.models.word2vec - INFO - Creating a fresh vocabulary
2026-03-05 11:23:25,653 - gensim.utils - INFO - Word2Vec lifecycle event {'msg': 'effective_min_count=5 retains 8 unique words (100.00% of original 8, drops 0)', 'datetime': '2026-03-05T11:23:25.653435', 'gensim': '4.4.0', 'python': '3.11.6 (tags/v3.11.6:8b6ee5b, Oct  2 2023, 14:57:12) [MSC v.1935 64 bit (AMD64)]', 'platform': 'Windows-10-10.0.26200-SP0', 'event': 'prepare_vocab'}
2026-03-05 11:23:25,653 - gensim.utils - INFO - Word2Vec lifecycle event {'msg': 'effective_min_count=5 leaves 1000 word corpus (100.00% of original 1000, drops 0)', 'datetime': '2026-03-05T11:23:25.653435', 'gensim': '4.4.0', 'python': '3.11.6 (tags/v3.11.6:8b6ee5b, Oct  2 2023, 14:57:12) [MSC v.1935 64 bit (AMD64)]', 'platform': 'Windows-10-10.0.26200-SP0', 'event': 'prepare_vocab'}
2026-03-05 11:23:25,653 - gensim.models.word2vec - INFO - deleting the raw counts dictionary of 8 items
2026-03-05 11:23:25,653 - gensim.models.word2vec - INFO - sample=0.001 downsamples 8 most-common words
2026-03-05 11:23:25,653 - gensim.utils - INFO - Word2Vec lifecycle event {'msg': 'downsampling leaves estimated 95.32050807568878 word corpus (9.5%% of prior 1000)', 'datetime': '2026-03-05T11:23:25.653435', 'gensim': '4.4.0', 'python': '3.11.6 (tags/v3.11.6:8b6ee5b, Oct  2 2023, 14:57:12) [MSC v.1935 64 bit (AMD64)]', 'platform': 'Windows-10-10.0.26200-SP0', 'event': 'prepare_vocab'}
2026-03-05 11:23:25,655 - gensim.models.word2vec - INFO - estimated required memory for 8 words and 100 dimensions: 10400 bytes
2026-03-05 11:23:25,656 - gensim.models.word2vec - INFO - resetting layer weights
2026-03-05 11:23:25,656 - gensim.utils - INFO - Word2Vec lifecycle event {'update': False, 'trim_rule': 'None', 'datetime': '2026-03-05T11:23:25.656597', 'gensim': '4.4.0', 'python': '3.11.6 (tags/v3.11.6:8b6ee5b, Oct  2 2023, 14:57:12) [MSC v.1935 64 bit (AMD64)]', 'platform': 'Windows-10-10.0.26200-SP0', 'event': 'build_vocab'}
2026-03-05 11:23:25,656 - gensim.utils - INFO - Word2Vec lifecycle event {'msg': 'training model with 16 workers on 8 vocabulary and 100 features, using sg=1 hs=0 sample=0.001 negative=5 window=2 shrink_windows=True', 'datetime': '2026-03-05T11:23:25.656597', 'gensim': '4.4.0', 'python': '3.11.6 (tags/v3.11.6:8b6ee5b, Oct  2 2023, 14:57:12) [MSC v.1935 64 bit (AMD64)]', 'platform': 'Windows-10-10.0.26200-SP0', 'event': 'train'}
2026-03-05 11:23:25,674 - gensim.models.word2vec - INFO - EPOCH 0: training on 1000 raw words (83 effective words) took 0.0s, 137897 effective words/s
2026-03-05 11:23:25,703 - gensim.models.word2vec - INFO - EPOCH 1: training on 1000 raw words (89 effective words) took 0.0s, 35873 effective words/s
2026-03-05 11:23:25,730 - gensim.models.word2vec - INFO - EPOCH 2: training on 1000 raw words (88 effective words) took 0.0s, 32971 effective words/s
2026-03-05 11:23:25,758 - gensim.models.word2vec - INFO - EPOCH 3: training on 1000 raw words (96 effective words) took 0.0s, 23236 effective words/s
2026-03-05 11:23:25,789 - gensim.models.word2vec - INFO - EPOCH 4: training on 1000 raw words (102 effective words) took 0.0s, 154475 effective words/s
2026-03-05 11:23:25,814 - gensim.models.word2vec - INFO - EPOCH 5: training on 1000 raw words (120 effective words) took 0.0s, 69045 effective words/s
2026-03-05 11:23:25,825 - gensim.models.word2vec - INFO - EPOCH 6: training on 1000 raw words (87 effective words) took 0.0s, 50414 effective words/s
2026-03-05 11:23:25,843 - gensim.models.word2vec - INFO - EPOCH 7: training on 1000 raw words (103 effective words) took 0.0s, 148973 effective words/s
2026-03-05 11:23:25,857 - gensim.models.word2vec - INFO - EPOCH 8: training on 1000 raw words (92 effective words) took 0.0s, 46841 effective words/s
2026-03-05 11:23:25,870 - gensim.models.word2vec - INFO - EPOCH 9: training on 1000 raw words (72 effective words) took 0.0s, 127343 effective words/s
2026-03-05 11:23:25,886 - gensim.models.word2vec - INFO - EPOCH 10: training on 1000 raw words (118 effective words) took 0.0s, 193570 effective words/s
2026-03-05 11:23:25,924 - gensim.models.word2vec - INFO - EPOCH 11: training on 1000 raw words (80 effective words) took 0.0s, 16513 effective words/s
2026-03-05 11:23:25,973 - gensim.models.word2vec - INFO - EPOCH 12: training on 1000 raw words (84 effective words) took 0.0s, 16612 effective words/s
2026-03-05 11:23:25,997 - gensim.models.word2vec - INFO - EPOCH 13: training on 1000 raw words (91 effective words) took 0.0s, 100708 effective words/s
2026-03-05 11:23:26,023 - gensim.models.word2vec - INFO - EPOCH 14: training on 1000 raw words (92 effective words) took 0.0s, 123772 effective words/s
2026-03-05 11:23:26,036 - gensim.models.word2vec - INFO - EPOCH 15: training on 1000 raw words (94 effective words) took 0.0s, 320163 effective words/s
2026-03-05 11:23:26,053 - gensim.models.word2vec - INFO - EPOCH 16: training on 1000 raw words (100 effective words) took 0.0s, 313873 effective words/s
2026-03-05 11:23:26,071 - gensim.models.word2vec - INFO - EPOCH 17: training on 1000 raw words (96 effective words) took 0.0s, 145278 effective words/s
2026-03-05 11:23:26,097 - gensim.models.word2vec - INFO - EPOCH 18: training on 1000 raw words (95 effective words) took 0.0s, 89018 effective words/s
2026-03-05 11:23:26,120 - gensim.models.word2vec - INFO - EPOCH 19: training on 1000 raw words (103 effective words) took 0.0s, 30250 effective words/s
2026-03-05 11:23:26,120 - gensim.utils - INFO - Word2Vec lifecycle event {'msg': 'training on 20000 raw words (1885 effective words) took 0.5s, 4075 effective words/s', 'datetime': '2026-03-05T11:23:26.120827', 'gensim': '4.4.0', 'python': '3.11.6 (tags/v3.11.6:8b6ee5b, Oct  2 2023, 14:57:12) [MSC v.1935 64 bit (AMD64)]', 'platform': 'Windows-10-10.0.26200-SP0', 'event': 'train'}
2026-03-05 11:23:26,122 - gensim.utils - INFO - Word2Vec lifecycle event {'params': 'Word2Vec<vocab=8, vector_size=100, alpha=0.025>', 'datetime': '2026-03-05T11:23:26.122419', 'gensim': '4.4.0', 'python': '3.11.6 (tags/v3.11.6:8b6ee5b, Oct  2 2023, 14:57:12) [MSC v.1935 64 bit (AMD64)]', 'platform': 'Windows-10-10.0.26200-SP0', 'event': 'created'}
2026-03-05 11:23:26,122 - gensim.utils - INFO - Word2Vec lifecycle event {'fname_or_handle': 'models/word2vec\\w2v_skipgram_sz100_win2_ep20.model', 'separately': 'None', 'sep_limit': 10485760, 'ignore': frozenset(), 'datetime': '2026-03-05T11:23:26.122875', 'gensim': '4.4.0', 'python': '3.11.6 (tags/v3.11.6:8b6ee5b, Oct  2 2023, 14:57:12) [MSC v.1935 64 bit (AMD64)]', 'platform': 'Windows-10-10.0.26200-SP0', 'event': 'saving'}
2026-03-05 11:23:26,124 - gensim.utils - INFO - not storing attribute cum_table
2026-03-05 11:23:26,126 - gensim.utils - INFO - saved models/word2vec\w2v_skipgram_sz100_win2_ep20.model
2026-03-05 11:23:26,126 - NLP_Project - INFO - Training w2v_cbow_sz100_win5_ep5...
2026-03-05 11:23:26,126 - gensim.models.word2vec - INFO - collecting all words and their counts
2026-03-05 11:23:26,130 - gensim.models.word2vec - INFO - PROGRESS: at sentence #0, processed 0 words, keeping 0 word types
2026-03-05 11:23:26,131 - gensim.models.word2vec - INFO - collected 8 word types from a corpus of 1000 raw words and 300 sentences
2026-03-05 11:23:26,132 - gensim.models.word2vec - INFO - Creating a fresh vocabulary
2026-03-05 11:23:26,132 - gensim.utils - INFO - Word2Vec lifecycle event {'msg': 'effective_min_count=5 retains 8 unique words (100.00% of original 8, drops 0)', 'datetime': '2026-03-05T11:23:26.132979', 'gensim': '4.4.0', 'python': '3.11.6 (tags/v3.11.6:8b6ee5b, Oct  2 2023, 14:57:12) [MSC v.1935 64 bit (AMD64)]', 'platform': 'Windows-10-10.0.26200-SP0', 'event': 'prepare_vocab'}
2026-03-05 11:23:26,132 - gensim.utils - INFO - Word2Vec lifecycle event {'msg': 'effective_min_count=5 leaves 1000 word corpus (100.00% of original 1000, drops 0)', 'datetime': '2026-03-05T11:23:26.132979', 'gensim': '4.4.0', 'python': '3.11.6 (tags/v3.11.6:8b6ee5b, Oct  2 2023, 14:57:12) [MSC v.1935 64 bit (AMD64)]', 'platform': 'Windows-10-10.0.26200-SP0', 'event': 'prepare_vocab'}
2026-03-05 11:23:26,132 - gensim.models.word2vec - INFO - deleting the raw counts dictionary of 8 items
2026-03-05 11:23:26,132 - gensim.models.word2vec - INFO - sample=0.001 downsamples 8 most-common words
2026-03-05 11:23:26,132 - gensim.utils - INFO - Word2Vec lifecycle event {'msg': 'downsampling leaves estimated 95.32050807568878 word corpus (9.5%% of prior 1000)', 'datetime': '2026-03-05T11:23:26.132979', 'gensim': '4.4.0', 'python': '3.11.6 (tags/v3.11.6:8b6ee5b, Oct  2 2023, 14:57:12) [MSC v.1935 64 bit (AMD64)]', 'platform': 'Windows-10-10.0.26200-SP0', 'event': 'prepare_vocab'}
2026-03-05 11:23:26,135 - gensim.models.word2vec - INFO - estimated required memory for 8 words and 100 dimensions: 10400 bytes
2026-03-05 11:23:26,135 - gensim.models.word2vec - INFO - resetting layer weights
2026-03-05 11:23:26,135 - gensim.utils - INFO - Word2Vec lifecycle event {'update': False, 'trim_rule': 'None', 'datetime': '2026-03-05T11:23:26.135895', 'gensim': '4.4.0', 'python': '3.11.6 (tags/v3.11.6:8b6ee5b, Oct  2 2023, 14:57:12) [MSC v.1935 64 bit (AMD64)]', 'platform': 'Windows-10-10.0.26200-SP0', 'event': 'build_vocab'}
2026-03-05 11:23:26,135 - gensim.utils - INFO - Word2Vec lifecycle event {'msg': 'training model with 16 workers on 8 vocabulary and 100 features, using sg=0 hs=0 sample=0.001 negative=5 window=5 shrink_windows=True', 'datetime': '2026-03-05T11:23:26.135895', 'gensim': '4.4.0', 'python': '3.11.6 (tags/v3.11.6:8b6ee5b, Oct  2 2023, 14:57:12) [MSC v.1935 64 bit (AMD64)]', 'platform': 'Windows-10-10.0.26200-SP0', 'event': 'train'}
2026-03-05 11:23:26,157 - gensim.models.word2vec - INFO - EPOCH 0: training on 1000 raw words (83 effective words) took 0.0s, 45983 effective words/s
2026-03-05 11:23:26,187 - gensim.models.word2vec - INFO - EPOCH 1: training on 1000 raw words (92 effective words) took 0.0s, 24335 effective words/s
2026-03-05 11:23:26,219 - gensim.models.word2vec - INFO - EPOCH 2: training on 1000 raw words (82 effective words) took 0.0s, 133160 effective words/s
2026-03-05 11:23:26,253 - gensim.models.word2vec - INFO - EPOCH 3: training on 1000 raw words (96 effective words) took 0.0s, 162272 effective words/s
2026-03-05 11:23:26,281 - gensim.models.word2vec - INFO - EPOCH 4: training on 1000 raw words (96 effective words) took 0.0s, 21350 effective words/s
2026-03-05 11:23:26,281 - gensim.utils - INFO - Word2Vec lifecycle event {'msg': 'training on 5000 raw words (449 effective words) took 0.1s, 3011 effective words/s', 'datetime': '2026-03-05T11:23:26.281828', 'gensim': '4.4.0', 'python': '3.11.6 (tags/v3.11.6:8b6ee5b, Oct  2 2023, 14:57:12) [MSC v.1935 64 bit (AMD64)]', 'platform': 'Windows-10-10.0.26200-SP0', 'event': 'train'}
2026-03-05 11:23:26,286 - gensim.utils - INFO - Word2Vec lifecycle event {'params': 'Word2Vec<vocab=8, vector_size=100, alpha=0.025>', 'datetime': '2026-03-05T11:23:26.286936', 'gensim': '4.4.0', 'python': '3.11.6 (tags/v3.11.6:8b6ee5b, Oct  2 2023, 14:57:12) [MSC v.1935 64 bit (AMD64)]', 'platform': 'Windows-10-10.0.26200-SP0', 'event': 'created'}
2026-03-05 11:23:26,286 - gensim.utils - INFO - Word2Vec lifecycle event {'fname_or_handle': 'models/word2vec\\w2v_cbow_sz100_win5_ep5.model', 'separately': 'None', 'sep_limit': 10485760, 'ignore': frozenset(), 'datetime': '2026-03-05T11:23:26.286936', 'gensim': '4.4.0', 'python': '3.11.6 (tags/v3.11.6:8b6ee5b, Oct  2 2023, 14:57:12) [MSC v.1935 64 bit (AMD64)]', 'platform': 'Windows-10-10.0.26200-SP0', 'event': 'saving'}
2026-03-05 11:23:26,286 - gensim.utils - INFO - not storing attribute cum_table
2026-03-05 11:23:26,291 - gensim.utils - INFO - saved models/word2vec\w2v_cbow_sz100_win5_ep5.model
2026-03-05 11:23:26,291 - NLP_Project - INFO - Training w2v_cbow_sz100_win5_ep10...
2026-03-05 11:23:26,293 - gensim.models.word2vec - INFO - collecting all words and their counts
2026-03-05 11:23:26,293 - gensim.models.word2vec - INFO - PROGRESS: at sentence #0, processed 0 words, keeping 0 word types
2026-03-05 11:23:26,293 - gensim.models.word2vec - INFO - collected 8 word types from a corpus of 1000 raw words and 300 sentences
2026-03-05 11:23:26,295 - gensim.models.word2vec - INFO - Creating a fresh vocabulary
2026-03-05 11:23:26,295 - gensim.utils - INFO - Word2Vec lifecycle event {'msg': 'effective_min_count=5 retains 8 unique words (100.00% of original 8, drops 0)', 'datetime': '2026-03-05T11:23:26.295643', 'gensim': '4.4.0', 'python': '3.11.6 (tags/v3.11.6:8b6ee5b, Oct  2 2023, 14:57:12) [MSC v.1935 64 bit (AMD64)]', 'platform': 'Windows-10-10.0.26200-SP0', 'event': 'prepare_vocab'}
2026-03-05 11:23:26,296 - gensim.utils - INFO - Word2Vec lifecycle event {'msg': 'effective_min_count=5 leaves 1000 word corpus (100.00% of original 1000, drops 0)', 'datetime': '2026-03-05T11:23:26.296524', 'gensim': '4.4.0', 'python': '3.11.6 (tags/v3.11.6:8b6ee5b, Oct  2 2023, 14:57:12) [MSC v.1935 64 bit (AMD64)]', 'platform': 'Windows-10-10.0.26200-SP0', 'event': 'prepare_vocab'}
2026-03-05 11:23:26,297 - gensim.models.word2vec - INFO - deleting the raw counts dictionary of 8 items
2026-03-05 11:23:26,297 - gensim.models.word2vec - INFO - sample=0.001 downsamples 8 most-common words
2026-03-05 11:23:26,298 - gensim.utils - INFO - Word2Vec lifecycle event {'msg': 'downsampling leaves estimated 95.32050807568878 word corpus (9.5%% of prior 1000)', 'datetime': '2026-03-05T11:23:26.298557', 'gensim': '4.4.0', 'python': '3.11.6 (tags/v3.11.6:8b6ee5b, Oct  2 2023, 14:57:12) [MSC v.1935 64 bit (AMD64)]', 'platform': 'Windows-10-10.0.26200-SP0', 'event': 'prepare_vocab'}
2026-03-05 11:23:26,299 - gensim.models.word2vec - INFO - estimated required memory for 8 words and 100 dimensions: 10400 bytes
2026-03-05 11:23:26,299 - gensim.models.word2vec - INFO - resetting layer weights
2026-03-05 11:23:26,299 - gensim.utils - INFO - Word2Vec lifecycle event {'update': False, 'trim_rule': 'None', 'datetime': '2026-03-05T11:23:26.299295', 'gensim': '4.4.0', 'python': '3.11.6 (tags/v3.11.6:8b6ee5b, Oct  2 2023, 14:57:12) [MSC v.1935 64 bit (AMD64)]', 'platform': 'Windows-10-10.0.26200-SP0', 'event': 'build_vocab'}
2026-03-05 11:23:26,299 - gensim.utils - INFO - Word2Vec lifecycle event {'msg': 'training model with 16 workers on 8 vocabulary and 100 features, using sg=0 hs=0 sample=0.001 negative=5 window=5 shrink_windows=True', 'datetime': '2026-03-05T11:23:26.299295', 'gensim': '4.4.0', 'python': '3.11.6 (tags/v3.11.6:8b6ee5b, Oct  2 2023, 14:57:12) [MSC v.1935 64 bit (AMD64)]', 'platform': 'Windows-10-10.0.26200-SP0', 'event': 'train'}
2026-03-05 11:23:26,324 - gensim.models.word2vec - INFO - EPOCH 0: training on 1000 raw words (83 effective words) took 0.0s, 109254 effective words/s
2026-03-05 11:23:26,354 - gensim.models.word2vec - INFO - EPOCH 1: training on 1000 raw words (92 effective words) took 0.0s, 30422 effective words/s
2026-03-05 11:23:26,385 - gensim.models.word2vec - INFO - EPOCH 2: training on 1000 raw words (82 effective words) took 0.0s, 20747 effective words/s
2026-03-05 11:23:26,415 - gensim.models.word2vec - INFO - EPOCH 3: training on 1000 raw words (96 effective words) took 0.0s, 28140 effective words/s
2026-03-05 11:23:26,447 - gensim.models.word2vec - INFO - EPOCH 4: training on 1000 raw words (96 effective words) took 0.0s, 27696 effective words/s
2026-03-05 11:23:26,478 - gensim.models.word2vec - INFO - EPOCH 5: training on 1000 raw words (95 effective words) took 0.0s, 20545 effective words/s
2026-03-05 11:23:26,497 - gensim.models.word2vec - INFO - EPOCH 6: training on 1000 raw words (93 effective words) took 0.0s, 240683 effective words/s
2026-03-05 11:23:26,522 - gensim.models.word2vec - INFO - EPOCH 7: training on 1000 raw words (79 effective words) took 0.0s, 126420 effective words/s
2026-03-05 11:23:26,548 - gensim.models.word2vec - INFO - EPOCH 8: training on 1000 raw words (102 effective words) took 0.0s, 41668 effective words/s
2026-03-05 11:23:26,574 - gensim.models.word2vec - INFO - EPOCH 9: training on 1000 raw words (99 effective words) took 0.0s, 212173 effective words/s
2026-03-05 11:23:26,574 - gensim.utils - INFO - Word2Vec lifecycle event {'msg': 'training on 10000 raw words (917 effective words) took 0.3s, 3292 effective words/s', 'datetime': '2026-03-05T11:23:26.574470', 'gensim': '4.4.0', 'python': '3.11.6 (tags/v3.11.6:8b6ee5b, Oct  2 2023, 14:57:12) [MSC v.1935 64 bit (AMD64)]', 'platform': 'Windows-10-10.0.26200-SP0', 'event': 'train'}
2026-03-05 11:23:26,574 - gensim.utils - INFO - Word2Vec lifecycle event {'params': 'Word2Vec<vocab=8, vector_size=100, alpha=0.025>', 'datetime': '2026-03-05T11:23:26.574470', 'gensim': '4.4.0', 'python': '3.11.6 (tags/v3.11.6:8b6ee5b, Oct  2 2023, 14:57:12) [MSC v.1935 64 bit (AMD64)]', 'platform': 'Windows-10-10.0.26200-SP0', 'event': 'created'}
2026-03-05 11:23:26,581 - gensim.utils - INFO - Word2Vec lifecycle event {'fname_or_handle': 'models/word2vec\\w2v_cbow_sz100_win5_ep10.model', 'separately': 'None', 'sep_limit': 10485760, 'ignore': frozenset(), 'datetime': '2026-03-05T11:23:26.581649', 'gensim': '4.4.0', 'python': '3.11.6 (tags/v3.11.6:8b6ee5b, Oct  2 2023, 14:57:12) [MSC v.1935 64 bit (AMD64)]', 'platform': 'Windows-10-10.0.26200-SP0', 'event': 'saving'}
2026-03-05 11:23:26,581 - gensim.utils - INFO - not storing attribute cum_table
2026-03-05 11:23:26,581 - gensim.utils - INFO - saved models/word2vec\w2v_cbow_sz100_win5_ep10.model
2026-03-05 11:23:26,581 - NLP_Project - INFO - Training w2v_cbow_sz100_win5_ep20...
2026-03-05 11:23:26,581 - gensim.models.word2vec - INFO - collecting all words and their counts
2026-03-05 11:23:26,581 - gensim.models.word2vec - INFO - PROGRESS: at sentence #0, processed 0 words, keeping 0 word types
2026-03-05 11:23:26,587 - gensim.models.word2vec - INFO - collected 8 word types from a corpus of 1000 raw words and 300 sentences
2026-03-05 11:23:26,587 - gensim.models.word2vec - INFO - Creating a fresh vocabulary
2026-03-05 11:23:26,587 - gensim.utils - INFO - Word2Vec lifecycle event {'msg': 'effective_min_count=5 retains 8 unique words (100.00% of original 8, drops 0)', 'datetime': '2026-03-05T11:23:26.587330', 'gensim': '4.4.0', 'python': '3.11.6 (tags/v3.11.6:8b6ee5b, Oct  2 2023, 14:57:12) [MSC v.1935 64 bit (AMD64)]', 'platform': 'Windows-10-10.0.26200-SP0', 'event': 'prepare_vocab'}
2026-03-05 11:23:26,587 - gensim.utils - INFO - Word2Vec lifecycle event {'msg': 'effective_min_count=5 leaves 1000 word corpus (100.00% of original 1000, drops 0)', 'datetime': '2026-03-05T11:23:26.587330', 'gensim': '4.4.0', 'python': '3.11.6 (tags/v3.11.6:8b6ee5b, Oct  2 2023, 14:57:12) [MSC v.1935 64 bit (AMD64)]', 'platform': 'Windows-10-10.0.26200-SP0', 'event': 'prepare_vocab'}
2026-03-05 11:23:26,587 - gensim.models.word2vec - INFO - deleting the raw counts dictionary of 8 items
2026-03-05 11:23:26,587 - gensim.models.word2vec - INFO - sample=0.001 downsamples 8 most-common words
2026-03-05 11:23:26,587 - gensim.utils - INFO - Word2Vec lifecycle event {'msg': 'downsampling leaves estimated 95.32050807568878 word corpus (9.5%% of prior 1000)', 'datetime': '2026-03-05T11:23:26.587330', 'gensim': '4.4.0', 'python': '3.11.6 (tags/v3.11.6:8b6ee5b, Oct  2 2023, 14:57:12) [MSC v.1935 64 bit (AMD64)]', 'platform': 'Windows-10-10.0.26200-SP0', 'event': 'prepare_vocab'}
2026-03-05 11:23:26,589 - gensim.models.word2vec - INFO - estimated required memory for 8 words and 100 dimensions: 10400 bytes
2026-03-05 11:23:26,589 - gensim.models.word2vec - INFO - resetting layer weights
2026-03-05 11:23:26,591 - gensim.utils - INFO - Word2Vec lifecycle event {'update': False, 'trim_rule': 'None', 'datetime': '2026-03-05T11:23:26.591192', 'gensim': '4.4.0', 'python': '3.11.6 (tags/v3.11.6:8b6ee5b, Oct  2 2023, 14:57:12) [MSC v.1935 64 bit (AMD64)]', 'platform': 'Windows-10-10.0.26200-SP0', 'event': 'build_vocab'}
2026-03-05 11:23:26,591 - gensim.utils - INFO - Word2Vec lifecycle event {'msg': 'training model with 16 workers on 8 vocabulary and 100 features, using sg=0 hs=0 sample=0.001 negative=5 window=5 shrink_windows=True', 'datetime': '2026-03-05T11:23:26.591192', 'gensim': '4.4.0', 'python': '3.11.6 (tags/v3.11.6:8b6ee5b, Oct  2 2023, 14:57:12) [MSC v.1935 64 bit (AMD64)]', 'platform': 'Windows-10-10.0.26200-SP0', 'event': 'train'}
2026-03-05 11:23:26,613 - gensim.models.word2vec - INFO - EPOCH 0: training on 1000 raw words (83 effective words) took 0.0s, 151349 effective words/s
2026-03-05 11:23:26,636 - gensim.models.word2vec - INFO - EPOCH 1: training on 1000 raw words (92 effective words) took 0.0s, 33975 effective words/s
2026-03-05 11:23:26,664 - gensim.models.word2vec - INFO - EPOCH 2: training on 1000 raw words (82 effective words) took 0.0s, 28470 effective words/s
2026-03-05 11:23:26,694 - gensim.models.word2vec - INFO - EPOCH 3: training on 1000 raw words (96 effective words) took 0.0s, 25061 effective words/s
2026-03-05 11:23:26,728 - gensim.models.word2vec - INFO - EPOCH 4: training on 1000 raw words (96 effective words) took 0.0s, 300469 effective words/s
2026-03-05 11:23:26,757 - gensim.models.word2vec - INFO - EPOCH 5: training on 1000 raw words (95 effective words) took 0.0s, 28412 effective words/s
2026-03-05 11:23:26,787 - gensim.models.word2vec - INFO - EPOCH 6: training on 1000 raw words (93 effective words) took 0.0s, 35048 effective words/s
2026-03-05 11:23:26,820 - gensim.models.word2vec - INFO - EPOCH 7: training on 1000 raw words (79 effective words) took 0.0s, 24631 effective words/s
2026-03-05 11:23:26,853 - gensim.models.word2vec - INFO - EPOCH 8: training on 1000 raw words (102 effective words) took 0.0s, 38986 effective words/s
2026-03-05 11:23:26,881 - gensim.models.word2vec - INFO - EPOCH 9: training on 1000 raw words (99 effective words) took 0.0s, 34607 effective words/s
2026-03-05 11:23:26,910 - gensim.models.word2vec - INFO - EPOCH 10: training on 1000 raw words (89 effective words) took 0.0s, 30188 effective words/s
2026-03-05 11:23:26,937 - gensim.models.word2vec - INFO - EPOCH 11: training on 1000 raw words (99 effective words) took 0.0s, 40400 effective words/s
2026-03-05 11:23:26,962 - gensim.models.word2vec - INFO - EPOCH 12: training on 1000 raw words (88 effective words) took 0.0s, 292845 effective words/s
2026-03-05 11:23:26,992 - gensim.models.word2vec - INFO - EPOCH 13: training on 1000 raw words (100 effective words) took 0.0s, 27379 effective words/s
2026-03-05 11:23:27,020 - gensim.models.word2vec - INFO - EPOCH 14: training on 1000 raw words (89 effective words) took 0.0s, 36774 effective words/s
2026-03-05 11:23:27,048 - gensim.models.word2vec - INFO - EPOCH 15: training on 1000 raw words (104 effective words) took 0.0s, 35443 effective words/s
2026-03-05 11:23:27,072 - gensim.models.word2vec - INFO - EPOCH 16: training on 1000 raw words (105 effective words) took 0.0s, 43050 effective words/s
2026-03-05 11:23:27,098 - gensim.models.word2vec - INFO - EPOCH 17: training on 1000 raw words (84 effective words) took 0.0s, 157865 effective words/s
2026-03-05 11:23:27,124 - gensim.models.word2vec - INFO - EPOCH 18: training on 1000 raw words (85 effective words) took 0.0s, 135437 effective words/s
2026-03-05 11:23:27,154 - gensim.models.word2vec - INFO - EPOCH 19: training on 1000 raw words (90 effective words) took 0.0s, 27834 effective words/s
2026-03-05 11:23:27,157 - gensim.utils - INFO - Word2Vec lifecycle event {'msg': 'training on 20000 raw words (1850 effective words) took 0.6s, 3279 effective words/s', 'datetime': '2026-03-05T11:23:27.157056', 'gensim': '4.4.0', 'python': '3.11.6 (tags/v3.11.6:8b6ee5b, Oct  2 2023, 14:57:12) [MSC v.1935 64 bit (AMD64)]', 'platform': 'Windows-10-10.0.26200-SP0', 'event': 'train'}
2026-03-05 11:23:27,157 - gensim.utils - INFO - Word2Vec lifecycle event {'params': 'Word2Vec<vocab=8, vector_size=100, alpha=0.025>', 'datetime': '2026-03-05T11:23:27.157790', 'gensim': '4.4.0', 'python': '3.11.6 (tags/v3.11.6:8b6ee5b, Oct  2 2023, 14:57:12) [MSC v.1935 64 bit (AMD64)]', 'platform': 'Windows-10-10.0.26200-SP0', 'event': 'created'}
2026-03-05 11:23:27,159 - gensim.utils - INFO - Word2Vec lifecycle event {'fname_or_handle': 'models/word2vec\\w2v_cbow_sz100_win5_ep20.model', 'separately': 'None', 'sep_limit': 10485760, 'ignore': frozenset(), 'datetime': '2026-03-05T11:23:27.159341', 'gensim': '4.4.0', 'python': '3.11.6 (tags/v3.11.6:8b6ee5b, Oct  2 2023, 14:57:12) [MSC v.1935 64 bit (AMD64)]', 'platform': 'Windows-10-10.0.26200-SP0', 'event': 'saving'}
2026-03-05 11:23:27,159 - gensim.utils - INFO - not storing attribute cum_table
2026-03-05 11:23:27,161 - gensim.utils - INFO - saved models/word2vec\w2v_cbow_sz100_win5_ep20.model
2026-03-05 11:23:27,161 - NLP_Project - INFO - Training w2v_skipgram_sz100_win5_ep5...
2026-03-05 11:23:27,163 - gensim.models.word2vec - INFO - collecting all words and their counts
2026-03-05 11:23:27,164 - gensim.models.word2vec - INFO - PROGRESS: at sentence #0, processed 0 words, keeping 0 word types
2026-03-05 11:23:27,164 - gensim.models.word2vec - INFO - collected 8 word types from a corpus of 1000 raw words and 300 sentences
2026-03-05 11:23:27,164 - gensim.models.word2vec - INFO - Creating a fresh vocabulary
2026-03-05 11:23:27,164 - gensim.utils - INFO - Word2Vec lifecycle event {'msg': 'effective_min_count=5 retains 8 unique words (100.00% of original 8, drops 0)', 'datetime': '2026-03-05T11:23:27.164981', 'gensim': '4.4.0', 'python': '3.11.6 (tags/v3.11.6:8b6ee5b, Oct  2 2023, 14:57:12) [MSC v.1935 64 bit (AMD64)]', 'platform': 'Windows-10-10.0.26200-SP0', 'event': 'prepare_vocab'}
2026-03-05 11:23:27,164 - gensim.utils - INFO - Word2Vec lifecycle event {'msg': 'effective_min_count=5 leaves 1000 word corpus (100.00% of original 1000, drops 0)', 'datetime': '2026-03-05T11:23:27.164981', 'gensim': '4.4.0', 'python': '3.11.6 (tags/v3.11.6:8b6ee5b, Oct  2 2023, 14:57:12) [MSC v.1935 64 bit (AMD64)]', 'platform': 'Windows-10-10.0.26200-SP0', 'event': 'prepare_vocab'}
2026-03-05 11:23:27,164 - gensim.models.word2vec - INFO - deleting the raw counts dictionary of 8 items
2026-03-05 11:23:27,164 - gensim.models.word2vec - INFO - sample=0.001 downsamples 8 most-common words
2026-03-05 11:23:27,167 - gensim.utils - INFO - Word2Vec lifecycle event {'msg': 'downsampling leaves estimated 95.32050807568878 word corpus (9.5%% of prior 1000)', 'datetime': '2026-03-05T11:23:27.167554', 'gensim': '4.4.0', 'python': '3.11.6 (tags/v3.11.6:8b6ee5b, Oct  2 2023, 14:57:12) [MSC v.1935 64 bit (AMD64)]', 'platform': 'Windows-10-10.0.26200-SP0', 'event': 'prepare_vocab'}
2026-03-05 11:23:27,167 - gensim.models.word2vec - INFO - estimated required memory for 8 words and 100 dimensions: 10400 bytes
2026-03-05 11:23:27,168 - gensim.models.word2vec - INFO - resetting layer weights
2026-03-05 11:23:27,168 - gensim.utils - INFO - Word2Vec lifecycle event {'update': False, 'trim_rule': 'None', 'datetime': '2026-03-05T11:23:27.168270', 'gensim': '4.4.0', 'python': '3.11.6 (tags/v3.11.6:8b6ee5b, Oct  2 2023, 14:57:12) [MSC v.1935 64 bit (AMD64)]', 'platform': 'Windows-10-10.0.26200-SP0', 'event': 'build_vocab'}
2026-03-05 11:23:27,169 - gensim.utils - INFO - Word2Vec lifecycle event {'msg': 'training model with 16 workers on 8 vocabulary and 100 features, using sg=1 hs=0 sample=0.001 negative=5 window=5 shrink_windows=True', 'datetime': '2026-03-05T11:23:27.169040', 'gensim': '4.4.0', 'python': '3.11.6 (tags/v3.11.6:8b6ee5b, Oct  2 2023, 14:57:12) [MSC v.1935 64 bit (AMD64)]', 'platform': 'Windows-10-10.0.26200-SP0', 'event': 'train'}
2026-03-05 11:23:27,187 - gensim.models.word2vec - INFO - EPOCH 0: training on 1000 raw words (83 effective words) took 0.0s, 220042 effective words/s
2026-03-05 11:23:27,209 - gensim.models.word2vec - INFO - EPOCH 1: training on 1000 raw words (92 effective words) took 0.0s, 176009 effective words/s
2026-03-05 11:23:27,239 - gensim.models.word2vec - INFO - EPOCH 2: training on 1000 raw words (82 effective words) took 0.0s, 27332 effective words/s
2026-03-05 11:23:27,267 - gensim.models.word2vec - INFO - EPOCH 3: training on 1000 raw words (96 effective words) took 0.0s, 31165 effective words/s
2026-03-05 11:23:27,289 - gensim.models.word2vec - INFO - EPOCH 4: training on 1000 raw words (96 effective words) took 0.0s, 29314 effective words/s
2026-03-05 11:23:27,291 - gensim.utils - INFO - Word2Vec lifecycle event {'msg': 'training on 5000 raw words (449 effective words) took 0.1s, 3676 effective words/s', 'datetime': '2026-03-05T11:23:27.291099', 'gensim': '4.4.0', 'python': '3.11.6 (tags/v3.11.6:8b6ee5b, Oct  2 2023, 14:57:12) [MSC v.1935 64 bit (AMD64)]', 'platform': 'Windows-10-10.0.26200-SP0', 'event': 'train'}
2026-03-05 11:23:27,291 - gensim.utils - INFO - Word2Vec lifecycle event {'params': 'Word2Vec<vocab=8, vector_size=100, alpha=0.025>', 'datetime': '2026-03-05T11:23:27.291099', 'gensim': '4.4.0', 'python': '3.11.6 (tags/v3.11.6:8b6ee5b, Oct  2 2023, 14:57:12) [MSC v.1935 64 bit (AMD64)]', 'platform': 'Windows-10-10.0.26200-SP0', 'event': 'created'}
2026-03-05 11:23:27,291 - gensim.utils - INFO - Word2Vec lifecycle event {'fname_or_handle': 'models/word2vec\\w2v_skipgram_sz100_win5_ep5.model', 'separately': 'None', 'sep_limit': 10485760, 'ignore': frozenset(), 'datetime': '2026-03-05T11:23:27.291099', 'gensim': '4.4.0', 'python': '3.11.6 (tags/v3.11.6:8b6ee5b, Oct  2 2023, 14:57:12) [MSC v.1935 64 bit (AMD64)]', 'platform': 'Windows-10-10.0.26200-SP0', 'event': 'saving'}
2026-03-05 11:23:27,296 - gensim.utils - INFO - not storing attribute cum_table
2026-03-05 11:23:27,298 - gensim.utils - INFO - saved models/word2vec\w2v_skipgram_sz100_win5_ep5.model
2026-03-05 11:23:27,298 - NLP_Project - INFO - Training w2v_skipgram_sz100_win5_ep10...
2026-03-05 11:23:27,300 - gensim.models.word2vec - INFO - collecting all words and their counts
2026-03-05 11:23:27,300 - gensim.models.word2vec - INFO - PROGRESS: at sentence #0, processed 0 words, keeping 0 word types
2026-03-05 11:23:27,300 - gensim.models.word2vec - INFO - collected 8 word types from a corpus of 1000 raw words and 300 sentences
2026-03-05 11:23:27,301 - gensim.models.word2vec - INFO - Creating a fresh vocabulary
2026-03-05 11:23:27,302 - gensim.utils - INFO - Word2Vec lifecycle event {'msg': 'effective_min_count=5 retains 8 unique words (100.00% of original 8, drops 0)', 'datetime': '2026-03-05T11:23:27.302040', 'gensim': '4.4.0', 'python': '3.11.6 (tags/v3.11.6:8b6ee5b, Oct  2 2023, 14:57:12) [MSC v.1935 64 bit (AMD64)]', 'platform': 'Windows-10-10.0.26200-SP0', 'event': 'prepare_vocab'}
2026-03-05 11:23:27,302 - gensim.utils - INFO - Word2Vec lifecycle event {'msg': 'effective_min_count=5 leaves 1000 word corpus (100.00% of original 1000, drops 0)', 'datetime': '2026-03-05T11:23:27.302040', 'gensim': '4.4.0', 'python': '3.11.6 (tags/v3.11.6:8b6ee5b, Oct  2 2023, 14:57:12) [MSC v.1935 64 bit (AMD64)]', 'platform': 'Windows-10-10.0.26200-SP0', 'event': 'prepare_vocab'}
2026-03-05 11:23:27,302 - gensim.models.word2vec - INFO - deleting the raw counts dictionary of 8 items
2026-03-05 11:23:27,302 - gensim.models.word2vec - INFO - sample=0.001 downsamples 8 most-common words
2026-03-05 11:23:27,303 - gensim.utils - INFO - Word2Vec lifecycle event {'msg': 'downsampling leaves estimated 95.32050807568878 word corpus (9.5%% of prior 1000)', 'datetime': '2026-03-05T11:23:27.303709', 'gensim': '4.4.0', 'python': '3.11.6 (tags/v3.11.6:8b6ee5b, Oct  2 2023, 14:57:12) [MSC v.1935 64 bit (AMD64)]', 'platform': 'Windows-10-10.0.26200-SP0', 'event': 'prepare_vocab'}
2026-03-05 11:23:27,303 - gensim.models.word2vec - INFO - estimated required memory for 8 words and 100 dimensions: 10400 bytes
2026-03-05 11:23:27,303 - gensim.models.word2vec - INFO - resetting layer weights
2026-03-05 11:23:27,303 - gensim.utils - INFO - Word2Vec lifecycle event {'update': False, 'trim_rule': 'None', 'datetime': '2026-03-05T11:23:27.303709', 'gensim': '4.4.0', 'python': '3.11.6 (tags/v3.11.6:8b6ee5b, Oct  2 2023, 14:57:12) [MSC v.1935 64 bit (AMD64)]', 'platform': 'Windows-10-10.0.26200-SP0', 'event': 'build_vocab'}
2026-03-05 11:23:27,305 - gensim.utils - INFO - Word2Vec lifecycle event {'msg': 'training model with 16 workers on 8 vocabulary and 100 features, using sg=1 hs=0 sample=0.001 negative=5 window=5 shrink_windows=True', 'datetime': '2026-03-05T11:23:27.305254', 'gensim': '4.4.0', 'python': '3.11.6 (tags/v3.11.6:8b6ee5b, Oct  2 2023, 14:57:12) [MSC v.1935 64 bit (AMD64)]', 'platform': 'Windows-10-10.0.26200-SP0', 'event': 'train'}
2026-03-05 11:23:27,324 - gensim.models.word2vec - INFO - EPOCH 0: training on 1000 raw words (83 effective words) took 0.0s, 84230 effective words/s
2026-03-05 11:23:27,348 - gensim.models.word2vec - INFO - EPOCH 1: training on 1000 raw words (92 effective words) took 0.0s, 129250 effective words/s
2026-03-05 11:23:27,374 - gensim.models.word2vec - INFO - EPOCH 2: training on 1000 raw words (82 effective words) took 0.0s, 29930 effective words/s
2026-03-05 11:23:27,404 - gensim.models.word2vec - INFO - EPOCH 3: training on 1000 raw words (96 effective words) took 0.0s, 37423 effective words/s
2026-03-05 11:23:27,430 - gensim.models.word2vec - INFO - EPOCH 4: training on 1000 raw words (96 effective words) took 0.0s, 31085 effective words/s
2026-03-05 11:23:27,453 - gensim.models.word2vec - INFO - EPOCH 5: training on 1000 raw words (95 effective words) took 0.0s, 42004 effective words/s
2026-03-05 11:23:27,481 - gensim.models.word2vec - INFO - EPOCH 6: training on 1000 raw words (93 effective words) took 0.0s, 231516 effective words/s
2026-03-05 11:23:27,508 - gensim.models.word2vec - INFO - EPOCH 7: training on 1000 raw words (79 effective words) took 0.0s, 108756 effective words/s
2026-03-05 11:23:27,531 - gensim.models.word2vec - INFO - EPOCH 8: training on 1000 raw words (102 effective words) took 0.0s, 45473 effective words/s
2026-03-05 11:23:27,558 - gensim.models.word2vec - INFO - EPOCH 9: training on 1000 raw words (99 effective words) took 0.0s, 292035 effective words/s
2026-03-05 11:23:27,558 - gensim.utils - INFO - Word2Vec lifecycle event {'msg': 'training on 10000 raw words (917 effective words) took 0.3s, 3575 effective words/s', 'datetime': '2026-03-05T11:23:27.558735', 'gensim': '4.4.0', 'python': '3.11.6 (tags/v3.11.6:8b6ee5b, Oct  2 2023, 14:57:12) [MSC v.1935 64 bit (AMD64)]', 'platform': 'Windows-10-10.0.26200-SP0', 'event': 'train'}
2026-03-05 11:23:27,558 - gensim.utils - INFO - Word2Vec lifecycle event {'params': 'Word2Vec<vocab=8, vector_size=100, alpha=0.025>', 'datetime': '2026-03-05T11:23:27.558735', 'gensim': '4.4.0', 'python': '3.11.6 (tags/v3.11.6:8b6ee5b, Oct  2 2023, 14:57:12) [MSC v.1935 64 bit (AMD64)]', 'platform': 'Windows-10-10.0.26200-SP0', 'event': 'created'}
2026-03-05 11:23:27,563 - gensim.utils - INFO - Word2Vec lifecycle event {'fname_or_handle': 'models/word2vec\\w2v_skipgram_sz100_win5_ep10.model', 'separately': 'None', 'sep_limit': 10485760, 'ignore': frozenset(), 'datetime': '2026-03-05T11:23:27.563684', 'gensim': '4.4.0', 'python': '3.11.6 (tags/v3.11.6:8b6ee5b, Oct  2 2023, 14:57:12) [MSC v.1935 64 bit (AMD64)]', 'platform': 'Windows-10-10.0.26200-SP0', 'event': 'saving'}
2026-03-05 11:23:27,563 - gensim.utils - INFO - not storing attribute cum_table
2026-03-05 11:23:27,567 - gensim.utils - INFO - saved models/word2vec\w2v_skipgram_sz100_win5_ep10.model
2026-03-05 11:23:27,567 - NLP_Project - INFO - Training w2v_skipgram_sz100_win5_ep20...
2026-03-05 11:23:27,567 - gensim.models.word2vec - INFO - collecting all words and their counts
2026-03-05 11:23:27,567 - gensim.models.word2vec - INFO - PROGRESS: at sentence #0, processed 0 words, keeping 0 word types
2026-03-05 11:23:27,569 - gensim.models.word2vec - INFO - collected 8 word types from a corpus of 1000 raw words and 300 sentences
2026-03-05 11:23:27,570 - gensim.models.word2vec - INFO - Creating a fresh vocabulary
2026-03-05 11:23:27,570 - gensim.utils - INFO - Word2Vec lifecycle event {'msg': 'effective_min_count=5 retains 8 unique words (100.00% of original 8, drops 0)', 'datetime': '2026-03-05T11:23:27.570498', 'gensim': '4.4.0', 'python': '3.11.6 (tags/v3.11.6:8b6ee5b, Oct  2 2023, 14:57:12) [MSC v.1935 64 bit (AMD64)]', 'platform': 'Windows-10-10.0.26200-SP0', 'event': 'prepare_vocab'}
2026-03-05 11:23:27,570 - gensim.utils - INFO - Word2Vec lifecycle event {'msg': 'effective_min_count=5 leaves 1000 word corpus (100.00% of original 1000, drops 0)', 'datetime': '2026-03-05T11:23:27.570498', 'gensim': '4.4.0', 'python': '3.11.6 (tags/v3.11.6:8b6ee5b, Oct  2 2023, 14:57:12) [MSC v.1935 64 bit (AMD64)]', 'platform': 'Windows-10-10.0.26200-SP0', 'event': 'prepare_vocab'}
2026-03-05 11:23:27,570 - gensim.models.word2vec - INFO - deleting the raw counts dictionary of 8 items
2026-03-05 11:23:27,572 - gensim.models.word2vec - INFO - sample=0.001 downsamples 8 most-common words
2026-03-05 11:23:27,572 - gensim.utils - INFO - Word2Vec lifecycle event {'msg': 'downsampling leaves estimated 95.32050807568878 word corpus (9.5%% of prior 1000)', 'datetime': '2026-03-05T11:23:27.572319', 'gensim': '4.4.0', 'python': '3.11.6 (tags/v3.11.6:8b6ee5b, Oct  2 2023, 14:57:12) [MSC v.1935 64 bit (AMD64)]', 'platform': 'Windows-10-10.0.26200-SP0', 'event': 'prepare_vocab'}
2026-03-05 11:23:27,572 - gensim.models.word2vec - INFO - estimated required memory for 8 words and 100 dimensions: 10400 bytes
2026-03-05 11:23:27,572 - gensim.models.word2vec - INFO - resetting layer weights
2026-03-05 11:23:27,574 - gensim.utils - INFO - Word2Vec lifecycle event {'update': False, 'trim_rule': 'None', 'datetime': '2026-03-05T11:23:27.574357', 'gensim': '4.4.0', 'python': '3.11.6 (tags/v3.11.6:8b6ee5b, Oct  2 2023, 14:57:12) [MSC v.1935 64 bit (AMD64)]', 'platform': 'Windows-10-10.0.26200-SP0', 'event': 'build_vocab'}
2026-03-05 11:23:27,574 - gensim.utils - INFO - Word2Vec lifecycle event {'msg': 'training model with 16 workers on 8 vocabulary and 100 features, using sg=1 hs=0 sample=0.001 negative=5 window=5 shrink_windows=True', 'datetime': '2026-03-05T11:23:27.574357', 'gensim': '4.4.0', 'python': '3.11.6 (tags/v3.11.6:8b6ee5b, Oct  2 2023, 14:57:12) [MSC v.1935 64 bit (AMD64)]', 'platform': 'Windows-10-10.0.26200-SP0', 'event': 'train'}
2026-03-05 11:23:27,597 - gensim.models.word2vec - INFO - EPOCH 0: training on 1000 raw words (83 effective words) took 0.0s, 30240 effective words/s
2026-03-05 11:23:27,626 - gensim.models.word2vec - INFO - EPOCH 1: training on 1000 raw words (92 effective words) took 0.0s, 22251 effective words/s
2026-03-05 11:23:27,649 - gensim.models.word2vec - INFO - EPOCH 2: training on 1000 raw words (82 effective words) took 0.0s, 34753 effective words/s
2026-03-05 11:23:27,673 - gensim.models.word2vec - INFO - EPOCH 3: training on 1000 raw words (96 effective words) took 0.0s, 35716 effective words/s
2026-03-05 11:23:27,704 - gensim.models.word2vec - INFO - EPOCH 4: training on 1000 raw words (96 effective words) took 0.0s, 33282 effective words/s
2026-03-05 11:23:27,732 - gensim.models.word2vec - INFO - EPOCH 5: training on 1000 raw words (95 effective words) took 0.0s, 32945 effective words/s
2026-03-05 11:23:27,758 - gensim.models.word2vec - INFO - EPOCH 6: training on 1000 raw words (93 effective words) took 0.0s, 34861 effective words/s
2026-03-05 11:23:27,784 - gensim.models.word2vec - INFO - EPOCH 7: training on 1000 raw words (79 effective words) took 0.0s, 37016 effective words/s
2026-03-05 11:23:27,809 - gensim.models.word2vec - INFO - EPOCH 8: training on 1000 raw words (102 effective words) took 0.0s, 145798 effective words/s
2026-03-05 11:23:27,832 - gensim.models.word2vec - INFO - EPOCH 9: training on 1000 raw words (99 effective words) took 0.0s, 44240 effective words/s
2026-03-05 11:23:27,859 - gensim.models.word2vec - INFO - EPOCH 10: training on 1000 raw words (89 effective words) took 0.0s, 147767 effective words/s
2026-03-05 11:23:27,887 - gensim.models.word2vec - INFO - EPOCH 11: training on 1000 raw words (99 effective words) took 0.0s, 36900 effective words/s
2026-03-05 11:23:27,908 - gensim.models.word2vec - INFO - EPOCH 12: training on 1000 raw words (88 effective words) took 0.0s, 36192 effective words/s
2026-03-05 11:23:27,941 - gensim.models.word2vec - INFO - EPOCH 13: training on 1000 raw words (100 effective words) took 0.0s, 171851 effective words/s
2026-03-05 11:23:27,967 - gensim.models.word2vec - INFO - EPOCH 14: training on 1000 raw words (89 effective words) took 0.0s, 29008 effective words/s
2026-03-05 11:23:27,996 - gensim.models.word2vec - INFO - EPOCH 15: training on 1000 raw words (104 effective words) took 0.0s, 278075 effective words/s
2026-03-05 11:23:28,022 - gensim.models.word2vec - INFO - EPOCH 16: training on 1000 raw words (105 effective words) took 0.0s, 239344 effective words/s
2026-03-05 11:23:28,050 - gensim.models.word2vec - INFO - EPOCH 17: training on 1000 raw words (84 effective words) took 0.0s, 128401 effective words/s
2026-03-05 11:23:28,081 - gensim.models.word2vec - INFO - EPOCH 18: training on 1000 raw words (85 effective words) took 0.0s, 27872 effective words/s
2026-03-05 11:23:28,116 - gensim.models.word2vec - INFO - EPOCH 19: training on 1000 raw words (90 effective words) took 0.0s, 22960 effective words/s
2026-03-05 11:23:28,116 - gensim.utils - INFO - Word2Vec lifecycle event {'msg': 'training on 20000 raw words (1850 effective words) took 0.5s, 3420 effective words/s', 'datetime': '2026-03-05T11:23:28.116996', 'gensim': '4.4.0', 'python': '3.11.6 (tags/v3.11.6:8b6ee5b, Oct  2 2023, 14:57:12) [MSC v.1935 64 bit (AMD64)]', 'platform': 'Windows-10-10.0.26200-SP0', 'event': 'train'}
2026-03-05 11:23:28,117 - gensim.utils - INFO - Word2Vec lifecycle event {'params': 'Word2Vec<vocab=8, vector_size=100, alpha=0.025>', 'datetime': '2026-03-05T11:23:28.117613', 'gensim': '4.4.0', 'python': '3.11.6 (tags/v3.11.6:8b6ee5b, Oct  2 2023, 14:57:12) [MSC v.1935 64 bit (AMD64)]', 'platform': 'Windows-10-10.0.26200-SP0', 'event': 'created'}
2026-03-05 11:23:28,117 - gensim.utils - INFO - Word2Vec lifecycle event {'fname_or_handle': 'models/word2vec\\w2v_skipgram_sz100_win5_ep20.model', 'separately': 'None', 'sep_limit': 10485760, 'ignore': frozenset(), 'datetime': '2026-03-05T11:23:28.117613', 'gensim': '4.4.0', 'python': '3.11.6 (tags/v3.11.6:8b6ee5b, Oct  2 2023, 14:57:12) [MSC v.1935 64 bit (AMD64)]', 'platform': 'Windows-10-10.0.26200-SP0', 'event': 'saving'}
2026-03-05 11:23:28,119 - gensim.utils - INFO - not storing attribute cum_table
2026-03-05 11:23:28,120 - gensim.utils - INFO - saved models/word2vec\w2v_skipgram_sz100_win5_ep20.model
2026-03-05 11:23:28,122 - NLP_Project - INFO - Training w2v_cbow_sz100_win10_ep5...
2026-03-05 11:23:28,122 - gensim.models.word2vec - INFO - collecting all words and their counts
2026-03-05 11:23:28,124 - gensim.models.word2vec - INFO - PROGRESS: at sentence #0, processed 0 words, keeping 0 word types
2026-03-05 11:23:28,124 - gensim.models.word2vec - INFO - collected 8 word types from a corpus of 1000 raw words and 300 sentences
2026-03-05 11:23:28,126 - gensim.models.word2vec - INFO - Creating a fresh vocabulary
2026-03-05 11:23:28,126 - gensim.utils - INFO - Word2Vec lifecycle event {'msg': 'effective_min_count=5 retains 8 unique words (100.00% of original 8, drops 0)', 'datetime': '2026-03-05T11:23:28.126749', 'gensim': '4.4.0', 'python': '3.11.6 (tags/v3.11.6:8b6ee5b, Oct  2 2023, 14:57:12) [MSC v.1935 64 bit (AMD64)]', 'platform': 'Windows-10-10.0.26200-SP0', 'event': 'prepare_vocab'}
2026-03-05 11:23:28,126 - gensim.utils - INFO - Word2Vec lifecycle event {'msg': 'effective_min_count=5 leaves 1000 word corpus (100.00% of original 1000, drops 0)', 'datetime': '2026-03-05T11:23:28.126749', 'gensim': '4.4.0', 'python': '3.11.6 (tags/v3.11.6:8b6ee5b, Oct  2 2023, 14:57:12) [MSC v.1935 64 bit (AMD64)]', 'platform': 'Windows-10-10.0.26200-SP0', 'event': 'prepare_vocab'}
2026-03-05 11:23:28,128 - gensim.models.word2vec - INFO - deleting the raw counts dictionary of 8 items
2026-03-05 11:23:28,128 - gensim.models.word2vec - INFO - sample=0.001 downsamples 8 most-common words
2026-03-05 11:23:28,128 - gensim.utils - INFO - Word2Vec lifecycle event {'msg': 'downsampling leaves estimated 95.32050807568878 word corpus (9.5%% of prior 1000)', 'datetime': '2026-03-05T11:23:28.128759', 'gensim': '4.4.0', 'python': '3.11.6 (tags/v3.11.6:8b6ee5b, Oct  2 2023, 14:57:12) [MSC v.1935 64 bit (AMD64)]', 'platform': 'Windows-10-10.0.26200-SP0', 'event': 'prepare_vocab'}
2026-03-05 11:23:28,131 - gensim.models.word2vec - INFO - estimated required memory for 8 words and 100 dimensions: 10400 bytes
2026-03-05 11:23:28,131 - gensim.models.word2vec - INFO - resetting layer weights
2026-03-05 11:23:28,131 - gensim.utils - INFO - Word2Vec lifecycle event {'update': False, 'trim_rule': 'None', 'datetime': '2026-03-05T11:23:28.131909', 'gensim': '4.4.0', 'python': '3.11.6 (tags/v3.11.6:8b6ee5b, Oct  2 2023, 14:57:12) [MSC v.1935 64 bit (AMD64)]', 'platform': 'Windows-10-10.0.26200-SP0', 'event': 'build_vocab'}
2026-03-05 11:23:28,131 - gensim.utils - INFO - Word2Vec lifecycle event {'msg': 'training model with 16 workers on 8 vocabulary and 100 features, using sg=0 hs=0 sample=0.001 negative=5 window=10 shrink_windows=True', 'datetime': '2026-03-05T11:23:28.131909', 'gensim': '4.4.0', 'python': '3.11.6 (tags/v3.11.6:8b6ee5b, Oct  2 2023, 14:57:12) [MSC v.1935 64 bit (AMD64)]', 'platform': 'Windows-10-10.0.26200-SP0', 'event': 'train'}
2026-03-05 11:23:28,159 - gensim.models.word2vec - INFO - EPOCH 0: training on 1000 raw words (83 effective words) took 0.0s, 27780 effective words/s
2026-03-05 11:23:28,199 - gensim.models.word2vec - INFO - EPOCH 1: training on 1000 raw words (99 effective words) took 0.0s, 21219 effective words/s
2026-03-05 11:23:28,235 - gensim.models.word2vec - INFO - EPOCH 2: training on 1000 raw words (111 effective words) took 0.0s, 38091 effective words/s
2026-03-05 11:23:28,267 - gensim.models.word2vec - INFO - EPOCH 3: training on 1000 raw words (99 effective words) took 0.0s, 225359 effective words/s
2026-03-05 11:23:28,297 - gensim.models.word2vec - INFO - EPOCH 4: training on 1000 raw words (103 effective words) took 0.0s, 30433 effective words/s
2026-03-05 11:23:28,297 - gensim.utils - INFO - Word2Vec lifecycle event {'msg': 'training on 5000 raw words (495 effective words) took 0.2s, 3009 effective words/s', 'datetime': '2026-03-05T11:23:28.297464', 'gensim': '4.4.0', 'python': '3.11.6 (tags/v3.11.6:8b6ee5b, Oct  2 2023, 14:57:12) [MSC v.1935 64 bit (AMD64)]', 'platform': 'Windows-10-10.0.26200-SP0', 'event': 'train'}
2026-03-05 11:23:28,297 - gensim.utils - INFO - Word2Vec lifecycle event {'params': 'Word2Vec<vocab=8, vector_size=100, alpha=0.025>', 'datetime': '2026-03-05T11:23:28.297464', 'gensim': '4.4.0', 'python': '3.11.6 (tags/v3.11.6:8b6ee5b, Oct  2 2023, 14:57:12) [MSC v.1935 64 bit (AMD64)]', 'platform': 'Windows-10-10.0.26200-SP0', 'event': 'created'}
2026-03-05 11:23:28,299 - gensim.utils - INFO - Word2Vec lifecycle event {'fname_or_handle': 'models/word2vec\\w2v_cbow_sz100_win10_ep5.model', 'separately': 'None', 'sep_limit': 10485760, 'ignore': frozenset(), 'datetime': '2026-03-05T11:23:28.299561', 'gensim': '4.4.0', 'python': '3.11.6 (tags/v3.11.6:8b6ee5b, Oct  2 2023, 14:57:12) [MSC v.1935 64 bit (AMD64)]', 'platform': 'Windows-10-10.0.26200-SP0', 'event': 'saving'}
2026-03-05 11:23:28,299 - gensim.utils - INFO - not storing attribute cum_table
2026-03-05 11:23:28,303 - gensim.utils - INFO - saved models/word2vec\w2v_cbow_sz100_win10_ep5.model
2026-03-05 11:23:28,303 - NLP_Project - INFO - Training w2v_cbow_sz100_win10_ep10...
2026-03-05 11:23:28,303 - gensim.models.word2vec - INFO - collecting all words and their counts
2026-03-05 11:23:28,305 - gensim.models.word2vec - INFO - PROGRESS: at sentence #0, processed 0 words, keeping 0 word types
2026-03-05 11:23:28,305 - gensim.models.word2vec - INFO - collected 8 word types from a corpus of 1000 raw words and 300 sentences
2026-03-05 11:23:28,306 - gensim.models.word2vec - INFO - Creating a fresh vocabulary
2026-03-05 11:23:28,307 - gensim.utils - INFO - Word2Vec lifecycle event {'msg': 'effective_min_count=5 retains 8 unique words (100.00% of original 8, drops 0)', 'datetime': '2026-03-05T11:23:28.307690', 'gensim': '4.4.0', 'python': '3.11.6 (tags/v3.11.6:8b6ee5b, Oct  2 2023, 14:57:12) [MSC v.1935 64 bit (AMD64)]', 'platform': 'Windows-10-10.0.26200-SP0', 'event': 'prepare_vocab'}
2026-03-05 11:23:28,308 - gensim.utils - INFO - Word2Vec lifecycle event {'msg': 'effective_min_count=5 leaves 1000 word corpus (100.00% of original 1000, drops 0)', 'datetime': '2026-03-05T11:23:28.308700', 'gensim': '4.4.0', 'python': '3.11.6 (tags/v3.11.6:8b6ee5b, Oct  2 2023, 14:57:12) [MSC v.1935 64 bit (AMD64)]', 'platform': 'Windows-10-10.0.26200-SP0', 'event': 'prepare_vocab'}
2026-03-05 11:23:28,308 - gensim.models.word2vec - INFO - deleting the raw counts dictionary of 8 items
2026-03-05 11:23:28,308 - gensim.models.word2vec - INFO - sample=0.001 downsamples 8 most-common words
2026-03-05 11:23:28,308 - gensim.utils - INFO - Word2Vec lifecycle event {'msg': 'downsampling leaves estimated 95.32050807568878 word corpus (9.5%% of prior 1000)', 'datetime': '2026-03-05T11:23:28.308700', 'gensim': '4.4.0', 'python': '3.11.6 (tags/v3.11.6:8b6ee5b, Oct  2 2023, 14:57:12) [MSC v.1935 64 bit (AMD64)]', 'platform': 'Windows-10-10.0.26200-SP0', 'event': 'prepare_vocab'}
2026-03-05 11:23:28,311 - gensim.models.word2vec - INFO - estimated required memory for 8 words and 100 dimensions: 10400 bytes
2026-03-05 11:23:28,311 - gensim.models.word2vec - INFO - resetting layer weights
2026-03-05 11:23:28,311 - gensim.utils - INFO - Word2Vec lifecycle event {'update': False, 'trim_rule': 'None', 'datetime': '2026-03-05T11:23:28.311480', 'gensim': '4.4.0', 'python': '3.11.6 (tags/v3.11.6:8b6ee5b, Oct  2 2023, 14:57:12) [MSC v.1935 64 bit (AMD64)]', 'platform': 'Windows-10-10.0.26200-SP0', 'event': 'build_vocab'}
2026-03-05 11:23:28,313 - gensim.utils - INFO - Word2Vec lifecycle event {'msg': 'training model with 16 workers on 8 vocabulary and 100 features, using sg=0 hs=0 sample=0.001 negative=5 window=10 shrink_windows=True', 'datetime': '2026-03-05T11:23:28.311480', 'gensim': '4.4.0', 'python': '3.11.6 (tags/v3.11.6:8b6ee5b, Oct  2 2023, 14:57:12) [MSC v.1935 64 bit (AMD64)]', 'platform': 'Windows-10-10.0.26200-SP0', 'event': 'train'}
2026-03-05 11:23:28,340 - gensim.models.word2vec - INFO - EPOCH 0: training on 1000 raw words (83 effective words) took 0.0s, 23338 effective words/s
2026-03-05 11:23:28,369 - gensim.models.word2vec - INFO - EPOCH 1: training on 1000 raw words (99 effective words) took 0.0s, 214704 effective words/s
2026-03-05 11:23:28,390 - gensim.models.word2vec - INFO - EPOCH 2: training on 1000 raw words (111 effective words) took 0.0s, 33654 effective words/s
2026-03-05 11:23:28,422 - gensim.models.word2vec - INFO - EPOCH 3: training on 1000 raw words (99 effective words) took 0.0s, 136139 effective words/s
2026-03-05 11:23:28,455 - gensim.models.word2vec - INFO - EPOCH 4: training on 1000 raw words (103 effective words) took 0.0s, 29006 effective words/s
2026-03-05 11:23:28,481 - gensim.models.word2vec - INFO - EPOCH 5: training on 1000 raw words (98 effective words) took 0.0s, 31243 effective words/s
2026-03-05 11:23:28,517 - gensim.models.word2vec - INFO - EPOCH 6: training on 1000 raw words (94 effective words) took 0.0s, 28567 effective words/s
2026-03-05 11:23:28,547 - gensim.models.word2vec - INFO - EPOCH 7: training on 1000 raw words (99 effective words) took 0.0s, 25798 effective words/s
2026-03-05 11:23:28,574 - gensim.models.word2vec - INFO - EPOCH 8: training on 1000 raw words (97 effective words) took 0.0s, 22182 effective words/s
2026-03-05 11:23:28,600 - gensim.models.word2vec - INFO - EPOCH 9: training on 1000 raw words (89 effective words) took 0.0s, 33806 effective words/s
2026-03-05 11:23:28,603 - gensim.utils - INFO - Word2Vec lifecycle event {'msg': 'training on 10000 raw words (972 effective words) took 0.3s, 3356 effective words/s', 'datetime': '2026-03-05T11:23:28.603564', 'gensim': '4.4.0', 'python': '3.11.6 (tags/v3.11.6:8b6ee5b, Oct  2 2023, 14:57:12) [MSC v.1935 64 bit (AMD64)]', 'platform': 'Windows-10-10.0.26200-SP0', 'event': 'train'}
2026-03-05 11:23:28,603 - gensim.utils - INFO - Word2Vec lifecycle event {'params': 'Word2Vec<vocab=8, vector_size=100, alpha=0.025>', 'datetime': '2026-03-05T11:23:28.603564', 'gensim': '4.4.0', 'python': '3.11.6 (tags/v3.11.6:8b6ee5b, Oct  2 2023, 14:57:12) [MSC v.1935 64 bit (AMD64)]', 'platform': 'Windows-10-10.0.26200-SP0', 'event': 'created'}
2026-03-05 11:23:28,603 - gensim.utils - INFO - Word2Vec lifecycle event {'fname_or_handle': 'models/word2vec\\w2v_cbow_sz100_win10_ep10.model', 'separately': 'None', 'sep_limit': 10485760, 'ignore': frozenset(), 'datetime': '2026-03-05T11:23:28.603564', 'gensim': '4.4.0', 'python': '3.11.6 (tags/v3.11.6:8b6ee5b, Oct  2 2023, 14:57:12) [MSC v.1935 64 bit (AMD64)]', 'platform': 'Windows-10-10.0.26200-SP0', 'event': 'saving'}
2026-03-05 11:23:28,603 - gensim.utils - INFO - not storing attribute cum_table
2026-03-05 11:23:28,603 - gensim.utils - INFO - saved models/word2vec\w2v_cbow_sz100_win10_ep10.model
2026-03-05 11:23:28,606 - NLP_Project - INFO - Training w2v_cbow_sz100_win10_ep20...
2026-03-05 11:23:28,607 - gensim.models.word2vec - INFO - collecting all words and their counts
2026-03-05 11:23:28,607 - gensim.models.word2vec - INFO - PROGRESS: at sentence #0, processed 0 words, keeping 0 word types
2026-03-05 11:23:28,608 - gensim.models.word2vec - INFO - collected 8 word types from a corpus of 1000 raw words and 300 sentences
2026-03-05 11:23:28,608 - gensim.models.word2vec - INFO - Creating a fresh vocabulary
2026-03-05 11:23:28,608 - gensim.utils - INFO - Word2Vec lifecycle event {'msg': 'effective_min_count=5 retains 8 unique words (100.00% of original 8, drops 0)', 'datetime': '2026-03-05T11:23:28.608797', 'gensim': '4.4.0', 'python': '3.11.6 (tags/v3.11.6:8b6ee5b, Oct  2 2023, 14:57:12) [MSC v.1935 64 bit (AMD64)]', 'platform': 'Windows-10-10.0.26200-SP0', 'event': 'prepare_vocab'}
2026-03-05 11:23:28,608 - gensim.utils - INFO - Word2Vec lifecycle event {'msg': 'effective_min_count=5 leaves 1000 word corpus (100.00% of original 1000, drops 0)', 'datetime': '2026-03-05T11:23:28.608797', 'gensim': '4.4.0', 'python': '3.11.6 (tags/v3.11.6:8b6ee5b, Oct  2 2023, 14:57:12) [MSC v.1935 64 bit (AMD64)]', 'platform': 'Windows-10-10.0.26200-SP0', 'event': 'prepare_vocab'}
2026-03-05 11:23:28,608 - gensim.models.word2vec - INFO - deleting the raw counts dictionary of 8 items
2026-03-05 11:23:28,608 - gensim.models.word2vec - INFO - sample=0.001 downsamples 8 most-common words
2026-03-05 11:23:28,612 - gensim.utils - INFO - Word2Vec lifecycle event {'msg': 'downsampling leaves estimated 95.32050807568878 word corpus (9.5%% of prior 1000)', 'datetime': '2026-03-05T11:23:28.612810', 'gensim': '4.4.0', 'python': '3.11.6 (tags/v3.11.6:8b6ee5b, Oct  2 2023, 14:57:12) [MSC v.1935 64 bit (AMD64)]', 'platform': 'Windows-10-10.0.26200-SP0', 'event': 'prepare_vocab'}
2026-03-05 11:23:28,612 - gensim.models.word2vec - INFO - estimated required memory for 8 words and 100 dimensions: 10400 bytes
2026-03-05 11:23:28,612 - gensim.models.word2vec - INFO - resetting layer weights
2026-03-05 11:23:28,612 - gensim.utils - INFO - Word2Vec lifecycle event {'update': False, 'trim_rule': 'None', 'datetime': '2026-03-05T11:23:28.612810', 'gensim': '4.4.0', 'python': '3.11.6 (tags/v3.11.6:8b6ee5b, Oct  2 2023, 14:57:12) [MSC v.1935 64 bit (AMD64)]', 'platform': 'Windows-10-10.0.26200-SP0', 'event': 'build_vocab'}
2026-03-05 11:23:28,612 - gensim.utils - INFO - Word2Vec lifecycle event {'msg': 'training model with 16 workers on 8 vocabulary and 100 features, using sg=0 hs=0 sample=0.001 negative=5 window=10 shrink_windows=True', 'datetime': '2026-03-05T11:23:28.612810', 'gensim': '4.4.0', 'python': '3.11.6 (tags/v3.11.6:8b6ee5b, Oct  2 2023, 14:57:12) [MSC v.1935 64 bit (AMD64)]', 'platform': 'Windows-10-10.0.26200-SP0', 'event': 'train'}
2026-03-05 11:23:28,632 - gensim.models.word2vec - INFO - EPOCH 0: training on 1000 raw words (83 effective words) took 0.0s, 176633 effective words/s
2026-03-05 11:23:28,658 - gensim.models.word2vec - INFO - EPOCH 1: training on 1000 raw words (99 effective words) took 0.0s, 24064 effective words/s
2026-03-05 11:23:28,686 - gensim.models.word2vec - INFO - EPOCH 2: training on 1000 raw words (111 effective words) took 0.0s, 32136 effective words/s
2026-03-05 11:23:28,709 - gensim.models.word2vec - INFO - EPOCH 3: training on 1000 raw words (99 effective words) took 0.0s, 25783 effective words/s
2026-03-05 11:23:28,749 - gensim.models.word2vec - INFO - EPOCH 4: training on 1000 raw words (103 effective words) took 0.0s, 26256 effective words/s
2026-03-05 11:23:28,774 - gensim.models.word2vec - INFO - EPOCH 5: training on 1000 raw words (98 effective words) took 0.0s, 25245 effective words/s
2026-03-05 11:23:28,797 - gensim.models.word2vec - INFO - EPOCH 6: training on 1000 raw words (94 effective words) took 0.0s, 142381 effective words/s
2026-03-05 11:23:28,826 - gensim.models.word2vec - INFO - EPOCH 7: training on 1000 raw words (99 effective words) took 0.0s, 24434 effective words/s
2026-03-05 11:23:28,856 - gensim.models.word2vec - INFO - EPOCH 8: training on 1000 raw words (97 effective words) took 0.0s, 29753 effective words/s
2026-03-05 11:23:28,884 - gensim.models.word2vec - INFO - EPOCH 9: training on 1000 raw words (89 effective words) took 0.0s, 215392 effective words/s
2026-03-05 11:23:28,909 - gensim.models.word2vec - INFO - EPOCH 10: training on 1000 raw words (90 effective words) took 0.0s, 23521 effective words/s
2026-03-05 11:23:28,939 - gensim.models.word2vec - INFO - EPOCH 11: training on 1000 raw words (96 effective words) took 0.0s, 266593 effective words/s
2026-03-05 11:23:28,967 - gensim.models.word2vec - INFO - EPOCH 12: training on 1000 raw words (102 effective words) took 0.0s, 32610 effective words/s
2026-03-05 11:23:28,996 - gensim.models.word2vec - INFO - EPOCH 13: training on 1000 raw words (116 effective words) took 0.0s, 32131 effective words/s
2026-03-05 11:23:29,025 - gensim.models.word2vec - INFO - EPOCH 14: training on 1000 raw words (78 effective words) took 0.0s, 158827 effective words/s
2026-03-05 11:23:29,055 - gensim.models.word2vec - INFO - EPOCH 15: training on 1000 raw words (93 effective words) took 0.0s, 49987 effective words/s
2026-03-05 11:23:29,081 - gensim.models.word2vec - INFO - EPOCH 16: training on 1000 raw words (85 effective words) took 0.0s, 27659 effective words/s
2026-03-05 11:23:29,109 - gensim.models.word2vec - INFO - EPOCH 17: training on 1000 raw words (92 effective words) took 0.0s, 182287 effective words/s
2026-03-05 11:23:29,140 - gensim.models.word2vec - INFO - EPOCH 18: training on 1000 raw words (107 effective words) took 0.0s, 38420 effective words/s
2026-03-05 11:23:29,167 - gensim.models.word2vec - INFO - EPOCH 19: training on 1000 raw words (116 effective words) took 0.0s, 258007 effective words/s
2026-03-05 11:23:29,170 - gensim.utils - INFO - Word2Vec lifecycle event {'msg': 'training on 20000 raw words (1947 effective words) took 0.6s, 3504 effective words/s', 'datetime': '2026-03-05T11:23:29.170507', 'gensim': '4.4.0', 'python': '3.11.6 (tags/v3.11.6:8b6ee5b, Oct  2 2023, 14:57:12) [MSC v.1935 64 bit (AMD64)]', 'platform': 'Windows-10-10.0.26200-SP0', 'event': 'train'}
2026-03-05 11:23:29,170 - gensim.utils - INFO - Word2Vec lifecycle event {'params': 'Word2Vec<vocab=8, vector_size=100, alpha=0.025>', 'datetime': '2026-03-05T11:23:29.170507', 'gensim': '4.4.0', 'python': '3.11.6 (tags/v3.11.6:8b6ee5b, Oct  2 2023, 14:57:12) [MSC v.1935 64 bit (AMD64)]', 'platform': 'Windows-10-10.0.26200-SP0', 'event': 'created'}
2026-03-05 11:23:29,170 - gensim.utils - INFO - Word2Vec lifecycle event {'fname_or_handle': 'models/word2vec\\w2v_cbow_sz100_win10_ep20.model', 'separately': 'None', 'sep_limit': 10485760, 'ignore': frozenset(), 'datetime': '2026-03-05T11:23:29.170507', 'gensim': '4.4.0', 'python': '3.11.6 (tags/v3.11.6:8b6ee5b, Oct  2 2023, 14:57:12) [MSC v.1935 64 bit (AMD64)]', 'platform': 'Windows-10-10.0.26200-SP0', 'event': 'saving'}
2026-03-05 11:23:29,172 - gensim.utils - INFO - not storing attribute cum_table
2026-03-05 11:23:29,174 - gensim.utils - INFO - saved models/word2vec\w2v_cbow_sz100_win10_ep20.model
2026-03-05 11:23:29,174 - NLP_Project - INFO - Training w2v_skipgram_sz100_win10_ep5...
2026-03-05 11:23:29,176 - gensim.models.word2vec - INFO - collecting all words and their counts
2026-03-05 11:23:29,176 - gensim.models.word2vec - INFO - PROGRESS: at sentence #0, processed 0 words, keeping 0 word types
2026-03-05 11:23:29,176 - gensim.models.word2vec - INFO - collected 8 word types from a corpus of 1000 raw words and 300 sentences
2026-03-05 11:23:29,176 - gensim.models.word2vec - INFO - Creating a fresh vocabulary
2026-03-05 11:23:29,176 - gensim.utils - INFO - Word2Vec lifecycle event {'msg': 'effective_min_count=5 retains 8 unique words (100.00% of original 8, drops 0)', 'datetime': '2026-03-05T11:23:29.176516', 'gensim': '4.4.0', 'python': '3.11.6 (tags/v3.11.6:8b6ee5b, Oct  2 2023, 14:57:12) [MSC v.1935 64 bit (AMD64)]', 'platform': 'Windows-10-10.0.26200-SP0', 'event': 'prepare_vocab'}
2026-03-05 11:23:29,181 - gensim.utils - INFO - Word2Vec lifecycle event {'msg': 'effective_min_count=5 leaves 1000 word corpus (100.00% of original 1000, drops 0)', 'datetime': '2026-03-05T11:23:29.181071', 'gensim': '4.4.0', 'python': '3.11.6 (tags/v3.11.6:8b6ee5b, Oct  2 2023, 14:57:12) [MSC v.1935 64 bit (AMD64)]', 'platform': 'Windows-10-10.0.26200-SP0', 'event': 'prepare_vocab'}
2026-03-05 11:23:29,181 - gensim.models.word2vec - INFO - deleting the raw counts dictionary of 8 items
2026-03-05 11:23:29,181 - gensim.models.word2vec - INFO - sample=0.001 downsamples 8 most-common words
2026-03-05 11:23:29,182 - gensim.utils - INFO - Word2Vec lifecycle event {'msg': 'downsampling leaves estimated 95.32050807568878 word corpus (9.5%% of prior 1000)', 'datetime': '2026-03-05T11:23:29.182403', 'gensim': '4.4.0', 'python': '3.11.6 (tags/v3.11.6:8b6ee5b, Oct  2 2023, 14:57:12) [MSC v.1935 64 bit (AMD64)]', 'platform': 'Windows-10-10.0.26200-SP0', 'event': 'prepare_vocab'}
2026-03-05 11:23:29,183 - gensim.models.word2vec - INFO - estimated required memory for 8 words and 100 dimensions: 10400 bytes
2026-03-05 11:23:29,183 - gensim.models.word2vec - INFO - resetting layer weights
2026-03-05 11:23:29,183 - gensim.utils - INFO - Word2Vec lifecycle event {'update': False, 'trim_rule': 'None', 'datetime': '2026-03-05T11:23:29.183049', 'gensim': '4.4.0', 'python': '3.11.6 (tags/v3.11.6:8b6ee5b, Oct  2 2023, 14:57:12) [MSC v.1935 64 bit (AMD64)]', 'platform': 'Windows-10-10.0.26200-SP0', 'event': 'build_vocab'}
2026-03-05 11:23:29,183 - gensim.utils - INFO - Word2Vec lifecycle event {'msg': 'training model with 16 workers on 8 vocabulary and 100 features, using sg=1 hs=0 sample=0.001 negative=5 window=10 shrink_windows=True', 'datetime': '2026-03-05T11:23:29.183049', 'gensim': '4.4.0', 'python': '3.11.6 (tags/v3.11.6:8b6ee5b, Oct  2 2023, 14:57:12) [MSC v.1935 64 bit (AMD64)]', 'platform': 'Windows-10-10.0.26200-SP0', 'event': 'train'}
2026-03-05 11:23:29,208 - gensim.models.word2vec - INFO - EPOCH 0: training on 1000 raw words (83 effective words) took 0.0s, 22353 effective words/s
2026-03-05 11:23:29,240 - gensim.models.word2vec - INFO - EPOCH 1: training on 1000 raw words (99 effective words) took 0.0s, 107015 effective words/s
2026-03-05 11:23:29,264 - gensim.models.word2vec - INFO - EPOCH 2: training on 1000 raw words (111 effective words) took 0.0s, 42824 effective words/s
2026-03-05 11:23:29,281 - gensim.models.word2vec - INFO - EPOCH 3: training on 1000 raw words (99 effective words) took 0.0s, 52902 effective words/s
2026-03-05 11:23:29,308 - gensim.models.word2vec - INFO - EPOCH 4: training on 1000 raw words (103 effective words) took 0.0s, 26762 effective words/s
2026-03-05 11:23:29,309 - gensim.utils - INFO - Word2Vec lifecycle event {'msg': 'training on 5000 raw words (495 effective words) took 0.1s, 3960 effective words/s', 'datetime': '2026-03-05T11:23:29.309424', 'gensim': '4.4.0', 'python': '3.11.6 (tags/v3.11.6:8b6ee5b, Oct  2 2023, 14:57:12) [MSC v.1935 64 bit (AMD64)]', 'platform': 'Windows-10-10.0.26200-SP0', 'event': 'train'}
2026-03-05 11:23:29,309 - gensim.utils - INFO - Word2Vec lifecycle event {'params': 'Word2Vec<vocab=8, vector_size=100, alpha=0.025>', 'datetime': '2026-03-05T11:23:29.309424', 'gensim': '4.4.0', 'python': '3.11.6 (tags/v3.11.6:8b6ee5b, Oct  2 2023, 14:57:12) [MSC v.1935 64 bit (AMD64)]', 'platform': 'Windows-10-10.0.26200-SP0', 'event': 'created'}
2026-03-05 11:23:29,311 - gensim.utils - INFO - Word2Vec lifecycle event {'fname_or_handle': 'models/word2vec\\w2v_skipgram_sz100_win10_ep5.model', 'separately': 'None', 'sep_limit': 10485760, 'ignore': frozenset(), 'datetime': '2026-03-05T11:23:29.311331', 'gensim': '4.4.0', 'python': '3.11.6 (tags/v3.11.6:8b6ee5b, Oct  2 2023, 14:57:12) [MSC v.1935 64 bit (AMD64)]', 'platform': 'Windows-10-10.0.26200-SP0', 'event': 'saving'}
2026-03-05 11:23:29,311 - gensim.utils - INFO - not storing attribute cum_table
2026-03-05 11:23:29,314 - gensim.utils - INFO - saved models/word2vec\w2v_skipgram_sz100_win10_ep5.model
2026-03-05 11:23:29,314 - NLP_Project - INFO - Training w2v_skipgram_sz100_win10_ep10...
2026-03-05 11:23:29,316 - gensim.models.word2vec - INFO - collecting all words and their counts
2026-03-05 11:23:29,316 - gensim.models.word2vec - INFO - PROGRESS: at sentence #0, processed 0 words, keeping 0 word types
2026-03-05 11:23:29,317 - gensim.models.word2vec - INFO - collected 8 word types from a corpus of 1000 raw words and 300 sentences
2026-03-05 11:23:29,317 - gensim.models.word2vec - INFO - Creating a fresh vocabulary
2026-03-05 11:23:29,317 - gensim.utils - INFO - Word2Vec lifecycle event {'msg': 'effective_min_count=5 retains 8 unique words (100.00% of original 8, drops 0)', 'datetime': '2026-03-05T11:23:29.317384', 'gensim': '4.4.0', 'python': '3.11.6 (tags/v3.11.6:8b6ee5b, Oct  2 2023, 14:57:12) [MSC v.1935 64 bit (AMD64)]', 'platform': 'Windows-10-10.0.26200-SP0', 'event': 'prepare_vocab'}
2026-03-05 11:23:29,317 - gensim.utils - INFO - Word2Vec lifecycle event {'msg': 'effective_min_count=5 leaves 1000 word corpus (100.00% of original 1000, drops 0)', 'datetime': '2026-03-05T11:23:29.317384', 'gensim': '4.4.0', 'python': '3.11.6 (tags/v3.11.6:8b6ee5b, Oct  2 2023, 14:57:12) [MSC v.1935 64 bit (AMD64)]', 'platform': 'Windows-10-10.0.26200-SP0', 'event': 'prepare_vocab'}
2026-03-05 11:23:29,319 - gensim.models.word2vec - INFO - deleting the raw counts dictionary of 8 items
2026-03-05 11:23:29,319 - gensim.models.word2vec - INFO - sample=0.001 downsamples 8 most-common words
2026-03-05 11:23:29,320 - gensim.utils - INFO - Word2Vec lifecycle event {'msg': 'downsampling leaves estimated 95.32050807568878 word corpus (9.5%% of prior 1000)', 'datetime': '2026-03-05T11:23:29.320531', 'gensim': '4.4.0', 'python': '3.11.6 (tags/v3.11.6:8b6ee5b, Oct  2 2023, 14:57:12) [MSC v.1935 64 bit (AMD64)]', 'platform': 'Windows-10-10.0.26200-SP0', 'event': 'prepare_vocab'}
2026-03-05 11:23:29,324 - gensim.models.word2vec - INFO - estimated required memory for 8 words and 100 dimensions: 10400 bytes
2026-03-05 11:23:29,324 - gensim.models.word2vec - INFO - resetting layer weights
2026-03-05 11:23:29,324 - gensim.utils - INFO - Word2Vec lifecycle event {'update': False, 'trim_rule': 'None', 'datetime': '2026-03-05T11:23:29.324301', 'gensim': '4.4.0', 'python': '3.11.6 (tags/v3.11.6:8b6ee5b, Oct  2 2023, 14:57:12) [MSC v.1935 64 bit (AMD64)]', 'platform': 'Windows-10-10.0.26200-SP0', 'event': 'build_vocab'}
2026-03-05 11:23:29,324 - gensim.utils - INFO - Word2Vec lifecycle event {'msg': 'training model with 16 workers on 8 vocabulary and 100 features, using sg=1 hs=0 sample=0.001 negative=5 window=10 shrink_windows=True', 'datetime': '2026-03-05T11:23:29.324301', 'gensim': '4.4.0', 'python': '3.11.6 (tags/v3.11.6:8b6ee5b, Oct  2 2023, 14:57:12) [MSC v.1935 64 bit (AMD64)]', 'platform': 'Windows-10-10.0.26200-SP0', 'event': 'train'}
2026-03-05 11:23:29,347 - gensim.models.word2vec - INFO - EPOCH 0: training on 1000 raw words (83 effective words) took 0.0s, 30391 effective words/s
2026-03-05 11:23:29,379 - gensim.models.word2vec - INFO - EPOCH 1: training on 1000 raw words (99 effective words) took 0.0s, 38215 effective words/s
2026-03-05 11:23:29,417 - gensim.models.word2vec - INFO - EPOCH 2: training on 1000 raw words (111 effective words) took 0.0s, 211549 effective words/s
2026-03-05 11:23:29,454 - gensim.models.word2vec - INFO - EPOCH 3: training on 1000 raw words (99 effective words) took 0.0s, 31272 effective words/s
2026-03-05 11:23:29,497 - gensim.models.word2vec - INFO - EPOCH 4: training on 1000 raw words (103 effective words) took 0.0s, 153069 effective words/s
2026-03-05 11:23:29,527 - gensim.models.word2vec - INFO - EPOCH 5: training on 1000 raw words (98 effective words) took 0.0s, 180081 effective words/s
2026-03-05 11:23:29,552 - gensim.models.word2vec - INFO - EPOCH 6: training on 1000 raw words (94 effective words) took 0.0s, 39780 effective words/s
2026-03-05 11:23:29,574 - gensim.models.word2vec - INFO - EPOCH 7: training on 1000 raw words (99 effective words) took 0.0s, 156720 effective words/s
2026-03-05 11:23:29,607 - gensim.models.word2vec - INFO - EPOCH 8: training on 1000 raw words (97 effective words) took 0.0s, 25368 effective words/s
2026-03-05 11:23:29,653 - gensim.models.word2vec - INFO - EPOCH 9: training on 1000 raw words (89 effective words) took 0.0s, 27353 effective words/s
2026-03-05 11:23:29,653 - gensim.utils - INFO - Word2Vec lifecycle event {'msg': 'training on 10000 raw words (972 effective words) took 0.3s, 2976 effective words/s', 'datetime': '2026-03-05T11:23:29.653606', 'gensim': '4.4.0', 'python': '3.11.6 (tags/v3.11.6:8b6ee5b, Oct  2 2023, 14:57:12) [MSC v.1935 64 bit (AMD64)]', 'platform': 'Windows-10-10.0.26200-SP0', 'event': 'train'}
2026-03-05 11:23:29,655 - gensim.utils - INFO - Word2Vec lifecycle event {'params': 'Word2Vec<vocab=8, vector_size=100, alpha=0.025>', 'datetime': '2026-03-05T11:23:29.655265', 'gensim': '4.4.0', 'python': '3.11.6 (tags/v3.11.6:8b6ee5b, Oct  2 2023, 14:57:12) [MSC v.1935 64 bit (AMD64)]', 'platform': 'Windows-10-10.0.26200-SP0', 'event': 'created'}
2026-03-05 11:23:29,655 - gensim.utils - INFO - Word2Vec lifecycle event {'fname_or_handle': 'models/word2vec\\w2v_skipgram_sz100_win10_ep10.model', 'separately': 'None', 'sep_limit': 10485760, 'ignore': frozenset(), 'datetime': '2026-03-05T11:23:29.655575', 'gensim': '4.4.0', 'python': '3.11.6 (tags/v3.11.6:8b6ee5b, Oct  2 2023, 14:57:12) [MSC v.1935 64 bit (AMD64)]', 'platform': 'Windows-10-10.0.26200-SP0', 'event': 'saving'}
2026-03-05 11:23:29,656 - gensim.utils - INFO - not storing attribute cum_table
2026-03-05 11:23:29,659 - gensim.utils - INFO - saved models/word2vec\w2v_skipgram_sz100_win10_ep10.model
2026-03-05 11:23:29,661 - NLP_Project - INFO - Training w2v_skipgram_sz100_win10_ep20...
2026-03-05 11:23:29,661 - gensim.models.word2vec - INFO - collecting all words and their counts
2026-03-05 11:23:29,661 - gensim.models.word2vec - INFO - PROGRESS: at sentence #0, processed 0 words, keeping 0 word types
2026-03-05 11:23:29,663 - gensim.models.word2vec - INFO - collected 8 word types from a corpus of 1000 raw words and 300 sentences
2026-03-05 11:23:29,663 - gensim.models.word2vec - INFO - Creating a fresh vocabulary
2026-03-05 11:23:29,663 - gensim.utils - INFO - Word2Vec lifecycle event {'msg': 'effective_min_count=5 retains 8 unique words (100.00% of original 8, drops 0)', 'datetime': '2026-03-05T11:23:29.663842', 'gensim': '4.4.0', 'python': '3.11.6 (tags/v3.11.6:8b6ee5b, Oct  2 2023, 14:57:12) [MSC v.1935 64 bit (AMD64)]', 'platform': 'Windows-10-10.0.26200-SP0', 'event': 'prepare_vocab'}
2026-03-05 11:23:29,663 - gensim.utils - INFO - Word2Vec lifecycle event {'msg': 'effective_min_count=5 leaves 1000 word corpus (100.00% of original 1000, drops 0)', 'datetime': '2026-03-05T11:23:29.663842', 'gensim': '4.4.0', 'python': '3.11.6 (tags/v3.11.6:8b6ee5b, Oct  2 2023, 14:57:12) [MSC v.1935 64 bit (AMD64)]', 'platform': 'Windows-10-10.0.26200-SP0', 'event': 'prepare_vocab'}
2026-03-05 11:23:29,665 - gensim.models.word2vec - INFO - deleting the raw counts dictionary of 8 items
2026-03-05 11:23:29,665 - gensim.models.word2vec - INFO - sample=0.001 downsamples 8 most-common words
2026-03-05 11:23:29,665 - gensim.utils - INFO - Word2Vec lifecycle event {'msg': 'downsampling leaves estimated 95.32050807568878 word corpus (9.5%% of prior 1000)', 'datetime': '2026-03-05T11:23:29.665857', 'gensim': '4.4.0', 'python': '3.11.6 (tags/v3.11.6:8b6ee5b, Oct  2 2023, 14:57:12) [MSC v.1935 64 bit (AMD64)]', 'platform': 'Windows-10-10.0.26200-SP0', 'event': 'prepare_vocab'}
2026-03-05 11:23:29,665 - gensim.models.word2vec - INFO - estimated required memory for 8 words and 100 dimensions: 10400 bytes
2026-03-05 11:23:29,667 - gensim.models.word2vec - INFO - resetting layer weights
2026-03-05 11:23:29,667 - gensim.utils - INFO - Word2Vec lifecycle event {'update': False, 'trim_rule': 'None', 'datetime': '2026-03-05T11:23:29.667375', 'gensim': '4.4.0', 'python': '3.11.6 (tags/v3.11.6:8b6ee5b, Oct  2 2023, 14:57:12) [MSC v.1935 64 bit (AMD64)]', 'platform': 'Windows-10-10.0.26200-SP0', 'event': 'build_vocab'}
2026-03-05 11:23:29,668 - gensim.utils - INFO - Word2Vec lifecycle event {'msg': 'training model with 16 workers on 8 vocabulary and 100 features, using sg=1 hs=0 sample=0.001 negative=5 window=10 shrink_windows=True', 'datetime': '2026-03-05T11:23:29.668296', 'gensim': '4.4.0', 'python': '3.11.6 (tags/v3.11.6:8b6ee5b, Oct  2 2023, 14:57:12) [MSC v.1935 64 bit (AMD64)]', 'platform': 'Windows-10-10.0.26200-SP0', 'event': 'train'}
2026-03-05 11:23:29,688 - gensim.models.word2vec - INFO - EPOCH 0: training on 1000 raw words (83 effective words) took 0.0s, 31848 effective words/s
2026-03-05 11:23:29,706 - gensim.models.word2vec - INFO - EPOCH 1: training on 1000 raw words (99 effective words) took 0.0s, 60465 effective words/s
2026-03-05 11:23:29,729 - gensim.models.word2vec - INFO - EPOCH 2: training on 1000 raw words (111 effective words) took 0.0s, 77449 effective words/s
2026-03-05 11:23:29,743 - gensim.models.word2vec - INFO - EPOCH 3: training on 1000 raw words (99 effective words) took 0.0s, 56923 effective words/s
2026-03-05 11:23:29,758 - gensim.models.word2vec - INFO - EPOCH 4: training on 1000 raw words (103 effective words) took 0.0s, 149189 effective words/s
2026-03-05 11:23:29,774 - gensim.models.word2vec - INFO - EPOCH 5: training on 1000 raw words (98 effective words) took 0.0s, 220621 effective words/s
2026-03-05 11:23:29,793 - gensim.models.word2vec - INFO - EPOCH 6: training on 1000 raw words (94 effective words) took 0.0s, 30411 effective words/s
2026-03-05 11:23:29,808 - gensim.models.word2vec - INFO - EPOCH 7: training on 1000 raw words (99 effective words) took 0.0s, 44436 effective words/s
2026-03-05 11:23:29,837 - gensim.models.word2vec - INFO - EPOCH 8: training on 1000 raw words (97 effective words) took 0.0s, 34523 effective words/s
2026-03-05 11:23:29,858 - gensim.models.word2vec - INFO - EPOCH 9: training on 1000 raw words (89 effective words) took 0.0s, 26234 effective words/s
2026-03-05 11:23:29,883 - gensim.models.word2vec - INFO - EPOCH 10: training on 1000 raw words (90 effective words) took 0.0s, 26449 effective words/s
2026-03-05 11:23:29,917 - gensim.models.word2vec - INFO - EPOCH 11: training on 1000 raw words (96 effective words) took 0.0s, 149486 effective words/s
2026-03-05 11:23:29,950 - gensim.models.word2vec - INFO - EPOCH 12: training on 1000 raw words (102 effective words) took 0.0s, 25163 effective words/s
2026-03-05 11:23:29,983 - gensim.models.word2vec - INFO - EPOCH 13: training on 1000 raw words (116 effective words) took 0.0s, 113770 effective words/s
2026-03-05 11:23:30,017 - gensim.models.word2vec - INFO - EPOCH 14: training on 1000 raw words (78 effective words) took 0.0s, 21366 effective words/s
2026-03-05 11:23:30,045 - gensim.models.word2vec - INFO - EPOCH 15: training on 1000 raw words (93 effective words) took 0.0s, 27012 effective words/s
2026-03-05 11:23:30,069 - gensim.models.word2vec - INFO - EPOCH 16: training on 1000 raw words (85 effective words) took 0.0s, 82653 effective words/s
2026-03-05 11:23:30,097 - gensim.models.word2vec - INFO - EPOCH 17: training on 1000 raw words (92 effective words) took 0.0s, 27763 effective words/s
2026-03-05 11:23:30,120 - gensim.models.word2vec - INFO - EPOCH 18: training on 1000 raw words (107 effective words) took 0.0s, 269793 effective words/s
2026-03-05 11:23:30,147 - gensim.models.word2vec - INFO - EPOCH 19: training on 1000 raw words (116 effective words) took 0.0s, 241868 effective words/s
2026-03-05 11:23:30,147 - gensim.utils - INFO - Word2Vec lifecycle event {'msg': 'training on 20000 raw words (1947 effective words) took 0.5s, 4059 effective words/s', 'datetime': '2026-03-05T11:23:30.147463', 'gensim': '4.4.0', 'python': '3.11.6 (tags/v3.11.6:8b6ee5b, Oct  2 2023, 14:57:12) [MSC v.1935 64 bit (AMD64)]', 'platform': 'Windows-10-10.0.26200-SP0', 'event': 'train'}
2026-03-05 11:23:30,148 - gensim.utils - INFO - Word2Vec lifecycle event {'params': 'Word2Vec<vocab=8, vector_size=100, alpha=0.025>', 'datetime': '2026-03-05T11:23:30.148641', 'gensim': '4.4.0', 'python': '3.11.6 (tags/v3.11.6:8b6ee5b, Oct  2 2023, 14:57:12) [MSC v.1935 64 bit (AMD64)]', 'platform': 'Windows-10-10.0.26200-SP0', 'event': 'created'}
2026-03-05 11:23:30,149 - gensim.utils - INFO - Word2Vec lifecycle event {'fname_or_handle': 'models/word2vec\\w2v_skipgram_sz100_win10_ep20.model', 'separately': 'None', 'sep_limit': 10485760, 'ignore': frozenset(), 'datetime': '2026-03-05T11:23:30.149289', 'gensim': '4.4.0', 'python': '3.11.6 (tags/v3.11.6:8b6ee5b, Oct  2 2023, 14:57:12) [MSC v.1935 64 bit (AMD64)]', 'platform': 'Windows-10-10.0.26200-SP0', 'event': 'saving'}
2026-03-05 11:23:30,149 - gensim.utils - INFO - not storing attribute cum_table
2026-03-05 11:23:30,151 - gensim.utils - INFO - saved models/word2vec\w2v_skipgram_sz100_win10_ep20.model
2026-03-05 11:23:30,153 - NLP_Project - INFO - Training w2v_cbow_sz200_win2_ep5...
2026-03-05 11:23:30,153 - gensim.models.word2vec - INFO - collecting all words and their counts
2026-03-05 11:23:30,154 - gensim.models.word2vec - INFO - PROGRESS: at sentence #0, processed 0 words, keeping 0 word types
2026-03-05 11:23:30,155 - gensim.models.word2vec - INFO - collected 8 word types from a corpus of 1000 raw words and 300 sentences
2026-03-05 11:23:30,156 - gensim.models.word2vec - INFO - Creating a fresh vocabulary
2026-03-05 11:23:30,156 - gensim.utils - INFO - Word2Vec lifecycle event {'msg': 'effective_min_count=5 retains 8 unique words (100.00% of original 8, drops 0)', 'datetime': '2026-03-05T11:23:30.156722', 'gensim': '4.4.0', 'python': '3.11.6 (tags/v3.11.6:8b6ee5b, Oct  2 2023, 14:57:12) [MSC v.1935 64 bit (AMD64)]', 'platform': 'Windows-10-10.0.26200-SP0', 'event': 'prepare_vocab'}
2026-03-05 11:23:30,157 - gensim.utils - INFO - Word2Vec lifecycle event {'msg': 'effective_min_count=5 leaves 1000 word corpus (100.00% of original 1000, drops 0)', 'datetime': '2026-03-05T11:23:30.157319', 'gensim': '4.4.0', 'python': '3.11.6 (tags/v3.11.6:8b6ee5b, Oct  2 2023, 14:57:12) [MSC v.1935 64 bit (AMD64)]', 'platform': 'Windows-10-10.0.26200-SP0', 'event': 'prepare_vocab'}
2026-03-05 11:23:30,158 - gensim.models.word2vec - INFO - deleting the raw counts dictionary of 8 items
2026-03-05 11:23:30,158 - gensim.models.word2vec - INFO - sample=0.001 downsamples 8 most-common words
2026-03-05 11:23:30,158 - gensim.utils - INFO - Word2Vec lifecycle event {'msg': 'downsampling leaves estimated 95.32050807568878 word corpus (9.5%% of prior 1000)', 'datetime': '2026-03-05T11:23:30.158956', 'gensim': '4.4.0', 'python': '3.11.6 (tags/v3.11.6:8b6ee5b, Oct  2 2023, 14:57:12) [MSC v.1935 64 bit (AMD64)]', 'platform': 'Windows-10-10.0.26200-SP0', 'event': 'prepare_vocab'}
2026-03-05 11:23:30,158 - gensim.models.word2vec - INFO - estimated required memory for 8 words and 200 dimensions: 16800 bytes
2026-03-05 11:23:30,158 - gensim.models.word2vec - INFO - resetting layer weights
2026-03-05 11:23:30,158 - gensim.utils - INFO - Word2Vec lifecycle event {'update': False, 'trim_rule': 'None', 'datetime': '2026-03-05T11:23:30.158956', 'gensim': '4.4.0', 'python': '3.11.6 (tags/v3.11.6:8b6ee5b, Oct  2 2023, 14:57:12) [MSC v.1935 64 bit (AMD64)]', 'platform': 'Windows-10-10.0.26200-SP0', 'event': 'build_vocab'}
2026-03-05 11:23:30,158 - gensim.utils - INFO - Word2Vec lifecycle event {'msg': 'training model with 16 workers on 8 vocabulary and 200 features, using sg=0 hs=0 sample=0.001 negative=5 window=2 shrink_windows=True', 'datetime': '2026-03-05T11:23:30.158956', 'gensim': '4.4.0', 'python': '3.11.6 (tags/v3.11.6:8b6ee5b, Oct  2 2023, 14:57:12) [MSC v.1935 64 bit (AMD64)]', 'platform': 'Windows-10-10.0.26200-SP0', 'event': 'train'}
2026-03-05 11:23:30,182 - gensim.models.word2vec - INFO - EPOCH 0: training on 1000 raw words (83 effective words) took 0.0s, 203881 effective words/s
2026-03-05 11:23:30,209 - gensim.models.word2vec - INFO - EPOCH 1: training on 1000 raw words (89 effective words) took 0.0s, 244103 effective words/s
2026-03-05 11:23:30,233 - gensim.models.word2vec - INFO - EPOCH 2: training on 1000 raw words (88 effective words) took 0.0s, 142487 effective words/s
2026-03-05 11:23:30,264 - gensim.models.word2vec - INFO - EPOCH 3: training on 1000 raw words (96 effective words) took 0.0s, 27169 effective words/s
2026-03-05 11:23:30,290 - gensim.models.word2vec - INFO - EPOCH 4: training on 1000 raw words (102 effective words) took 0.0s, 28458 effective words/s
2026-03-05 11:23:30,292 - gensim.utils - INFO - Word2Vec lifecycle event {'msg': 'training on 5000 raw words (458 effective words) took 0.1s, 3515 effective words/s', 'datetime': '2026-03-05T11:23:30.292294', 'gensim': '4.4.0', 'python': '3.11.6 (tags/v3.11.6:8b6ee5b, Oct  2 2023, 14:57:12) [MSC v.1935 64 bit (AMD64)]', 'platform': 'Windows-10-10.0.26200-SP0', 'event': 'train'}
2026-03-05 11:23:30,292 - gensim.utils - INFO - Word2Vec lifecycle event {'params': 'Word2Vec<vocab=8, vector_size=200, alpha=0.025>', 'datetime': '2026-03-05T11:23:30.292294', 'gensim': '4.4.0', 'python': '3.11.6 (tags/v3.11.6:8b6ee5b, Oct  2 2023, 14:57:12) [MSC v.1935 64 bit (AMD64)]', 'platform': 'Windows-10-10.0.26200-SP0', 'event': 'created'}
2026-03-05 11:23:30,292 - gensim.utils - INFO - Word2Vec lifecycle event {'fname_or_handle': 'models/word2vec\\w2v_cbow_sz200_win2_ep5.model', 'separately': 'None', 'sep_limit': 10485760, 'ignore': frozenset(), 'datetime': '2026-03-05T11:23:30.292294', 'gensim': '4.4.0', 'python': '3.11.6 (tags/v3.11.6:8b6ee5b, Oct  2 2023, 14:57:12) [MSC v.1935 64 bit (AMD64)]', 'platform': 'Windows-10-10.0.26200-SP0', 'event': 'saving'}
2026-03-05 11:23:30,292 - gensim.utils - INFO - not storing attribute cum_table
2026-03-05 11:23:30,297 - gensim.utils - INFO - saved models/word2vec\w2v_cbow_sz200_win2_ep5.model
2026-03-05 11:23:30,297 - NLP_Project - INFO - Training w2v_cbow_sz200_win2_ep10...
2026-03-05 11:23:30,297 - gensim.models.word2vec - INFO - collecting all words and their counts
2026-03-05 11:23:30,297 - gensim.models.word2vec - INFO - PROGRESS: at sentence #0, processed 0 words, keeping 0 word types
2026-03-05 11:23:30,299 - gensim.models.word2vec - INFO - collected 8 word types from a corpus of 1000 raw words and 300 sentences
2026-03-05 11:23:30,299 - gensim.models.word2vec - INFO - Creating a fresh vocabulary
2026-03-05 11:23:30,300 - gensim.utils - INFO - Word2Vec lifecycle event {'msg': 'effective_min_count=5 retains 8 unique words (100.00% of original 8, drops 0)', 'datetime': '2026-03-05T11:23:30.300256', 'gensim': '4.4.0', 'python': '3.11.6 (tags/v3.11.6:8b6ee5b, Oct  2 2023, 14:57:12) [MSC v.1935 64 bit (AMD64)]', 'platform': 'Windows-10-10.0.26200-SP0', 'event': 'prepare_vocab'}
2026-03-05 11:23:30,300 - gensim.utils - INFO - Word2Vec lifecycle event {'msg': 'effective_min_count=5 leaves 1000 word corpus (100.00% of original 1000, drops 0)', 'datetime': '2026-03-05T11:23:30.300565', 'gensim': '4.4.0', 'python': '3.11.6 (tags/v3.11.6:8b6ee5b, Oct  2 2023, 14:57:12) [MSC v.1935 64 bit (AMD64)]', 'platform': 'Windows-10-10.0.26200-SP0', 'event': 'prepare_vocab'}
2026-03-05 11:23:30,300 - gensim.models.word2vec - INFO - deleting the raw counts dictionary of 8 items
2026-03-05 11:23:30,300 - gensim.models.word2vec - INFO - sample=0.001 downsamples 8 most-common words
2026-03-05 11:23:30,300 - gensim.utils - INFO - Word2Vec lifecycle event {'msg': 'downsampling leaves estimated 95.32050807568878 word corpus (9.5%% of prior 1000)', 'datetime': '2026-03-05T11:23:30.300565', 'gensim': '4.4.0', 'python': '3.11.6 (tags/v3.11.6:8b6ee5b, Oct  2 2023, 14:57:12) [MSC v.1935 64 bit (AMD64)]', 'platform': 'Windows-10-10.0.26200-SP0', 'event': 'prepare_vocab'}
2026-03-05 11:23:30,300 - gensim.models.word2vec - INFO - estimated required memory for 8 words and 200 dimensions: 16800 bytes
2026-03-05 11:23:30,300 - gensim.models.word2vec - INFO - resetting layer weights
2026-03-05 11:23:30,300 - gensim.utils - INFO - Word2Vec lifecycle event {'update': False, 'trim_rule': 'None', 'datetime': '2026-03-05T11:23:30.300565', 'gensim': '4.4.0', 'python': '3.11.6 (tags/v3.11.6:8b6ee5b, Oct  2 2023, 14:57:12) [MSC v.1935 64 bit (AMD64)]', 'platform': 'Windows-10-10.0.26200-SP0', 'event': 'build_vocab'}
2026-03-05 11:23:30,300 - gensim.utils - INFO - Word2Vec lifecycle event {'msg': 'training model with 16 workers on 8 vocabulary and 200 features, using sg=0 hs=0 sample=0.001 negative=5 window=2 shrink_windows=True', 'datetime': '2026-03-05T11:23:30.300565', 'gensim': '4.4.0', 'python': '3.11.6 (tags/v3.11.6:8b6ee5b, Oct  2 2023, 14:57:12) [MSC v.1935 64 bit (AMD64)]', 'platform': 'Windows-10-10.0.26200-SP0', 'event': 'train'}
2026-03-05 11:23:30,322 - gensim.models.word2vec - INFO - EPOCH 0: training on 1000 raw words (83 effective words) took 0.0s, 129143 effective words/s
2026-03-05 11:23:30,350 - gensim.models.word2vec - INFO - EPOCH 1: training on 1000 raw words (89 effective words) took 0.0s, 166417 effective words/s
2026-03-05 11:23:30,375 - gensim.models.word2vec - INFO - EPOCH 2: training on 1000 raw words (88 effective words) took 0.0s, 24577 effective words/s
2026-03-05 11:23:30,401 - gensim.models.word2vec - INFO - EPOCH 3: training on 1000 raw words (96 effective words) took 0.0s, 261866 effective words/s
2026-03-05 11:23:30,424 - gensim.models.word2vec - INFO - EPOCH 4: training on 1000 raw words (102 effective words) took 0.0s, 37001 effective words/s
2026-03-05 11:23:30,447 - gensim.models.word2vec - INFO - EPOCH 5: training on 1000 raw words (120 effective words) took 0.0s, 458891 effective words/s
2026-03-05 11:23:30,482 - gensim.models.word2vec - INFO - EPOCH 6: training on 1000 raw words (87 effective words) took 0.0s, 140255 effective words/s
2026-03-05 11:23:30,501 - gensim.models.word2vec - INFO - EPOCH 7: training on 1000 raw words (103 effective words) took 0.0s, 51665 effective words/s
2026-03-05 11:23:30,522 - gensim.models.word2vec - INFO - EPOCH 8: training on 1000 raw words (92 effective words) took 0.0s, 201181 effective words/s
2026-03-05 11:23:30,549 - gensim.models.word2vec - INFO - EPOCH 9: training on 1000 raw words (72 effective words) took 0.0s, 172745 effective words/s
2026-03-05 11:23:30,549 - gensim.utils - INFO - Word2Vec lifecycle event {'msg': 'training on 10000 raw words (932 effective words) took 0.2s, 3771 effective words/s', 'datetime': '2026-03-05T11:23:30.549507', 'gensim': '4.4.0', 'python': '3.11.6 (tags/v3.11.6:8b6ee5b, Oct  2 2023, 14:57:12) [MSC v.1935 64 bit (AMD64)]', 'platform': 'Windows-10-10.0.26200-SP0', 'event': 'train'}
2026-03-05 11:23:30,549 - gensim.utils - INFO - Word2Vec lifecycle event {'params': 'Word2Vec<vocab=8, vector_size=200, alpha=0.025>', 'datetime': '2026-03-05T11:23:30.549507', 'gensim': '4.4.0', 'python': '3.11.6 (tags/v3.11.6:8b6ee5b, Oct  2 2023, 14:57:12) [MSC v.1935 64 bit (AMD64)]', 'platform': 'Windows-10-10.0.26200-SP0', 'event': 'created'}
2026-03-05 11:23:30,549 - gensim.utils - INFO - Word2Vec lifecycle event {'fname_or_handle': 'models/word2vec\\w2v_cbow_sz200_win2_ep10.model', 'separately': 'None', 'sep_limit': 10485760, 'ignore': frozenset(), 'datetime': '2026-03-05T11:23:30.549507', 'gensim': '4.4.0', 'python': '3.11.6 (tags/v3.11.6:8b6ee5b, Oct  2 2023, 14:57:12) [MSC v.1935 64 bit (AMD64)]', 'platform': 'Windows-10-10.0.26200-SP0', 'event': 'saving'}
2026-03-05 11:23:30,549 - gensim.utils - INFO - not storing attribute cum_table
2026-03-05 11:23:30,554 - gensim.utils - INFO - saved models/word2vec\w2v_cbow_sz200_win2_ep10.model
2026-03-05 11:23:30,554 - NLP_Project - INFO - Training w2v_cbow_sz200_win2_ep20...
2026-03-05 11:23:30,557 - gensim.models.word2vec - INFO - collecting all words and their counts
2026-03-05 11:23:30,558 - gensim.models.word2vec - INFO - PROGRESS: at sentence #0, processed 0 words, keeping 0 word types
2026-03-05 11:23:30,559 - gensim.models.word2vec - INFO - collected 8 word types from a corpus of 1000 raw words and 300 sentences
2026-03-05 11:23:30,559 - gensim.models.word2vec - INFO - Creating a fresh vocabulary
2026-03-05 11:23:30,559 - gensim.utils - INFO - Word2Vec lifecycle event {'msg': 'effective_min_count=5 retains 8 unique words (100.00% of original 8, drops 0)', 'datetime': '2026-03-05T11:23:30.559165', 'gensim': '4.4.0', 'python': '3.11.6 (tags/v3.11.6:8b6ee5b, Oct  2 2023, 14:57:12) [MSC v.1935 64 bit (AMD64)]', 'platform': 'Windows-10-10.0.26200-SP0', 'event': 'prepare_vocab'}
2026-03-05 11:23:30,559 - gensim.utils - INFO - Word2Vec lifecycle event {'msg': 'effective_min_count=5 leaves 1000 word corpus (100.00% of original 1000, drops 0)', 'datetime': '2026-03-05T11:23:30.559165', 'gensim': '4.4.0', 'python': '3.11.6 (tags/v3.11.6:8b6ee5b, Oct  2 2023, 14:57:12) [MSC v.1935 64 bit (AMD64)]', 'platform': 'Windows-10-10.0.26200-SP0', 'event': 'prepare_vocab'}
2026-03-05 11:23:30,559 - gensim.models.word2vec - INFO - deleting the raw counts dictionary of 8 items
2026-03-05 11:23:30,559 - gensim.models.word2vec - INFO - sample=0.001 downsamples 8 most-common words
2026-03-05 11:23:30,559 - gensim.utils - INFO - Word2Vec lifecycle event {'msg': 'downsampling leaves estimated 95.32050807568878 word corpus (9.5%% of prior 1000)', 'datetime': '2026-03-05T11:23:30.559165', 'gensim': '4.4.0', 'python': '3.11.6 (tags/v3.11.6:8b6ee5b, Oct  2 2023, 14:57:12) [MSC v.1935 64 bit (AMD64)]', 'platform': 'Windows-10-10.0.26200-SP0', 'event': 'prepare_vocab'}
2026-03-05 11:23:30,559 - gensim.models.word2vec - INFO - estimated required memory for 8 words and 200 dimensions: 16800 bytes
2026-03-05 11:23:30,562 - gensim.models.word2vec - INFO - resetting layer weights
2026-03-05 11:23:30,563 - gensim.utils - INFO - Word2Vec lifecycle event {'update': False, 'trim_rule': 'None', 'datetime': '2026-03-05T11:23:30.563871', 'gensim': '4.4.0', 'python': '3.11.6 (tags/v3.11.6:8b6ee5b, Oct  2 2023, 14:57:12) [MSC v.1935 64 bit (AMD64)]', 'platform': 'Windows-10-10.0.26200-SP0', 'event': 'build_vocab'}
2026-03-05 11:23:30,564 - gensim.utils - INFO - Word2Vec lifecycle event {'msg': 'training model with 16 workers on 8 vocabulary and 200 features, using sg=0 hs=0 sample=0.001 negative=5 window=2 shrink_windows=True', 'datetime': '2026-03-05T11:23:30.564740', 'gensim': '4.4.0', 'python': '3.11.6 (tags/v3.11.6:8b6ee5b, Oct  2 2023, 14:57:12) [MSC v.1935 64 bit (AMD64)]', 'platform': 'Windows-10-10.0.26200-SP0', 'event': 'train'}
2026-03-05 11:23:30,586 - gensim.models.word2vec - INFO - EPOCH 0: training on 1000 raw words (83 effective words) took 0.0s, 188379 effective words/s
2026-03-05 11:23:30,612 - gensim.models.word2vec - INFO - EPOCH 1: training on 1000 raw words (89 effective words) took 0.0s, 176412 effective words/s
2026-03-05 11:23:30,637 - gensim.models.word2vec - INFO - EPOCH 2: training on 1000 raw words (88 effective words) took 0.0s, 30540 effective words/s
2026-03-05 11:23:30,662 - gensim.models.word2vec - INFO - EPOCH 3: training on 1000 raw words (96 effective words) took 0.0s, 156479 effective words/s
2026-03-05 11:23:30,690 - gensim.models.word2vec - INFO - EPOCH 4: training on 1000 raw words (102 effective words) took 0.0s, 24902 effective words/s
2026-03-05 11:23:30,713 - gensim.models.word2vec - INFO - EPOCH 5: training on 1000 raw words (120 effective words) took 0.0s, 38291 effective words/s
2026-03-05 11:23:30,747 - gensim.models.word2vec - INFO - EPOCH 6: training on 1000 raw words (87 effective words) took 0.0s, 20627 effective words/s
2026-03-05 11:23:30,783 - gensim.models.word2vec - INFO - EPOCH 7: training on 1000 raw words (103 effective words) took 0.0s, 24704 effective words/s
2026-03-05 11:23:30,817 - gensim.models.word2vec - INFO - EPOCH 8: training on 1000 raw words (92 effective words) took 0.0s, 26650 effective words/s
2026-03-05 11:23:30,846 - gensim.models.word2vec - INFO - EPOCH 9: training on 1000 raw words (72 effective words) took 0.0s, 26238 effective words/s
2026-03-05 11:23:30,885 - gensim.models.word2vec - INFO - EPOCH 10: training on 1000 raw words (118 effective words) took 0.0s, 41354 effective words/s
2026-03-05 11:23:30,912 - gensim.models.word2vec - INFO - EPOCH 11: training on 1000 raw words (80 effective words) took 0.0s, 193986 effective words/s
2026-03-05 11:23:30,936 - gensim.models.word2vec - INFO - EPOCH 12: training on 1000 raw words (84 effective words) took 0.0s, 32248 effective words/s
2026-03-05 11:23:30,968 - gensim.models.word2vec - INFO - EPOCH 13: training on 1000 raw words (91 effective words) took 0.0s, 28446 effective words/s
2026-03-05 11:23:30,995 - gensim.models.word2vec - INFO - EPOCH 14: training on 1000 raw words (92 effective words) took 0.0s, 31219 effective words/s
2026-03-05 11:23:31,026 - gensim.models.word2vec - INFO - EPOCH 15: training on 1000 raw words (94 effective words) took 0.0s, 24445 effective words/s
2026-03-05 11:23:31,051 - gensim.models.word2vec - INFO - EPOCH 16: training on 1000 raw words (100 effective words) took 0.0s, 40136 effective words/s
2026-03-05 11:23:31,074 - gensim.models.word2vec - INFO - EPOCH 17: training on 1000 raw words (96 effective words) took 0.0s, 32613 effective words/s
2026-03-05 11:23:31,097 - gensim.models.word2vec - INFO - EPOCH 18: training on 1000 raw words (95 effective words) took 0.0s, 49065 effective words/s
2026-03-05 11:23:31,116 - gensim.models.word2vec - INFO - EPOCH 19: training on 1000 raw words (103 effective words) took 0.0s, 45154 effective words/s
2026-03-05 11:23:31,120 - gensim.utils - INFO - Word2Vec lifecycle event {'msg': 'training on 20000 raw words (1885 effective words) took 0.6s, 3396 effective words/s', 'datetime': '2026-03-05T11:23:31.120055', 'gensim': '4.4.0', 'python': '3.11.6 (tags/v3.11.6:8b6ee5b, Oct  2 2023, 14:57:12) [MSC v.1935 64 bit (AMD64)]', 'platform': 'Windows-10-10.0.26200-SP0', 'event': 'train'}
2026-03-05 11:23:31,120 - gensim.utils - INFO - Word2Vec lifecycle event {'params': 'Word2Vec<vocab=8, vector_size=200, alpha=0.025>', 'datetime': '2026-03-05T11:23:31.120055', 'gensim': '4.4.0', 'python': '3.11.6 (tags/v3.11.6:8b6ee5b, Oct  2 2023, 14:57:12) [MSC v.1935 64 bit (AMD64)]', 'platform': 'Windows-10-10.0.26200-SP0', 'event': 'created'}
2026-03-05 11:23:31,120 - gensim.utils - INFO - Word2Vec lifecycle event {'fname_or_handle': 'models/word2vec\\w2v_cbow_sz200_win2_ep20.model', 'separately': 'None', 'sep_limit': 10485760, 'ignore': frozenset(), 'datetime': '2026-03-05T11:23:31.120055', 'gensim': '4.4.0', 'python': '3.11.6 (tags/v3.11.6:8b6ee5b, Oct  2 2023, 14:57:12) [MSC v.1935 64 bit (AMD64)]', 'platform': 'Windows-10-10.0.26200-SP0', 'event': 'saving'}
2026-03-05 11:23:31,120 - gensim.utils - INFO - not storing attribute cum_table
2026-03-05 11:23:31,122 - gensim.utils - INFO - saved models/word2vec\w2v_cbow_sz200_win2_ep20.model
2026-03-05 11:23:31,122 - NLP_Project - INFO - Training w2v_skipgram_sz200_win2_ep5...
2026-03-05 11:23:31,122 - gensim.models.word2vec - INFO - collecting all words and their counts
2026-03-05 11:23:31,122 - gensim.models.word2vec - INFO - PROGRESS: at sentence #0, processed 0 words, keeping 0 word types
2026-03-05 11:23:31,126 - gensim.models.word2vec - INFO - collected 8 word types from a corpus of 1000 raw words and 300 sentences
2026-03-05 11:23:31,126 - gensim.models.word2vec - INFO - Creating a fresh vocabulary
2026-03-05 11:23:31,126 - gensim.utils - INFO - Word2Vec lifecycle event {'msg': 'effective_min_count=5 retains 8 unique words (100.00% of original 8, drops 0)', 'datetime': '2026-03-05T11:23:31.126751', 'gensim': '4.4.0', 'python': '3.11.6 (tags/v3.11.6:8b6ee5b, Oct  2 2023, 14:57:12) [MSC v.1935 64 bit (AMD64)]', 'platform': 'Windows-10-10.0.26200-SP0', 'event': 'prepare_vocab'}
2026-03-05 11:23:31,126 - gensim.utils - INFO - Word2Vec lifecycle event {'msg': 'effective_min_count=5 leaves 1000 word corpus (100.00% of original 1000, drops 0)', 'datetime': '2026-03-05T11:23:31.126751', 'gensim': '4.4.0', 'python': '3.11.6 (tags/v3.11.6:8b6ee5b, Oct  2 2023, 14:57:12) [MSC v.1935 64 bit (AMD64)]', 'platform': 'Windows-10-10.0.26200-SP0', 'event': 'prepare_vocab'}
2026-03-05 11:23:31,126 - gensim.models.word2vec - INFO - deleting the raw counts dictionary of 8 items
2026-03-05 11:23:31,126 - gensim.models.word2vec - INFO - sample=0.001 downsamples 8 most-common words
2026-03-05 11:23:31,129 - gensim.utils - INFO - Word2Vec lifecycle event {'msg': 'downsampling leaves estimated 95.32050807568878 word corpus (9.5%% of prior 1000)', 'datetime': '2026-03-05T11:23:31.129242', 'gensim': '4.4.0', 'python': '3.11.6 (tags/v3.11.6:8b6ee5b, Oct  2 2023, 14:57:12) [MSC v.1935 64 bit (AMD64)]', 'platform': 'Windows-10-10.0.26200-SP0', 'event': 'prepare_vocab'}
2026-03-05 11:23:31,130 - gensim.models.word2vec - INFO - estimated required memory for 8 words and 200 dimensions: 16800 bytes
2026-03-05 11:23:31,130 - gensim.models.word2vec - INFO - resetting layer weights
2026-03-05 11:23:31,130 - gensim.utils - INFO - Word2Vec lifecycle event {'update': False, 'trim_rule': 'None', 'datetime': '2026-03-05T11:23:31.130059', 'gensim': '4.4.0', 'python': '3.11.6 (tags/v3.11.6:8b6ee5b, Oct  2 2023, 14:57:12) [MSC v.1935 64 bit (AMD64)]', 'platform': 'Windows-10-10.0.26200-SP0', 'event': 'build_vocab'}
2026-03-05 11:23:31,131 - gensim.utils - INFO - Word2Vec lifecycle event {'msg': 'training model with 16 workers on 8 vocabulary and 200 features, using sg=1 hs=0 sample=0.001 negative=5 window=2 shrink_windows=True', 'datetime': '2026-03-05T11:23:31.131147', 'gensim': '4.4.0', 'python': '3.11.6 (tags/v3.11.6:8b6ee5b, Oct  2 2023, 14:57:12) [MSC v.1935 64 bit (AMD64)]', 'platform': 'Windows-10-10.0.26200-SP0', 'event': 'train'}
2026-03-05 11:23:31,147 - gensim.models.word2vec - INFO - EPOCH 0: training on 1000 raw words (83 effective words) took 0.0s, 189066 effective words/s
2026-03-05 11:23:31,170 - gensim.models.word2vec - INFO - EPOCH 1: training on 1000 raw words (89 effective words) took 0.0s, 28974 effective words/s
2026-03-05 11:23:31,198 - gensim.models.word2vec - INFO - EPOCH 2: training on 1000 raw words (88 effective words) took 0.0s, 25370 effective words/s
2026-03-05 11:23:31,224 - gensim.models.word2vec - INFO - EPOCH 3: training on 1000 raw words (96 effective words) took 0.0s, 93686 effective words/s
2026-03-05 11:23:31,253 - gensim.models.word2vec - INFO - EPOCH 4: training on 1000 raw words (102 effective words) took 0.0s, 177700 effective words/s
2026-03-05 11:23:31,256 - gensim.utils - INFO - Word2Vec lifecycle event {'msg': 'training on 5000 raw words (458 effective words) took 0.1s, 3671 effective words/s', 'datetime': '2026-03-05T11:23:31.256027', 'gensim': '4.4.0', 'python': '3.11.6 (tags/v3.11.6:8b6ee5b, Oct  2 2023, 14:57:12) [MSC v.1935 64 bit (AMD64)]', 'platform': 'Windows-10-10.0.26200-SP0', 'event': 'train'}
2026-03-05 11:23:31,256 - gensim.utils - INFO - Word2Vec lifecycle event {'params': 'Word2Vec<vocab=8, vector_size=200, alpha=0.025>', 'datetime': '2026-03-05T11:23:31.256027', 'gensim': '4.4.0', 'python': '3.11.6 (tags/v3.11.6:8b6ee5b, Oct  2 2023, 14:57:12) [MSC v.1935 64 bit (AMD64)]', 'platform': 'Windows-10-10.0.26200-SP0', 'event': 'created'}
2026-03-05 11:23:31,257 - gensim.utils - INFO - Word2Vec lifecycle event {'fname_or_handle': 'models/word2vec\\w2v_skipgram_sz200_win2_ep5.model', 'separately': 'None', 'sep_limit': 10485760, 'ignore': frozenset(), 'datetime': '2026-03-05T11:23:31.257213', 'gensim': '4.4.0', 'python': '3.11.6 (tags/v3.11.6:8b6ee5b, Oct  2 2023, 14:57:12) [MSC v.1935 64 bit (AMD64)]', 'platform': 'Windows-10-10.0.26200-SP0', 'event': 'saving'}
2026-03-05 11:23:31,258 - gensim.utils - INFO - not storing attribute cum_table
2026-03-05 11:23:31,258 - gensim.utils - INFO - saved models/word2vec\w2v_skipgram_sz200_win2_ep5.model
2026-03-05 11:23:31,261 - NLP_Project - INFO - Training w2v_skipgram_sz200_win2_ep10...
2026-03-05 11:23:31,261 - gensim.models.word2vec - INFO - collecting all words and their counts
2026-03-05 11:23:31,261 - gensim.models.word2vec - INFO - PROGRESS: at sentence #0, processed 0 words, keeping 0 word types
2026-03-05 11:23:31,261 - gensim.models.word2vec - INFO - collected 8 word types from a corpus of 1000 raw words and 300 sentences
2026-03-05 11:23:31,261 - gensim.models.word2vec - INFO - Creating a fresh vocabulary
2026-03-05 11:23:31,261 - gensim.utils - INFO - Word2Vec lifecycle event {'msg': 'effective_min_count=5 retains 8 unique words (100.00% of original 8, drops 0)', 'datetime': '2026-03-05T11:23:31.261910', 'gensim': '4.4.0', 'python': '3.11.6 (tags/v3.11.6:8b6ee5b, Oct  2 2023, 14:57:12) [MSC v.1935 64 bit (AMD64)]', 'platform': 'Windows-10-10.0.26200-SP0', 'event': 'prepare_vocab'}
2026-03-05 11:23:31,261 - gensim.utils - INFO - Word2Vec lifecycle event {'msg': 'effective_min_count=5 leaves 1000 word corpus (100.00% of original 1000, drops 0)', 'datetime': '2026-03-05T11:23:31.261910', 'gensim': '4.4.0', 'python': '3.11.6 (tags/v3.11.6:8b6ee5b, Oct  2 2023, 14:57:12) [MSC v.1935 64 bit (AMD64)]', 'platform': 'Windows-10-10.0.26200-SP0', 'event': 'prepare_vocab'}
2026-03-05 11:23:31,261 - gensim.models.word2vec - INFO - deleting the raw counts dictionary of 8 items
2026-03-05 11:23:31,267 - gensim.models.word2vec - INFO - sample=0.001 downsamples 8 most-common words
2026-03-05 11:23:31,267 - gensim.utils - INFO - Word2Vec lifecycle event {'msg': 'downsampling leaves estimated 95.32050807568878 word corpus (9.5%% of prior 1000)', 'datetime': '2026-03-05T11:23:31.267872', 'gensim': '4.4.0', 'python': '3.11.6 (tags/v3.11.6:8b6ee5b, Oct  2 2023, 14:57:12) [MSC v.1935 64 bit (AMD64)]', 'platform': 'Windows-10-10.0.26200-SP0', 'event': 'prepare_vocab'}
2026-03-05 11:23:31,268 - gensim.models.word2vec - INFO - estimated required memory for 8 words and 200 dimensions: 16800 bytes
2026-03-05 11:23:31,268 - gensim.models.word2vec - INFO - resetting layer weights
2026-03-05 11:23:31,268 - gensim.utils - INFO - Word2Vec lifecycle event {'update': False, 'trim_rule': 'None', 'datetime': '2026-03-05T11:23:31.268387', 'gensim': '4.4.0', 'python': '3.11.6 (tags/v3.11.6:8b6ee5b, Oct  2 2023, 14:57:12) [MSC v.1935 64 bit (AMD64)]', 'platform': 'Windows-10-10.0.26200-SP0', 'event': 'build_vocab'}
2026-03-05 11:23:31,270 - gensim.utils - INFO - Word2Vec lifecycle event {'msg': 'training model with 16 workers on 8 vocabulary and 200 features, using sg=1 hs=0 sample=0.001 negative=5 window=2 shrink_windows=True', 'datetime': '2026-03-05T11:23:31.270439', 'gensim': '4.4.0', 'python': '3.11.6 (tags/v3.11.6:8b6ee5b, Oct  2 2023, 14:57:12) [MSC v.1935 64 bit (AMD64)]', 'platform': 'Windows-10-10.0.26200-SP0', 'event': 'train'}
2026-03-05 11:23:31,303 - gensim.models.word2vec - INFO - EPOCH 0: training on 1000 raw words (83 effective words) took 0.0s, 29459 effective words/s
2026-03-05 11:23:31,324 - gensim.models.word2vec - INFO - EPOCH 1: training on 1000 raw words (89 effective words) took 0.0s, 23236 effective words/s
2026-03-05 11:23:31,346 - gensim.models.word2vec - INFO - EPOCH 2: training on 1000 raw words (88 effective words) took 0.0s, 28708 effective words/s
2026-03-05 11:23:31,370 - gensim.models.word2vec - INFO - EPOCH 3: training on 1000 raw words (96 effective words) took 0.0s, 32158 effective words/s
2026-03-05 11:23:31,395 - gensim.models.word2vec - INFO - EPOCH 4: training on 1000 raw words (102 effective words) took 0.0s, 189310 effective words/s
2026-03-05 11:23:31,420 - gensim.models.word2vec - INFO - EPOCH 5: training on 1000 raw words (120 effective words) took 0.0s, 42298 effective words/s
2026-03-05 11:23:31,448 - gensim.models.word2vec - INFO - EPOCH 6: training on 1000 raw words (87 effective words) took 0.0s, 26000 effective words/s
2026-03-05 11:23:31,474 - gensim.models.word2vec - INFO - EPOCH 7: training on 1000 raw words (103 effective words) took 0.0s, 173605 effective words/s
2026-03-05 11:23:31,503 - gensim.models.word2vec - INFO - EPOCH 8: training on 1000 raw words (92 effective words) took 0.0s, 30290 effective words/s
2026-03-05 11:23:31,530 - gensim.models.word2vec - INFO - EPOCH 9: training on 1000 raw words (72 effective words) took 0.0s, 248705 effective words/s
2026-03-05 11:23:31,534 - gensim.utils - INFO - Word2Vec lifecycle event {'msg': 'training on 10000 raw words (932 effective words) took 0.3s, 3544 effective words/s', 'datetime': '2026-03-05T11:23:31.534447', 'gensim': '4.4.0', 'python': '3.11.6 (tags/v3.11.6:8b6ee5b, Oct  2 2023, 14:57:12) [MSC v.1935 64 bit (AMD64)]', 'platform': 'Windows-10-10.0.26200-SP0', 'event': 'train'}
2026-03-05 11:23:31,535 - gensim.utils - INFO - Word2Vec lifecycle event {'params': 'Word2Vec<vocab=8, vector_size=200, alpha=0.025>', 'datetime': '2026-03-05T11:23:31.535155', 'gensim': '4.4.0', 'python': '3.11.6 (tags/v3.11.6:8b6ee5b, Oct  2 2023, 14:57:12) [MSC v.1935 64 bit (AMD64)]', 'platform': 'Windows-10-10.0.26200-SP0', 'event': 'created'}
2026-03-05 11:23:31,535 - gensim.utils - INFO - Word2Vec lifecycle event {'fname_or_handle': 'models/word2vec\\w2v_skipgram_sz200_win2_ep10.model', 'separately': 'None', 'sep_limit': 10485760, 'ignore': frozenset(), 'datetime': '2026-03-05T11:23:31.535155', 'gensim': '4.4.0', 'python': '3.11.6 (tags/v3.11.6:8b6ee5b, Oct  2 2023, 14:57:12) [MSC v.1935 64 bit (AMD64)]', 'platform': 'Windows-10-10.0.26200-SP0', 'event': 'saving'}
2026-03-05 11:23:31,536 - gensim.utils - INFO - not storing attribute cum_table
2026-03-05 11:23:31,536 - gensim.utils - INFO - saved models/word2vec\w2v_skipgram_sz200_win2_ep10.model
2026-03-05 11:23:31,540 - NLP_Project - INFO - Training w2v_skipgram_sz200_win2_ep20...
2026-03-05 11:23:31,540 - gensim.models.word2vec - INFO - collecting all words and their counts
2026-03-05 11:23:31,540 - gensim.models.word2vec - INFO - PROGRESS: at sentence #0, processed 0 words, keeping 0 word types
2026-03-05 11:23:31,540 - gensim.models.word2vec - INFO - collected 8 word types from a corpus of 1000 raw words and 300 sentences
2026-03-05 11:23:31,540 - gensim.models.word2vec - INFO - Creating a fresh vocabulary
2026-03-05 11:23:31,540 - gensim.utils - INFO - Word2Vec lifecycle event {'msg': 'effective_min_count=5 retains 8 unique words (100.00% of original 8, drops 0)', 'datetime': '2026-03-05T11:23:31.540026', 'gensim': '4.4.0', 'python': '3.11.6 (tags/v3.11.6:8b6ee5b, Oct  2 2023, 14:57:12) [MSC v.1935 64 bit (AMD64)]', 'platform': 'Windows-10-10.0.26200-SP0', 'event': 'prepare_vocab'}
2026-03-05 11:23:31,540 - gensim.utils - INFO - Word2Vec lifecycle event {'msg': 'effective_min_count=5 leaves 1000 word corpus (100.00% of original 1000, drops 0)', 'datetime': '2026-03-05T11:23:31.540026', 'gensim': '4.4.0', 'python': '3.11.6 (tags/v3.11.6:8b6ee5b, Oct  2 2023, 14:57:12) [MSC v.1935 64 bit (AMD64)]', 'platform': 'Windows-10-10.0.26200-SP0', 'event': 'prepare_vocab'}
2026-03-05 11:23:31,545 - gensim.models.word2vec - INFO - deleting the raw counts dictionary of 8 items
2026-03-05 11:23:31,545 - gensim.models.word2vec - INFO - sample=0.001 downsamples 8 most-common words
2026-03-05 11:23:31,546 - gensim.utils - INFO - Word2Vec lifecycle event {'msg': 'downsampling leaves estimated 95.32050807568878 word corpus (9.5%% of prior 1000)', 'datetime': '2026-03-05T11:23:31.546882', 'gensim': '4.4.0', 'python': '3.11.6 (tags/v3.11.6:8b6ee5b, Oct  2 2023, 14:57:12) [MSC v.1935 64 bit (AMD64)]', 'platform': 'Windows-10-10.0.26200-SP0', 'event': 'prepare_vocab'}
2026-03-05 11:23:31,548 - gensim.models.word2vec - INFO - estimated required memory for 8 words and 200 dimensions: 16800 bytes
2026-03-05 11:23:31,548 - gensim.models.word2vec - INFO - resetting layer weights
2026-03-05 11:23:31,548 - gensim.utils - INFO - Word2Vec lifecycle event {'update': False, 'trim_rule': 'None', 'datetime': '2026-03-05T11:23:31.548330', 'gensim': '4.4.0', 'python': '3.11.6 (tags/v3.11.6:8b6ee5b, Oct  2 2023, 14:57:12) [MSC v.1935 64 bit (AMD64)]', 'platform': 'Windows-10-10.0.26200-SP0', 'event': 'build_vocab'}
2026-03-05 11:23:31,548 - gensim.utils - INFO - Word2Vec lifecycle event {'msg': 'training model with 16 workers on 8 vocabulary and 200 features, using sg=1 hs=0 sample=0.001 negative=5 window=2 shrink_windows=True', 'datetime': '2026-03-05T11:23:31.548330', 'gensim': '4.4.0', 'python': '3.11.6 (tags/v3.11.6:8b6ee5b, Oct  2 2023, 14:57:12) [MSC v.1935 64 bit (AMD64)]', 'platform': 'Windows-10-10.0.26200-SP0', 'event': 'train'}
2026-03-05 11:23:31,574 - gensim.models.word2vec - INFO - EPOCH 0: training on 1000 raw words (83 effective words) took 0.0s, 130114 effective words/s
2026-03-05 11:23:31,597 - gensim.models.word2vec - INFO - EPOCH 1: training on 1000 raw words (89 effective words) took 0.0s, 27006 effective words/s
2026-03-05 11:23:31,631 - gensim.models.word2vec - INFO - EPOCH 2: training on 1000 raw words (88 effective words) took 0.0s, 22490 effective words/s
2026-03-05 11:23:31,657 - gensim.models.word2vec - INFO - EPOCH 3: training on 1000 raw words (96 effective words) took 0.0s, 99317 effective words/s
2026-03-05 11:23:31,686 - gensim.models.word2vec - INFO - EPOCH 4: training on 1000 raw words (102 effective words) took 0.0s, 27373 effective words/s
2026-03-05 11:23:31,714 - gensim.models.word2vec - INFO - EPOCH 5: training on 1000 raw words (120 effective words) took 0.0s, 29938 effective words/s
2026-03-05 11:23:31,741 - gensim.models.word2vec - INFO - EPOCH 6: training on 1000 raw words (87 effective words) took 0.0s, 20098 effective words/s
2026-03-05 11:23:31,773 - gensim.models.word2vec - INFO - EPOCH 7: training on 1000 raw words (103 effective words) took 0.0s, 135687 effective words/s
2026-03-05 11:23:31,801 - gensim.models.word2vec - INFO - EPOCH 8: training on 1000 raw words (92 effective words) took 0.0s, 130330 effective words/s
2026-03-05 11:23:31,827 - gensim.models.word2vec - INFO - EPOCH 9: training on 1000 raw words (72 effective words) took 0.0s, 170778 effective words/s
2026-03-05 11:23:31,856 - gensim.models.word2vec - INFO - EPOCH 10: training on 1000 raw words (118 effective words) took 0.0s, 36989 effective words/s
2026-03-05 11:23:31,884 - gensim.models.word2vec - INFO - EPOCH 11: training on 1000 raw words (80 effective words) took 0.0s, 24242 effective words/s
2026-03-05 11:23:31,908 - gensim.models.word2vec - INFO - EPOCH 12: training on 1000 raw words (84 effective words) took 0.0s, 21516 effective words/s
2026-03-05 11:23:31,941 - gensim.models.word2vec - INFO - EPOCH 13: training on 1000 raw words (91 effective words) took 0.0s, 27699 effective words/s
2026-03-05 11:23:31,967 - gensim.models.word2vec - INFO - EPOCH 14: training on 1000 raw words (92 effective words) took 0.0s, 54616 effective words/s
2026-03-05 11:23:31,996 - gensim.models.word2vec - INFO - EPOCH 15: training on 1000 raw words (94 effective words) took 0.0s, 257675 effective words/s
2026-03-05 11:23:32,017 - gensim.models.word2vec - INFO - EPOCH 16: training on 1000 raw words (100 effective words) took 0.0s, 89542 effective words/s
2026-03-05 11:23:32,041 - gensim.models.word2vec - INFO - EPOCH 17: training on 1000 raw words (96 effective words) took 0.0s, 177449 effective words/s
2026-03-05 11:23:32,069 - gensim.models.word2vec - INFO - EPOCH 18: training on 1000 raw words (95 effective words) took 0.0s, 210924 effective words/s
2026-03-05 11:23:32,103 - gensim.models.word2vec - INFO - EPOCH 19: training on 1000 raw words (103 effective words) took 0.0s, 32226 effective words/s
2026-03-05 11:23:32,106 - gensim.utils - INFO - Word2Vec lifecycle event {'msg': 'training on 20000 raw words (1885 effective words) took 0.6s, 3394 effective words/s', 'datetime': '2026-03-05T11:23:32.106610', 'gensim': '4.4.0', 'python': '3.11.6 (tags/v3.11.6:8b6ee5b, Oct  2 2023, 14:57:12) [MSC v.1935 64 bit (AMD64)]', 'platform': 'Windows-10-10.0.26200-SP0', 'event': 'train'}
2026-03-05 11:23:32,106 - gensim.utils - INFO - Word2Vec lifecycle event {'params': 'Word2Vec<vocab=8, vector_size=200, alpha=0.025>', 'datetime': '2026-03-05T11:23:32.106610', 'gensim': '4.4.0', 'python': '3.11.6 (tags/v3.11.6:8b6ee5b, Oct  2 2023, 14:57:12) [MSC v.1935 64 bit (AMD64)]', 'platform': 'Windows-10-10.0.26200-SP0', 'event': 'created'}
2026-03-05 11:23:32,108 - gensim.utils - INFO - Word2Vec lifecycle event {'fname_or_handle': 'models/word2vec\\w2v_skipgram_sz200_win2_ep20.model', 'separately': 'None', 'sep_limit': 10485760, 'ignore': frozenset(), 'datetime': '2026-03-05T11:23:32.108916', 'gensim': '4.4.0', 'python': '3.11.6 (tags/v3.11.6:8b6ee5b, Oct  2 2023, 14:57:12) [MSC v.1935 64 bit (AMD64)]', 'platform': 'Windows-10-10.0.26200-SP0', 'event': 'saving'}
2026-03-05 11:23:32,109 - gensim.utils - INFO - not storing attribute cum_table
2026-03-05 11:23:32,109 - gensim.utils - INFO - saved models/word2vec\w2v_skipgram_sz200_win2_ep20.model
2026-03-05 11:23:32,109 - NLP_Project - INFO - Training w2v_cbow_sz200_win5_ep5...
2026-03-05 11:23:32,115 - gensim.models.word2vec - INFO - collecting all words and their counts
2026-03-05 11:23:32,115 - gensim.models.word2vec - INFO - PROGRESS: at sentence #0, processed 0 words, keeping 0 word types
2026-03-05 11:23:32,117 - gensim.models.word2vec - INFO - collected 8 word types from a corpus of 1000 raw words and 300 sentences
2026-03-05 11:23:32,118 - gensim.models.word2vec - INFO - Creating a fresh vocabulary
2026-03-05 11:23:32,118 - gensim.utils - INFO - Word2Vec lifecycle event {'msg': 'effective_min_count=5 retains 8 unique words (100.00% of original 8, drops 0)', 'datetime': '2026-03-05T11:23:32.118634', 'gensim': '4.4.0', 'python': '3.11.6 (tags/v3.11.6:8b6ee5b, Oct  2 2023, 14:57:12) [MSC v.1935 64 bit (AMD64)]', 'platform': 'Windows-10-10.0.26200-SP0', 'event': 'prepare_vocab'}
2026-03-05 11:23:32,119 - gensim.utils - INFO - Word2Vec lifecycle event {'msg': 'effective_min_count=5 leaves 1000 word corpus (100.00% of original 1000, drops 0)', 'datetime': '2026-03-05T11:23:32.119217', 'gensim': '4.4.0', 'python': '3.11.6 (tags/v3.11.6:8b6ee5b, Oct  2 2023, 14:57:12) [MSC v.1935 64 bit (AMD64)]', 'platform': 'Windows-10-10.0.26200-SP0', 'event': 'prepare_vocab'}
2026-03-05 11:23:32,120 - gensim.models.word2vec - INFO - deleting the raw counts dictionary of 8 items
2026-03-05 11:23:32,120 - gensim.models.word2vec - INFO - sample=0.001 downsamples 8 most-common words
2026-03-05 11:23:32,120 - gensim.utils - INFO - Word2Vec lifecycle event {'msg': 'downsampling leaves estimated 95.32050807568878 word corpus (9.5%% of prior 1000)', 'datetime': '2026-03-05T11:23:32.120586', 'gensim': '4.4.0', 'python': '3.11.6 (tags/v3.11.6:8b6ee5b, Oct  2 2023, 14:57:12) [MSC v.1935 64 bit (AMD64)]', 'platform': 'Windows-10-10.0.26200-SP0', 'event': 'prepare_vocab'}
2026-03-05 11:23:32,122 - gensim.models.word2vec - INFO - estimated required memory for 8 words and 200 dimensions: 16800 bytes
2026-03-05 11:23:32,122 - gensim.models.word2vec - INFO - resetting layer weights
2026-03-05 11:23:32,122 - gensim.utils - INFO - Word2Vec lifecycle event {'update': False, 'trim_rule': 'None', 'datetime': '2026-03-05T11:23:32.122954', 'gensim': '4.4.0', 'python': '3.11.6 (tags/v3.11.6:8b6ee5b, Oct  2 2023, 14:57:12) [MSC v.1935 64 bit (AMD64)]', 'platform': 'Windows-10-10.0.26200-SP0', 'event': 'build_vocab'}
2026-03-05 11:23:32,125 - gensim.utils - INFO - Word2Vec lifecycle event {'msg': 'training model with 16 workers on 8 vocabulary and 200 features, using sg=0 hs=0 sample=0.001 negative=5 window=5 shrink_windows=True', 'datetime': '2026-03-05T11:23:32.125186', 'gensim': '4.4.0', 'python': '3.11.6 (tags/v3.11.6:8b6ee5b, Oct  2 2023, 14:57:12) [MSC v.1935 64 bit (AMD64)]', 'platform': 'Windows-10-10.0.26200-SP0', 'event': 'train'}
2026-03-05 11:23:32,153 - gensim.models.word2vec - INFO - EPOCH 0: training on 1000 raw words (83 effective words) took 0.0s, 29093 effective words/s
2026-03-05 11:23:32,187 - gensim.models.word2vec - INFO - EPOCH 1: training on 1000 raw words (92 effective words) took 0.0s, 31731 effective words/s
2026-03-05 11:23:32,217 - gensim.models.word2vec - INFO - EPOCH 2: training on 1000 raw words (82 effective words) took 0.0s, 30195 effective words/s
2026-03-05 11:23:32,245 - gensim.models.word2vec - INFO - EPOCH 3: training on 1000 raw words (96 effective words) took 0.0s, 31153 effective words/s
2026-03-05 11:23:32,269 - gensim.models.word2vec - INFO - EPOCH 4: training on 1000 raw words (96 effective words) took 0.0s, 39722 effective words/s
2026-03-05 11:23:32,272 - gensim.utils - INFO - Word2Vec lifecycle event {'msg': 'training on 5000 raw words (449 effective words) took 0.1s, 3070 effective words/s', 'datetime': '2026-03-05T11:23:32.272168', 'gensim': '4.4.0', 'python': '3.11.6 (tags/v3.11.6:8b6ee5b, Oct  2 2023, 14:57:12) [MSC v.1935 64 bit (AMD64)]', 'platform': 'Windows-10-10.0.26200-SP0', 'event': 'train'}
2026-03-05 11:23:32,272 - gensim.utils - INFO - Word2Vec lifecycle event {'params': 'Word2Vec<vocab=8, vector_size=200, alpha=0.025>', 'datetime': '2026-03-05T11:23:32.272536', 'gensim': '4.4.0', 'python': '3.11.6 (tags/v3.11.6:8b6ee5b, Oct  2 2023, 14:57:12) [MSC v.1935 64 bit (AMD64)]', 'platform': 'Windows-10-10.0.26200-SP0', 'event': 'created'}
2026-03-05 11:23:32,274 - gensim.utils - INFO - Word2Vec lifecycle event {'fname_or_handle': 'models/word2vec\\w2v_cbow_sz200_win5_ep5.model', 'separately': 'None', 'sep_limit': 10485760, 'ignore': frozenset(), 'datetime': '2026-03-05T11:23:32.273305', 'gensim': '4.4.0', 'python': '3.11.6 (tags/v3.11.6:8b6ee5b, Oct  2 2023, 14:57:12) [MSC v.1935 64 bit (AMD64)]', 'platform': 'Windows-10-10.0.26200-SP0', 'event': 'saving'}
2026-03-05 11:23:32,274 - gensim.utils - INFO - not storing attribute cum_table
2026-03-05 11:23:32,275 - gensim.utils - INFO - saved models/word2vec\w2v_cbow_sz200_win5_ep5.model
2026-03-05 11:23:32,275 - NLP_Project - INFO - Training w2v_cbow_sz200_win5_ep10...
2026-03-05 11:23:32,279 - gensim.models.word2vec - INFO - collecting all words and their counts
2026-03-05 11:23:32,279 - gensim.models.word2vec - INFO - PROGRESS: at sentence #0, processed 0 words, keeping 0 word types
2026-03-05 11:23:32,280 - gensim.models.word2vec - INFO - collected 8 word types from a corpus of 1000 raw words and 300 sentences
2026-03-05 11:23:32,280 - gensim.models.word2vec - INFO - Creating a fresh vocabulary
2026-03-05 11:23:32,282 - gensim.utils - INFO - Word2Vec lifecycle event {'msg': 'effective_min_count=5 retains 8 unique words (100.00% of original 8, drops 0)', 'datetime': '2026-03-05T11:23:32.282737', 'gensim': '4.4.0', 'python': '3.11.6 (tags/v3.11.6:8b6ee5b, Oct  2 2023, 14:57:12) [MSC v.1935 64 bit (AMD64)]', 'platform': 'Windows-10-10.0.26200-SP0', 'event': 'prepare_vocab'}
2026-03-05 11:23:32,283 - gensim.utils - INFO - Word2Vec lifecycle event {'msg': 'effective_min_count=5 leaves 1000 word corpus (100.00% of original 1000, drops 0)', 'datetime': '2026-03-05T11:23:32.283441', 'gensim': '4.4.0', 'python': '3.11.6 (tags/v3.11.6:8b6ee5b, Oct  2 2023, 14:57:12) [MSC v.1935 64 bit (AMD64)]', 'platform': 'Windows-10-10.0.26200-SP0', 'event': 'prepare_vocab'}
2026-03-05 11:23:32,284 - gensim.models.word2vec - INFO - deleting the raw counts dictionary of 8 items
2026-03-05 11:23:32,284 - gensim.models.word2vec - INFO - sample=0.001 downsamples 8 most-common words
2026-03-05 11:23:32,284 - gensim.utils - INFO - Word2Vec lifecycle event {'msg': 'downsampling leaves estimated 95.32050807568878 word corpus (9.5%% of prior 1000)', 'datetime': '2026-03-05T11:23:32.284854', 'gensim': '4.4.0', 'python': '3.11.6 (tags/v3.11.6:8b6ee5b, Oct  2 2023, 14:57:12) [MSC v.1935 64 bit (AMD64)]', 'platform': 'Windows-10-10.0.26200-SP0', 'event': 'prepare_vocab'}
2026-03-05 11:23:32,286 - gensim.models.word2vec - INFO - estimated required memory for 8 words and 200 dimensions: 16800 bytes
2026-03-05 11:23:32,286 - gensim.models.word2vec - INFO - resetting layer weights
2026-03-05 11:23:32,286 - gensim.utils - INFO - Word2Vec lifecycle event {'update': False, 'trim_rule': 'None', 'datetime': '2026-03-05T11:23:32.286552', 'gensim': '4.4.0', 'python': '3.11.6 (tags/v3.11.6:8b6ee5b, Oct  2 2023, 14:57:12) [MSC v.1935 64 bit (AMD64)]', 'platform': 'Windows-10-10.0.26200-SP0', 'event': 'build_vocab'}
2026-03-05 11:23:32,286 - gensim.utils - INFO - Word2Vec lifecycle event {'msg': 'training model with 16 workers on 8 vocabulary and 200 features, using sg=0 hs=0 sample=0.001 negative=5 window=5 shrink_windows=True', 'datetime': '2026-03-05T11:23:32.286552', 'gensim': '4.4.0', 'python': '3.11.6 (tags/v3.11.6:8b6ee5b, Oct  2 2023, 14:57:12) [MSC v.1935 64 bit (AMD64)]', 'platform': 'Windows-10-10.0.26200-SP0', 'event': 'train'}
2026-03-05 11:23:32,312 - gensim.models.word2vec - INFO - EPOCH 0: training on 1000 raw words (83 effective words) took 0.0s, 22637 effective words/s
2026-03-05 11:23:32,341 - gensim.models.word2vec - INFO - EPOCH 1: training on 1000 raw words (92 effective words) took 0.0s, 122438 effective words/s
2026-03-05 11:23:32,367 - gensim.models.word2vec - INFO - EPOCH 2: training on 1000 raw words (82 effective words) took 0.0s, 220846 effective words/s
2026-03-05 11:23:32,393 - gensim.models.word2vec - INFO - EPOCH 3: training on 1000 raw words (96 effective words) took 0.0s, 30361 effective words/s
2026-03-05 11:23:32,420 - gensim.models.word2vec - INFO - EPOCH 4: training on 1000 raw words (96 effective words) took 0.0s, 284866 effective words/s
2026-03-05 11:23:32,446 - gensim.models.word2vec - INFO - EPOCH 5: training on 1000 raw words (95 effective words) took 0.0s, 194912 effective words/s
2026-03-05 11:23:32,472 - gensim.models.word2vec - INFO - EPOCH 6: training on 1000 raw words (93 effective words) took 0.0s, 34839 effective words/s
2026-03-05 11:23:32,498 - gensim.models.word2vec - INFO - EPOCH 7: training on 1000 raw words (79 effective words) took 0.0s, 207731 effective words/s
2026-03-05 11:23:32,524 - gensim.models.word2vec - INFO - EPOCH 8: training on 1000 raw words (102 effective words) took 0.0s, 129969 effective words/s
2026-03-05 11:23:32,548 - gensim.models.word2vec - INFO - EPOCH 9: training on 1000 raw words (99 effective words) took 0.0s, 39247 effective words/s
2026-03-05 11:23:32,548 - gensim.utils - INFO - Word2Vec lifecycle event {'msg': 'training on 10000 raw words (917 effective words) took 0.3s, 3487 effective words/s', 'datetime': '2026-03-05T11:23:32.548883', 'gensim': '4.4.0', 'python': '3.11.6 (tags/v3.11.6:8b6ee5b, Oct  2 2023, 14:57:12) [MSC v.1935 64 bit (AMD64)]', 'platform': 'Windows-10-10.0.26200-SP0', 'event': 'train'}
2026-03-05 11:23:32,548 - gensim.utils - INFO - Word2Vec lifecycle event {'params': 'Word2Vec<vocab=8, vector_size=200, alpha=0.025>', 'datetime': '2026-03-05T11:23:32.548883', 'gensim': '4.4.0', 'python': '3.11.6 (tags/v3.11.6:8b6ee5b, Oct  2 2023, 14:57:12) [MSC v.1935 64 bit (AMD64)]', 'platform': 'Windows-10-10.0.26200-SP0', 'event': 'created'}
2026-03-05 11:23:32,548 - gensim.utils - INFO - Word2Vec lifecycle event {'fname_or_handle': 'models/word2vec\\w2v_cbow_sz200_win5_ep10.model', 'separately': 'None', 'sep_limit': 10485760, 'ignore': frozenset(), 'datetime': '2026-03-05T11:23:32.548883', 'gensim': '4.4.0', 'python': '3.11.6 (tags/v3.11.6:8b6ee5b, Oct  2 2023, 14:57:12) [MSC v.1935 64 bit (AMD64)]', 'platform': 'Windows-10-10.0.26200-SP0', 'event': 'saving'}
2026-03-05 11:23:32,553 - gensim.utils - INFO - not storing attribute cum_table
2026-03-05 11:23:32,553 - gensim.utils - INFO - saved models/word2vec\w2v_cbow_sz200_win5_ep10.model
2026-03-05 11:23:32,553 - NLP_Project - INFO - Training w2v_cbow_sz200_win5_ep20...
2026-03-05 11:23:32,556 - gensim.models.word2vec - INFO - collecting all words and their counts
2026-03-05 11:23:32,556 - gensim.models.word2vec - INFO - PROGRESS: at sentence #0, processed 0 words, keeping 0 word types
2026-03-05 11:23:32,558 - gensim.models.word2vec - INFO - collected 8 word types from a corpus of 1000 raw words and 300 sentences
2026-03-05 11:23:32,558 - gensim.models.word2vec - INFO - Creating a fresh vocabulary
2026-03-05 11:23:32,558 - gensim.utils - INFO - Word2Vec lifecycle event {'msg': 'effective_min_count=5 retains 8 unique words (100.00% of original 8, drops 0)', 'datetime': '2026-03-05T11:23:32.558619', 'gensim': '4.4.0', 'python': '3.11.6 (tags/v3.11.6:8b6ee5b, Oct  2 2023, 14:57:12) [MSC v.1935 64 bit (AMD64)]', 'platform': 'Windows-10-10.0.26200-SP0', 'event': 'prepare_vocab'}
2026-03-05 11:23:32,558 - gensim.utils - INFO - Word2Vec lifecycle event {'msg': 'effective_min_count=5 leaves 1000 word corpus (100.00% of original 1000, drops 0)', 'datetime': '2026-03-05T11:23:32.558619', 'gensim': '4.4.0', 'python': '3.11.6 (tags/v3.11.6:8b6ee5b, Oct  2 2023, 14:57:12) [MSC v.1935 64 bit (AMD64)]', 'platform': 'Windows-10-10.0.26200-SP0', 'event': 'prepare_vocab'}
2026-03-05 11:23:32,558 - gensim.models.word2vec - INFO - deleting the raw counts dictionary of 8 items
2026-03-05 11:23:32,558 - gensim.models.word2vec - INFO - sample=0.001 downsamples 8 most-common words
2026-03-05 11:23:32,558 - gensim.utils - INFO - Word2Vec lifecycle event {'msg': 'downsampling leaves estimated 95.32050807568878 word corpus (9.5%% of prior 1000)', 'datetime': '2026-03-05T11:23:32.558619', 'gensim': '4.4.0', 'python': '3.11.6 (tags/v3.11.6:8b6ee5b, Oct  2 2023, 14:57:12) [MSC v.1935 64 bit (AMD64)]', 'platform': 'Windows-10-10.0.26200-SP0', 'event': 'prepare_vocab'}
2026-03-05 11:23:32,558 - gensim.models.word2vec - INFO - estimated required memory for 8 words and 200 dimensions: 16800 bytes
2026-03-05 11:23:32,558 - gensim.models.word2vec - INFO - resetting layer weights
2026-03-05 11:23:32,562 - gensim.utils - INFO - Word2Vec lifecycle event {'update': False, 'trim_rule': 'None', 'datetime': '2026-03-05T11:23:32.562862', 'gensim': '4.4.0', 'python': '3.11.6 (tags/v3.11.6:8b6ee5b, Oct  2 2023, 14:57:12) [MSC v.1935 64 bit (AMD64)]', 'platform': 'Windows-10-10.0.26200-SP0', 'event': 'build_vocab'}
2026-03-05 11:23:32,563 - gensim.utils - INFO - Word2Vec lifecycle event {'msg': 'training model with 16 workers on 8 vocabulary and 200 features, using sg=0 hs=0 sample=0.001 negative=5 window=5 shrink_windows=True', 'datetime': '2026-03-05T11:23:32.563352', 'gensim': '4.4.0', 'python': '3.11.6 (tags/v3.11.6:8b6ee5b, Oct  2 2023, 14:57:12) [MSC v.1935 64 bit (AMD64)]', 'platform': 'Windows-10-10.0.26200-SP0', 'event': 'train'}
2026-03-05 11:23:32,581 - gensim.models.word2vec - INFO - EPOCH 0: training on 1000 raw words (83 effective words) took 0.0s, 38135 effective words/s
2026-03-05 11:23:32,603 - gensim.models.word2vec - INFO - EPOCH 1: training on 1000 raw words (92 effective words) took 0.0s, 309973 effective words/s
2026-03-05 11:23:32,627 - gensim.models.word2vec - INFO - EPOCH 2: training on 1000 raw words (82 effective words) took 0.0s, 25530 effective words/s
2026-03-05 11:23:32,653 - gensim.models.word2vec - INFO - EPOCH 3: training on 1000 raw words (96 effective words) took 0.0s, 37406 effective words/s
2026-03-05 11:23:32,681 - gensim.models.word2vec - INFO - EPOCH 4: training on 1000 raw words (96 effective words) took 0.0s, 26362 effective words/s
2026-03-05 11:23:32,708 - gensim.models.word2vec - INFO - EPOCH 5: training on 1000 raw words (95 effective words) took 0.0s, 24898 effective words/s
2026-03-05 11:23:32,730 - gensim.models.word2vec - INFO - EPOCH 6: training on 1000 raw words (93 effective words) took 0.0s, 198125 effective words/s
2026-03-05 11:23:32,753 - gensim.models.word2vec - INFO - EPOCH 7: training on 1000 raw words (79 effective words) took 0.0s, 29246 effective words/s
2026-03-05 11:23:32,780 - gensim.models.word2vec - INFO - EPOCH 8: training on 1000 raw words (102 effective words) took 0.0s, 506203 effective words/s
2026-03-05 11:23:32,802 - gensim.models.word2vec - INFO - EPOCH 9: training on 1000 raw words (99 effective words) took 0.0s, 43978 effective words/s
2026-03-05 11:23:32,824 - gensim.models.word2vec - INFO - EPOCH 10: training on 1000 raw words (89 effective words) took 0.0s, 28858 effective words/s
2026-03-05 11:23:32,852 - gensim.models.word2vec - INFO - EPOCH 11: training on 1000 raw words (99 effective words) took 0.0s, 40435 effective words/s
2026-03-05 11:23:32,877 - gensim.models.word2vec - INFO - EPOCH 12: training on 1000 raw words (88 effective words) took 0.0s, 23620 effective words/s
2026-03-05 11:23:32,904 - gensim.models.word2vec - INFO - EPOCH 13: training on 1000 raw words (100 effective words) took 0.0s, 60332 effective words/s
2026-03-05 11:23:32,931 - gensim.models.word2vec - INFO - EPOCH 14: training on 1000 raw words (89 effective words) took 0.0s, 30192 effective words/s
2026-03-05 11:23:32,953 - gensim.models.word2vec - INFO - EPOCH 15: training on 1000 raw words (104 effective words) took 0.0s, 41951 effective words/s
2026-03-05 11:23:32,985 - gensim.models.word2vec - INFO - EPOCH 16: training on 1000 raw words (105 effective words) took 0.0s, 31145 effective words/s
2026-03-05 11:23:33,013 - gensim.models.word2vec - INFO - EPOCH 17: training on 1000 raw words (84 effective words) took 0.0s, 23111 effective words/s
2026-03-05 11:23:33,037 - gensim.models.word2vec - INFO - EPOCH 18: training on 1000 raw words (85 effective words) took 0.0s, 23848 effective words/s
2026-03-05 11:23:33,058 - gensim.models.word2vec - INFO - EPOCH 19: training on 1000 raw words (90 effective words) took 0.0s, 25760 effective words/s
2026-03-05 11:23:33,067 - gensim.utils - INFO - Word2Vec lifecycle event {'msg': 'training on 20000 raw words (1850 effective words) took 0.5s, 3671 effective words/s', 'datetime': '2026-03-05T11:23:33.067298', 'gensim': '4.4.0', 'python': '3.11.6 (tags/v3.11.6:8b6ee5b, Oct  2 2023, 14:57:12) [MSC v.1935 64 bit (AMD64)]', 'platform': 'Windows-10-10.0.26200-SP0', 'event': 'train'}
2026-03-05 11:23:33,067 - gensim.utils - INFO - Word2Vec lifecycle event {'params': 'Word2Vec<vocab=8, vector_size=200, alpha=0.025>', 'datetime': '2026-03-05T11:23:33.067298', 'gensim': '4.4.0', 'python': '3.11.6 (tags/v3.11.6:8b6ee5b, Oct  2 2023, 14:57:12) [MSC v.1935 64 bit (AMD64)]', 'platform': 'Windows-10-10.0.26200-SP0', 'event': 'created'}
2026-03-05 11:23:33,067 - gensim.utils - INFO - Word2Vec lifecycle event {'fname_or_handle': 'models/word2vec\\w2v_cbow_sz200_win5_ep20.model', 'separately': 'None', 'sep_limit': 10485760, 'ignore': frozenset(), 'datetime': '2026-03-05T11:23:33.067298', 'gensim': '4.4.0', 'python': '3.11.6 (tags/v3.11.6:8b6ee5b, Oct  2 2023, 14:57:12) [MSC v.1935 64 bit (AMD64)]', 'platform': 'Windows-10-10.0.26200-SP0', 'event': 'saving'}
2026-03-05 11:23:33,070 - gensim.utils - INFO - not storing attribute cum_table
2026-03-05 11:23:33,072 - gensim.utils - INFO - saved models/word2vec\w2v_cbow_sz200_win5_ep20.model
2026-03-05 11:23:33,072 - NLP_Project - INFO - Training w2v_skipgram_sz200_win5_ep5...
2026-03-05 11:23:33,074 - gensim.models.word2vec - INFO - collecting all words and their counts
2026-03-05 11:23:33,074 - gensim.models.word2vec - INFO - PROGRESS: at sentence #0, processed 0 words, keeping 0 word types
2026-03-05 11:23:33,074 - gensim.models.word2vec - INFO - collected 8 word types from a corpus of 1000 raw words and 300 sentences
2026-03-05 11:23:33,074 - gensim.models.word2vec - INFO - Creating a fresh vocabulary
2026-03-05 11:23:33,074 - gensim.utils - INFO - Word2Vec lifecycle event {'msg': 'effective_min_count=5 retains 8 unique words (100.00% of original 8, drops 0)', 'datetime': '2026-03-05T11:23:33.074786', 'gensim': '4.4.0', 'python': '3.11.6 (tags/v3.11.6:8b6ee5b, Oct  2 2023, 14:57:12) [MSC v.1935 64 bit (AMD64)]', 'platform': 'Windows-10-10.0.26200-SP0', 'event': 'prepare_vocab'}
2026-03-05 11:23:33,074 - gensim.utils - INFO - Word2Vec lifecycle event {'msg': 'effective_min_count=5 leaves 1000 word corpus (100.00% of original 1000, drops 0)', 'datetime': '2026-03-05T11:23:33.074786', 'gensim': '4.4.0', 'python': '3.11.6 (tags/v3.11.6:8b6ee5b, Oct  2 2023, 14:57:12) [MSC v.1935 64 bit (AMD64)]', 'platform': 'Windows-10-10.0.26200-SP0', 'event': 'prepare_vocab'}
2026-03-05 11:23:33,074 - gensim.models.word2vec - INFO - deleting the raw counts dictionary of 8 items
2026-03-05 11:23:33,074 - gensim.models.word2vec - INFO - sample=0.001 downsamples 8 most-common words
2026-03-05 11:23:33,074 - gensim.utils - INFO - Word2Vec lifecycle event {'msg': 'downsampling leaves estimated 95.32050807568878 word corpus (9.5%% of prior 1000)', 'datetime': '2026-03-05T11:23:33.074786', 'gensim': '4.4.0', 'python': '3.11.6 (tags/v3.11.6:8b6ee5b, Oct  2 2023, 14:57:12) [MSC v.1935 64 bit (AMD64)]', 'platform': 'Windows-10-10.0.26200-SP0', 'event': 'prepare_vocab'}
2026-03-05 11:23:33,080 - gensim.models.word2vec - INFO - estimated required memory for 8 words and 200 dimensions: 16800 bytes
2026-03-05 11:23:33,081 - gensim.models.word2vec - INFO - resetting layer weights
2026-03-05 11:23:33,081 - gensim.utils - INFO - Word2Vec lifecycle event {'update': False, 'trim_rule': 'None', 'datetime': '2026-03-05T11:23:33.081926', 'gensim': '4.4.0', 'python': '3.11.6 (tags/v3.11.6:8b6ee5b, Oct  2 2023, 14:57:12) [MSC v.1935 64 bit (AMD64)]', 'platform': 'Windows-10-10.0.26200-SP0', 'event': 'build_vocab'}
2026-03-05 11:23:33,081 - gensim.utils - INFO - Word2Vec lifecycle event {'msg': 'training model with 16 workers on 8 vocabulary and 200 features, using sg=1 hs=0 sample=0.001 negative=5 window=5 shrink_windows=True', 'datetime': '2026-03-05T11:23:33.081926', 'gensim': '4.4.0', 'python': '3.11.6 (tags/v3.11.6:8b6ee5b, Oct  2 2023, 14:57:12) [MSC v.1935 64 bit (AMD64)]', 'platform': 'Windows-10-10.0.26200-SP0', 'event': 'train'}
2026-03-05 11:23:33,097 - gensim.models.word2vec - INFO - EPOCH 0: training on 1000 raw words (83 effective words) took 0.0s, 214138 effective words/s
2026-03-05 11:23:33,127 - gensim.models.word2vec - INFO - EPOCH 1: training on 1000 raw words (92 effective words) took 0.0s, 30557 effective words/s
2026-03-05 11:23:33,153 - gensim.models.word2vec - INFO - EPOCH 2: training on 1000 raw words (82 effective words) took 0.0s, 27974 effective words/s
2026-03-05 11:23:33,180 - gensim.models.word2vec - INFO - EPOCH 3: training on 1000 raw words (96 effective words) took 0.0s, 29818 effective words/s
2026-03-05 11:23:33,208 - gensim.models.word2vec - INFO - EPOCH 4: training on 1000 raw words (96 effective words) took 0.0s, 27486 effective words/s
2026-03-05 11:23:33,208 - gensim.utils - INFO - Word2Vec lifecycle event {'msg': 'training on 5000 raw words (449 effective words) took 0.1s, 3541 effective words/s', 'datetime': '2026-03-05T11:23:33.208710', 'gensim': '4.4.0', 'python': '3.11.6 (tags/v3.11.6:8b6ee5b, Oct  2 2023, 14:57:12) [MSC v.1935 64 bit (AMD64)]', 'platform': 'Windows-10-10.0.26200-SP0', 'event': 'train'}
2026-03-05 11:23:33,208 - gensim.utils - INFO - Word2Vec lifecycle event {'params': 'Word2Vec<vocab=8, vector_size=200, alpha=0.025>', 'datetime': '2026-03-05T11:23:33.208710', 'gensim': '4.4.0', 'python': '3.11.6 (tags/v3.11.6:8b6ee5b, Oct  2 2023, 14:57:12) [MSC v.1935 64 bit (AMD64)]', 'platform': 'Windows-10-10.0.26200-SP0', 'event': 'created'}
2026-03-05 11:23:33,210 - gensim.utils - INFO - Word2Vec lifecycle event {'fname_or_handle': 'models/word2vec\\w2v_skipgram_sz200_win5_ep5.model', 'separately': 'None', 'sep_limit': 10485760, 'ignore': frozenset(), 'datetime': '2026-03-05T11:23:33.210881', 'gensim': '4.4.0', 'python': '3.11.6 (tags/v3.11.6:8b6ee5b, Oct  2 2023, 14:57:12) [MSC v.1935 64 bit (AMD64)]', 'platform': 'Windows-10-10.0.26200-SP0', 'event': 'saving'}
2026-03-05 11:23:33,211 - gensim.utils - INFO - not storing attribute cum_table
2026-03-05 11:23:33,213 - gensim.utils - INFO - saved models/word2vec\w2v_skipgram_sz200_win5_ep5.model
2026-03-05 11:23:33,215 - NLP_Project - INFO - Training w2v_skipgram_sz200_win5_ep10...
2026-03-05 11:23:33,216 - gensim.models.word2vec - INFO - collecting all words and their counts
2026-03-05 11:23:33,217 - gensim.models.word2vec - INFO - PROGRESS: at sentence #0, processed 0 words, keeping 0 word types
2026-03-05 11:23:33,217 - gensim.models.word2vec - INFO - collected 8 word types from a corpus of 1000 raw words and 300 sentences
2026-03-05 11:23:33,217 - gensim.models.word2vec - INFO - Creating a fresh vocabulary
2026-03-05 11:23:33,217 - gensim.utils - INFO - Word2Vec lifecycle event {'msg': 'effective_min_count=5 retains 8 unique words (100.00% of original 8, drops 0)', 'datetime': '2026-03-05T11:23:33.217745', 'gensim': '4.4.0', 'python': '3.11.6 (tags/v3.11.6:8b6ee5b, Oct  2 2023, 14:57:12) [MSC v.1935 64 bit (AMD64)]', 'platform': 'Windows-10-10.0.26200-SP0', 'event': 'prepare_vocab'}
2026-03-05 11:23:33,217 - gensim.utils - INFO - Word2Vec lifecycle event {'msg': 'effective_min_count=5 leaves 1000 word corpus (100.00% of original 1000, drops 0)', 'datetime': '2026-03-05T11:23:33.217745', 'gensim': '4.4.0', 'python': '3.11.6 (tags/v3.11.6:8b6ee5b, Oct  2 2023, 14:57:12) [MSC v.1935 64 bit (AMD64)]', 'platform': 'Windows-10-10.0.26200-SP0', 'event': 'prepare_vocab'}
2026-03-05 11:23:33,220 - gensim.models.word2vec - INFO - deleting the raw counts dictionary of 8 items
2026-03-05 11:23:33,220 - gensim.models.word2vec - INFO - sample=0.001 downsamples 8 most-common words
2026-03-05 11:23:33,220 - gensim.utils - INFO - Word2Vec lifecycle event {'msg': 'downsampling leaves estimated 95.32050807568878 word corpus (9.5%% of prior 1000)', 'datetime': '2026-03-05T11:23:33.220317', 'gensim': '4.4.0', 'python': '3.11.6 (tags/v3.11.6:8b6ee5b, Oct  2 2023, 14:57:12) [MSC v.1935 64 bit (AMD64)]', 'platform': 'Windows-10-10.0.26200-SP0', 'event': 'prepare_vocab'}
2026-03-05 11:23:33,221 - gensim.models.word2vec - INFO - estimated required memory for 8 words and 200 dimensions: 16800 bytes
2026-03-05 11:23:33,221 - gensim.models.word2vec - INFO - resetting layer weights
2026-03-05 11:23:33,221 - gensim.utils - INFO - Word2Vec lifecycle event {'update': False, 'trim_rule': 'None', 'datetime': '2026-03-05T11:23:33.221896', 'gensim': '4.4.0', 'python': '3.11.6 (tags/v3.11.6:8b6ee5b, Oct  2 2023, 14:57:12) [MSC v.1935 64 bit (AMD64)]', 'platform': 'Windows-10-10.0.26200-SP0', 'event': 'build_vocab'}
2026-03-05 11:23:33,221 - gensim.utils - INFO - Word2Vec lifecycle event {'msg': 'training model with 16 workers on 8 vocabulary and 200 features, using sg=1 hs=0 sample=0.001 negative=5 window=5 shrink_windows=True', 'datetime': '2026-03-05T11:23:33.221896', 'gensim': '4.4.0', 'python': '3.11.6 (tags/v3.11.6:8b6ee5b, Oct  2 2023, 14:57:12) [MSC v.1935 64 bit (AMD64)]', 'platform': 'Windows-10-10.0.26200-SP0', 'event': 'train'}
2026-03-05 11:23:33,240 - gensim.models.word2vec - INFO - EPOCH 0: training on 1000 raw words (83 effective words) took 0.0s, 253900 effective words/s
2026-03-05 11:23:33,268 - gensim.models.word2vec - INFO - EPOCH 1: training on 1000 raw words (92 effective words) took 0.0s, 277443 effective words/s
2026-03-05 11:23:33,287 - gensim.models.word2vec - INFO - EPOCH 2: training on 1000 raw words (82 effective words) took 0.0s, 34774 effective words/s
2026-03-05 11:23:33,307 - gensim.models.word2vec - INFO - EPOCH 3: training on 1000 raw words (96 effective words) took 0.0s, 34583 effective words/s
2026-03-05 11:23:33,331 - gensim.models.word2vec - INFO - EPOCH 4: training on 1000 raw words (96 effective words) took 0.0s, 324873 effective words/s
2026-03-05 11:23:33,359 - gensim.models.word2vec - INFO - EPOCH 5: training on 1000 raw words (95 effective words) took 0.0s, 167637 effective words/s
2026-03-05 11:23:33,387 - gensim.models.word2vec - INFO - EPOCH 6: training on 1000 raw words (93 effective words) took 0.0s, 36874 effective words/s
2026-03-05 11:23:33,415 - gensim.models.word2vec - INFO - EPOCH 7: training on 1000 raw words (79 effective words) took 0.0s, 283053 effective words/s
2026-03-05 11:23:33,447 - gensim.models.word2vec - INFO - EPOCH 8: training on 1000 raw words (102 effective words) took 0.0s, 174121 effective words/s
2026-03-05 11:23:33,478 - gensim.models.word2vec - INFO - EPOCH 9: training on 1000 raw words (99 effective words) took 0.0s, 34213 effective words/s
2026-03-05 11:23:33,480 - gensim.utils - INFO - Word2Vec lifecycle event {'msg': 'training on 10000 raw words (917 effective words) took 0.3s, 3582 effective words/s', 'datetime': '2026-03-05T11:23:33.480402', 'gensim': '4.4.0', 'python': '3.11.6 (tags/v3.11.6:8b6ee5b, Oct  2 2023, 14:57:12) [MSC v.1935 64 bit (AMD64)]', 'platform': 'Windows-10-10.0.26200-SP0', 'event': 'train'}
2026-03-05 11:23:33,480 - gensim.utils - INFO - Word2Vec lifecycle event {'params': 'Word2Vec<vocab=8, vector_size=200, alpha=0.025>', 'datetime': '2026-03-05T11:23:33.480915', 'gensim': '4.4.0', 'python': '3.11.6 (tags/v3.11.6:8b6ee5b, Oct  2 2023, 14:57:12) [MSC v.1935 64 bit (AMD64)]', 'platform': 'Windows-10-10.0.26200-SP0', 'event': 'created'}
2026-03-05 11:23:33,480 - gensim.utils - INFO - Word2Vec lifecycle event {'fname_or_handle': 'models/word2vec\\w2v_skipgram_sz200_win5_ep10.model', 'separately': 'None', 'sep_limit': 10485760, 'ignore': frozenset(), 'datetime': '2026-03-05T11:23:33.480915', 'gensim': '4.4.0', 'python': '3.11.6 (tags/v3.11.6:8b6ee5b, Oct  2 2023, 14:57:12) [MSC v.1935 64 bit (AMD64)]', 'platform': 'Windows-10-10.0.26200-SP0', 'event': 'saving'}
2026-03-05 11:23:33,483 - gensim.utils - INFO - not storing attribute cum_table
2026-03-05 11:23:33,486 - gensim.utils - INFO - saved models/word2vec\w2v_skipgram_sz200_win5_ep10.model
2026-03-05 11:23:33,486 - NLP_Project - INFO - Training w2v_skipgram_sz200_win5_ep20...
2026-03-05 11:23:33,486 - gensim.models.word2vec - INFO - collecting all words and their counts
2026-03-05 11:23:33,488 - gensim.models.word2vec - INFO - PROGRESS: at sentence #0, processed 0 words, keeping 0 word types
2026-03-05 11:23:33,489 - gensim.models.word2vec - INFO - collected 8 word types from a corpus of 1000 raw words and 300 sentences
2026-03-05 11:23:33,490 - gensim.models.word2vec - INFO - Creating a fresh vocabulary
2026-03-05 11:23:33,491 - gensim.utils - INFO - Word2Vec lifecycle event {'msg': 'effective_min_count=5 retains 8 unique words (100.00% of original 8, drops 0)', 'datetime': '2026-03-05T11:23:33.491139', 'gensim': '4.4.0', 'python': '3.11.6 (tags/v3.11.6:8b6ee5b, Oct  2 2023, 14:57:12) [MSC v.1935 64 bit (AMD64)]', 'platform': 'Windows-10-10.0.26200-SP0', 'event': 'prepare_vocab'}
2026-03-05 11:23:33,491 - gensim.utils - INFO - Word2Vec lifecycle event {'msg': 'effective_min_count=5 leaves 1000 word corpus (100.00% of original 1000, drops 0)', 'datetime': '2026-03-05T11:23:33.491658', 'gensim': '4.4.0', 'python': '3.11.6 (tags/v3.11.6:8b6ee5b, Oct  2 2023, 14:57:12) [MSC v.1935 64 bit (AMD64)]', 'platform': 'Windows-10-10.0.26200-SP0', 'event': 'prepare_vocab'}
2026-03-05 11:23:33,492 - gensim.models.word2vec - INFO - deleting the raw counts dictionary of 8 items
2026-03-05 11:23:33,493 - gensim.models.word2vec - INFO - sample=0.001 downsamples 8 most-common words
2026-03-05 11:23:33,493 - gensim.utils - INFO - Word2Vec lifecycle event {'msg': 'downsampling leaves estimated 95.32050807568878 word corpus (9.5%% of prior 1000)', 'datetime': '2026-03-05T11:23:33.493741', 'gensim': '4.4.0', 'python': '3.11.6 (tags/v3.11.6:8b6ee5b, Oct  2 2023, 14:57:12) [MSC v.1935 64 bit (AMD64)]', 'platform': 'Windows-10-10.0.26200-SP0', 'event': 'prepare_vocab'}
2026-03-05 11:23:33,495 - gensim.models.word2vec - INFO - estimated required memory for 8 words and 200 dimensions: 16800 bytes
2026-03-05 11:23:33,495 - gensim.models.word2vec - INFO - resetting layer weights
2026-03-05 11:23:33,495 - gensim.utils - INFO - Word2Vec lifecycle event {'update': False, 'trim_rule': 'None', 'datetime': '2026-03-05T11:23:33.495266', 'gensim': '4.4.0', 'python': '3.11.6 (tags/v3.11.6:8b6ee5b, Oct  2 2023, 14:57:12) [MSC v.1935 64 bit (AMD64)]', 'platform': 'Windows-10-10.0.26200-SP0', 'event': 'build_vocab'}
2026-03-05 11:23:33,497 - gensim.utils - INFO - Word2Vec lifecycle event {'msg': 'training model with 16 workers on 8 vocabulary and 200 features, using sg=1 hs=0 sample=0.001 negative=5 window=5 shrink_windows=True', 'datetime': '2026-03-05T11:23:33.497032', 'gensim': '4.4.0', 'python': '3.11.6 (tags/v3.11.6:8b6ee5b, Oct  2 2023, 14:57:12) [MSC v.1935 64 bit (AMD64)]', 'platform': 'Windows-10-10.0.26200-SP0', 'event': 'train'}
2026-03-05 11:23:33,523 - gensim.models.word2vec - INFO - EPOCH 0: training on 1000 raw words (83 effective words) took 0.0s, 30574 effective words/s
2026-03-05 11:23:33,551 - gensim.models.word2vec - INFO - EPOCH 1: training on 1000 raw words (92 effective words) took 0.0s, 37976 effective words/s
2026-03-05 11:23:33,580 - gensim.models.word2vec - INFO - EPOCH 2: training on 1000 raw words (82 effective words) took 0.0s, 30995 effective words/s
2026-03-05 11:23:33,609 - gensim.models.word2vec - INFO - EPOCH 3: training on 1000 raw words (96 effective words) took 0.0s, 23547 effective words/s
2026-03-05 11:23:33,636 - gensim.models.word2vec - INFO - EPOCH 4: training on 1000 raw words (96 effective words) took 0.0s, 36666 effective words/s
2026-03-05 11:23:33,697 - gensim.models.word2vec - INFO - EPOCH 5: training on 1000 raw words (95 effective words) took 0.0s, 136064 effective words/s
2026-03-05 11:23:33,733 - gensim.models.word2vec - INFO - EPOCH 6: training on 1000 raw words (93 effective words) took 0.0s, 35877 effective words/s
2026-03-05 11:23:33,751 - gensim.models.word2vec - INFO - EPOCH 7: training on 1000 raw words (79 effective words) took 0.0s, 54857 effective words/s
2026-03-05 11:23:33,773 - gensim.models.word2vec - INFO - EPOCH 8: training on 1000 raw words (102 effective words) took 0.0s, 169238 effective words/s
2026-03-05 11:23:33,786 - gensim.models.word2vec - INFO - EPOCH 9: training on 1000 raw words (99 effective words) took 0.0s, 75734 effective words/s
2026-03-05 11:23:33,796 - gensim.models.word2vec - INFO - EPOCH 10: training on 1000 raw words (89 effective words) took 0.0s, 64582 effective words/s
2026-03-05 11:23:33,808 - gensim.models.word2vec - INFO - EPOCH 11: training on 1000 raw words (99 effective words) took 0.0s, 77447 effective words/s
2026-03-05 11:23:33,825 - gensim.models.word2vec - INFO - EPOCH 12: training on 1000 raw words (88 effective words) took 0.0s, 50511 effective words/s
2026-03-05 11:23:33,845 - gensim.models.word2vec - INFO - EPOCH 13: training on 1000 raw words (100 effective words) took 0.0s, 30767 effective words/s
2026-03-05 11:23:33,873 - gensim.models.word2vec - INFO - EPOCH 14: training on 1000 raw words (89 effective words) took 0.0s, 23390 effective words/s
2026-03-05 11:23:33,897 - gensim.models.word2vec - INFO - EPOCH 15: training on 1000 raw words (104 effective words) took 0.0s, 180744 effective words/s
2026-03-05 11:23:33,930 - gensim.models.word2vec - INFO - EPOCH 16: training on 1000 raw words (105 effective words) took 0.0s, 27253 effective words/s
2026-03-05 11:23:33,956 - gensim.models.word2vec - INFO - EPOCH 17: training on 1000 raw words (84 effective words) took 0.0s, 25288 effective words/s
2026-03-05 11:23:33,984 - gensim.models.word2vec - INFO - EPOCH 18: training on 1000 raw words (85 effective words) took 0.0s, 90715 effective words/s
2026-03-05 11:23:34,008 - gensim.models.word2vec - INFO - EPOCH 19: training on 1000 raw words (90 effective words) took 0.0s, 171854 effective words/s
2026-03-05 11:23:34,008 - gensim.utils - INFO - Word2Vec lifecycle event {'msg': 'training on 20000 raw words (1850 effective words) took 0.5s, 3580 effective words/s', 'datetime': '2026-03-05T11:23:34.008453', 'gensim': '4.4.0', 'python': '3.11.6 (tags/v3.11.6:8b6ee5b, Oct  2 2023, 14:57:12) [MSC v.1935 64 bit (AMD64)]', 'platform': 'Windows-10-10.0.26200-SP0', 'event': 'train'}
2026-03-05 11:23:34,008 - gensim.utils - INFO - Word2Vec lifecycle event {'params': 'Word2Vec<vocab=8, vector_size=200, alpha=0.025>', 'datetime': '2026-03-05T11:23:34.008453', 'gensim': '4.4.0', 'python': '3.11.6 (tags/v3.11.6:8b6ee5b, Oct  2 2023, 14:57:12) [MSC v.1935 64 bit (AMD64)]', 'platform': 'Windows-10-10.0.26200-SP0', 'event': 'created'}
2026-03-05 11:23:34,016 - gensim.utils - INFO - Word2Vec lifecycle event {'fname_or_handle': 'models/word2vec\\w2v_skipgram_sz200_win5_ep20.model', 'separately': 'None', 'sep_limit': 10485760, 'ignore': frozenset(), 'datetime': '2026-03-05T11:23:34.016444', 'gensim': '4.4.0', 'python': '3.11.6 (tags/v3.11.6:8b6ee5b, Oct  2 2023, 14:57:12) [MSC v.1935 64 bit (AMD64)]', 'platform': 'Windows-10-10.0.26200-SP0', 'event': 'saving'}
2026-03-05 11:23:34,017 - gensim.utils - INFO - not storing attribute cum_table
2026-03-05 11:23:34,020 - gensim.utils - INFO - saved models/word2vec\w2v_skipgram_sz200_win5_ep20.model
2026-03-05 11:23:34,020 - NLP_Project - INFO - Training w2v_cbow_sz200_win10_ep5...
2026-03-05 11:23:34,020 - gensim.models.word2vec - INFO - collecting all words and their counts
2026-03-05 11:23:34,022 - gensim.models.word2vec - INFO - PROGRESS: at sentence #0, processed 0 words, keeping 0 word types
2026-03-05 11:23:34,022 - gensim.models.word2vec - INFO - collected 8 word types from a corpus of 1000 raw words and 300 sentences
2026-03-05 11:23:34,022 - gensim.models.word2vec - INFO - Creating a fresh vocabulary
2026-03-05 11:23:34,024 - gensim.utils - INFO - Word2Vec lifecycle event {'msg': 'effective_min_count=5 retains 8 unique words (100.00% of original 8, drops 0)', 'datetime': '2026-03-05T11:23:34.024315', 'gensim': '4.4.0', 'python': '3.11.6 (tags/v3.11.6:8b6ee5b, Oct  2 2023, 14:57:12) [MSC v.1935 64 bit (AMD64)]', 'platform': 'Windows-10-10.0.26200-SP0', 'event': 'prepare_vocab'}
2026-03-05 11:23:34,024 - gensim.utils - INFO - Word2Vec lifecycle event {'msg': 'effective_min_count=5 leaves 1000 word corpus (100.00% of original 1000, drops 0)', 'datetime': '2026-03-05T11:23:34.024985', 'gensim': '4.4.0', 'python': '3.11.6 (tags/v3.11.6:8b6ee5b, Oct  2 2023, 14:57:12) [MSC v.1935 64 bit (AMD64)]', 'platform': 'Windows-10-10.0.26200-SP0', 'event': 'prepare_vocab'}
2026-03-05 11:23:34,024 - gensim.models.word2vec - INFO - deleting the raw counts dictionary of 8 items
2026-03-05 11:23:34,024 - gensim.models.word2vec - INFO - sample=0.001 downsamples 8 most-common words
2026-03-05 11:23:34,024 - gensim.utils - INFO - Word2Vec lifecycle event {'msg': 'downsampling leaves estimated 95.32050807568878 word corpus (9.5%% of prior 1000)', 'datetime': '2026-03-05T11:23:34.024985', 'gensim': '4.4.0', 'python': '3.11.6 (tags/v3.11.6:8b6ee5b, Oct  2 2023, 14:57:12) [MSC v.1935 64 bit (AMD64)]', 'platform': 'Windows-10-10.0.26200-SP0', 'event': 'prepare_vocab'}
2026-03-05 11:23:34,024 - gensim.models.word2vec - INFO - estimated required memory for 8 words and 200 dimensions: 16800 bytes
2026-03-05 11:23:34,024 - gensim.models.word2vec - INFO - resetting layer weights
2026-03-05 11:23:34,024 - gensim.utils - INFO - Word2Vec lifecycle event {'update': False, 'trim_rule': 'None', 'datetime': '2026-03-05T11:23:34.024985', 'gensim': '4.4.0', 'python': '3.11.6 (tags/v3.11.6:8b6ee5b, Oct  2 2023, 14:57:12) [MSC v.1935 64 bit (AMD64)]', 'platform': 'Windows-10-10.0.26200-SP0', 'event': 'build_vocab'}
2026-03-05 11:23:34,030 - gensim.utils - INFO - Word2Vec lifecycle event {'msg': 'training model with 16 workers on 8 vocabulary and 200 features, using sg=0 hs=0 sample=0.001 negative=5 window=10 shrink_windows=True', 'datetime': '2026-03-05T11:23:34.030474', 'gensim': '4.4.0', 'python': '3.11.6 (tags/v3.11.6:8b6ee5b, Oct  2 2023, 14:57:12) [MSC v.1935 64 bit (AMD64)]', 'platform': 'Windows-10-10.0.26200-SP0', 'event': 'train'}
2026-03-05 11:23:34,051 - gensim.models.word2vec - INFO - EPOCH 0: training on 1000 raw words (83 effective words) took 0.0s, 33349 effective words/s
2026-03-05 11:23:34,074 - gensim.models.word2vec - INFO - EPOCH 1: training on 1000 raw words (99 effective words) took 0.0s, 33495 effective words/s
2026-03-05 11:23:34,103 - gensim.models.word2vec - INFO - EPOCH 2: training on 1000 raw words (111 effective words) took 0.0s, 41040 effective words/s
2026-03-05 11:23:34,132 - gensim.models.word2vec - INFO - EPOCH 3: training on 1000 raw words (99 effective words) took 0.0s, 247315 effective words/s
2026-03-05 11:23:34,158 - gensim.models.word2vec - INFO - EPOCH 4: training on 1000 raw words (103 effective words) took 0.0s, 226026 effective words/s
2026-03-05 11:23:34,158 - gensim.utils - INFO - Word2Vec lifecycle event {'msg': 'training on 5000 raw words (495 effective words) took 0.1s, 3835 effective words/s', 'datetime': '2026-03-05T11:23:34.158658', 'gensim': '4.4.0', 'python': '3.11.6 (tags/v3.11.6:8b6ee5b, Oct  2 2023, 14:57:12) [MSC v.1935 64 bit (AMD64)]', 'platform': 'Windows-10-10.0.26200-SP0', 'event': 'train'}
2026-03-05 11:23:34,158 - gensim.utils - INFO - Word2Vec lifecycle event {'params': 'Word2Vec<vocab=8, vector_size=200, alpha=0.025>', 'datetime': '2026-03-05T11:23:34.158658', 'gensim': '4.4.0', 'python': '3.11.6 (tags/v3.11.6:8b6ee5b, Oct  2 2023, 14:57:12) [MSC v.1935 64 bit (AMD64)]', 'platform': 'Windows-10-10.0.26200-SP0', 'event': 'created'}
2026-03-05 11:23:34,158 - gensim.utils - INFO - Word2Vec lifecycle event {'fname_or_handle': 'models/word2vec\\w2v_cbow_sz200_win10_ep5.model', 'separately': 'None', 'sep_limit': 10485760, 'ignore': frozenset(), 'datetime': '2026-03-05T11:23:34.158658', 'gensim': '4.4.0', 'python': '3.11.6 (tags/v3.11.6:8b6ee5b, Oct  2 2023, 14:57:12) [MSC v.1935 64 bit (AMD64)]', 'platform': 'Windows-10-10.0.26200-SP0', 'event': 'saving'}
2026-03-05 11:23:34,158 - gensim.utils - INFO - not storing attribute cum_table
2026-03-05 11:23:34,165 - gensim.utils - INFO - saved models/word2vec\w2v_cbow_sz200_win10_ep5.model
2026-03-05 11:23:34,166 - NLP_Project - INFO - Training w2v_cbow_sz200_win10_ep10...
2026-03-05 11:23:34,167 - gensim.models.word2vec - INFO - collecting all words and their counts
2026-03-05 11:23:34,168 - gensim.models.word2vec - INFO - PROGRESS: at sentence #0, processed 0 words, keeping 0 word types
2026-03-05 11:23:34,168 - gensim.models.word2vec - INFO - collected 8 word types from a corpus of 1000 raw words and 300 sentences
2026-03-05 11:23:34,168 - gensim.models.word2vec - INFO - Creating a fresh vocabulary
2026-03-05 11:23:34,168 - gensim.utils - INFO - Word2Vec lifecycle event {'msg': 'effective_min_count=5 retains 8 unique words (100.00% of original 8, drops 0)', 'datetime': '2026-03-05T11:23:34.168076', 'gensim': '4.4.0', 'python': '3.11.6 (tags/v3.11.6:8b6ee5b, Oct  2 2023, 14:57:12) [MSC v.1935 64 bit (AMD64)]', 'platform': 'Windows-10-10.0.26200-SP0', 'event': 'prepare_vocab'}
2026-03-05 11:23:34,168 - gensim.utils - INFO - Word2Vec lifecycle event {'msg': 'effective_min_count=5 leaves 1000 word corpus (100.00% of original 1000, drops 0)', 'datetime': '2026-03-05T11:23:34.168076', 'gensim': '4.4.0', 'python': '3.11.6 (tags/v3.11.6:8b6ee5b, Oct  2 2023, 14:57:12) [MSC v.1935 64 bit (AMD64)]', 'platform': 'Windows-10-10.0.26200-SP0', 'event': 'prepare_vocab'}
2026-03-05 11:23:34,170 - gensim.models.word2vec - INFO - deleting the raw counts dictionary of 8 items
2026-03-05 11:23:34,170 - gensim.models.word2vec - INFO - sample=0.001 downsamples 8 most-common words
2026-03-05 11:23:34,170 - gensim.utils - INFO - Word2Vec lifecycle event {'msg': 'downsampling leaves estimated 95.32050807568878 word corpus (9.5%% of prior 1000)', 'datetime': '2026-03-05T11:23:34.170147', 'gensim': '4.4.0', 'python': '3.11.6 (tags/v3.11.6:8b6ee5b, Oct  2 2023, 14:57:12) [MSC v.1935 64 bit (AMD64)]', 'platform': 'Windows-10-10.0.26200-SP0', 'event': 'prepare_vocab'}
2026-03-05 11:23:34,170 - gensim.models.word2vec - INFO - estimated required memory for 8 words and 200 dimensions: 16800 bytes
2026-03-05 11:23:34,170 - gensim.models.word2vec - INFO - resetting layer weights
2026-03-05 11:23:34,172 - gensim.utils - INFO - Word2Vec lifecycle event {'update': False, 'trim_rule': 'None', 'datetime': '2026-03-05T11:23:34.172150', 'gensim': '4.4.0', 'python': '3.11.6 (tags/v3.11.6:8b6ee5b, Oct  2 2023, 14:57:12) [MSC v.1935 64 bit (AMD64)]', 'platform': 'Windows-10-10.0.26200-SP0', 'event': 'build_vocab'}
2026-03-05 11:23:34,173 - gensim.utils - INFO - Word2Vec lifecycle event {'msg': 'training model with 16 workers on 8 vocabulary and 200 features, using sg=0 hs=0 sample=0.001 negative=5 window=10 shrink_windows=True', 'datetime': '2026-03-05T11:23:34.173187', 'gensim': '4.4.0', 'python': '3.11.6 (tags/v3.11.6:8b6ee5b, Oct  2 2023, 14:57:12) [MSC v.1935 64 bit (AMD64)]', 'platform': 'Windows-10-10.0.26200-SP0', 'event': 'train'}
2026-03-05 11:23:34,190 - gensim.models.word2vec - INFO - EPOCH 0: training on 1000 raw words (83 effective words) took 0.0s, 23148 effective words/s
2026-03-05 11:23:34,217 - gensim.models.word2vec - INFO - EPOCH 1: training on 1000 raw words (99 effective words) took 0.0s, 242172 effective words/s
2026-03-05 11:23:34,241 - gensim.models.word2vec - INFO - EPOCH 2: training on 1000 raw words (111 effective words) took 0.0s, 35392 effective words/s
2026-03-05 11:23:34,269 - gensim.models.word2vec - INFO - EPOCH 3: training on 1000 raw words (99 effective words) took 0.0s, 36062 effective words/s
2026-03-05 11:23:34,294 - gensim.models.word2vec - INFO - EPOCH 4: training on 1000 raw words (103 effective words) took 0.0s, 34711 effective words/s
2026-03-05 11:23:34,317 - gensim.models.word2vec - INFO - EPOCH 5: training on 1000 raw words (98 effective words) took 0.0s, 31904 effective words/s
2026-03-05 11:23:34,340 - gensim.models.word2vec - INFO - EPOCH 6: training on 1000 raw words (94 effective words) took 0.0s, 220554 effective words/s
2026-03-05 11:23:34,370 - gensim.models.word2vec - INFO - EPOCH 7: training on 1000 raw words (99 effective words) took 0.0s, 36757 effective words/s
2026-03-05 11:23:34,397 - gensim.models.word2vec - INFO - EPOCH 8: training on 1000 raw words (97 effective words) took 0.0s, 266630 effective words/s
2026-03-05 11:23:34,422 - gensim.models.word2vec - INFO - EPOCH 9: training on 1000 raw words (89 effective words) took 0.0s, 243369 effective words/s
2026-03-05 11:23:34,422 - gensim.utils - INFO - Word2Vec lifecycle event {'msg': 'training on 10000 raw words (972 effective words) took 0.3s, 3883 effective words/s', 'datetime': '2026-03-05T11:23:34.422282', 'gensim': '4.4.0', 'python': '3.11.6 (tags/v3.11.6:8b6ee5b, Oct  2 2023, 14:57:12) [MSC v.1935 64 bit (AMD64)]', 'platform': 'Windows-10-10.0.26200-SP0', 'event': 'train'}
2026-03-05 11:23:34,424 - gensim.utils - INFO - Word2Vec lifecycle event {'params': 'Word2Vec<vocab=8, vector_size=200, alpha=0.025>', 'datetime': '2026-03-05T11:23:34.424045', 'gensim': '4.4.0', 'python': '3.11.6 (tags/v3.11.6:8b6ee5b, Oct  2 2023, 14:57:12) [MSC v.1935 64 bit (AMD64)]', 'platform': 'Windows-10-10.0.26200-SP0', 'event': 'created'}
2026-03-05 11:23:34,424 - gensim.utils - INFO - Word2Vec lifecycle event {'fname_or_handle': 'models/word2vec\\w2v_cbow_sz200_win10_ep10.model', 'separately': 'None', 'sep_limit': 10485760, 'ignore': frozenset(), 'datetime': '2026-03-05T11:23:34.424045', 'gensim': '4.4.0', 'python': '3.11.6 (tags/v3.11.6:8b6ee5b, Oct  2 2023, 14:57:12) [MSC v.1935 64 bit (AMD64)]', 'platform': 'Windows-10-10.0.26200-SP0', 'event': 'saving'}
2026-03-05 11:23:34,424 - gensim.utils - INFO - not storing attribute cum_table
2026-03-05 11:23:34,424 - gensim.utils - INFO - saved models/word2vec\w2v_cbow_sz200_win10_ep10.model
2026-03-05 11:23:34,430 - NLP_Project - INFO - Training w2v_cbow_sz200_win10_ep20...
2026-03-05 11:23:34,430 - gensim.models.word2vec - INFO - collecting all words and their counts
2026-03-05 11:23:34,430 - gensim.models.word2vec - INFO - PROGRESS: at sentence #0, processed 0 words, keeping 0 word types
2026-03-05 11:23:34,432 - gensim.models.word2vec - INFO - collected 8 word types from a corpus of 1000 raw words and 300 sentences
2026-03-05 11:23:34,432 - gensim.models.word2vec - INFO - Creating a fresh vocabulary
2026-03-05 11:23:34,433 - gensim.utils - INFO - Word2Vec lifecycle event {'msg': 'effective_min_count=5 retains 8 unique words (100.00% of original 8, drops 0)', 'datetime': '2026-03-05T11:23:34.433342', 'gensim': '4.4.0', 'python': '3.11.6 (tags/v3.11.6:8b6ee5b, Oct  2 2023, 14:57:12) [MSC v.1935 64 bit (AMD64)]', 'platform': 'Windows-10-10.0.26200-SP0', 'event': 'prepare_vocab'}
2026-03-05 11:23:34,433 - gensim.utils - INFO - Word2Vec lifecycle event {'msg': 'effective_min_count=5 leaves 1000 word corpus (100.00% of original 1000, drops 0)', 'datetime': '2026-03-05T11:23:34.433342', 'gensim': '4.4.0', 'python': '3.11.6 (tags/v3.11.6:8b6ee5b, Oct  2 2023, 14:57:12) [MSC v.1935 64 bit (AMD64)]', 'platform': 'Windows-10-10.0.26200-SP0', 'event': 'prepare_vocab'}
2026-03-05 11:23:34,433 - gensim.models.word2vec - INFO - deleting the raw counts dictionary of 8 items
2026-03-05 11:23:34,433 - gensim.models.word2vec - INFO - sample=0.001 downsamples 8 most-common words
2026-03-05 11:23:34,433 - gensim.utils - INFO - Word2Vec lifecycle event {'msg': 'downsampling leaves estimated 95.32050807568878 word corpus (9.5%% of prior 1000)', 'datetime': '2026-03-05T11:23:34.433342', 'gensim': '4.4.0', 'python': '3.11.6 (tags/v3.11.6:8b6ee5b, Oct  2 2023, 14:57:12) [MSC v.1935 64 bit (AMD64)]', 'platform': 'Windows-10-10.0.26200-SP0', 'event': 'prepare_vocab'}
2026-03-05 11:23:34,433 - gensim.models.word2vec - INFO - estimated required memory for 8 words and 200 dimensions: 16800 bytes
2026-03-05 11:23:34,436 - gensim.models.word2vec - INFO - resetting layer weights
2026-03-05 11:23:34,436 - gensim.utils - INFO - Word2Vec lifecycle event {'update': False, 'trim_rule': 'None', 'datetime': '2026-03-05T11:23:34.436879', 'gensim': '4.4.0', 'python': '3.11.6 (tags/v3.11.6:8b6ee5b, Oct  2 2023, 14:57:12) [MSC v.1935 64 bit (AMD64)]', 'platform': 'Windows-10-10.0.26200-SP0', 'event': 'build_vocab'}
2026-03-05 11:23:34,436 - gensim.utils - INFO - Word2Vec lifecycle event {'msg': 'training model with 16 workers on 8 vocabulary and 200 features, using sg=0 hs=0 sample=0.001 negative=5 window=10 shrink_windows=True', 'datetime': '2026-03-05T11:23:34.436879', 'gensim': '4.4.0', 'python': '3.11.6 (tags/v3.11.6:8b6ee5b, Oct  2 2023, 14:57:12) [MSC v.1935 64 bit (AMD64)]', 'platform': 'Windows-10-10.0.26200-SP0', 'event': 'train'}
2026-03-05 11:23:34,458 - gensim.models.word2vec - INFO - EPOCH 0: training on 1000 raw words (83 effective words) took 0.0s, 24728 effective words/s
2026-03-05 11:23:34,491 - gensim.models.word2vec - INFO - EPOCH 1: training on 1000 raw words (99 effective words) took 0.0s, 139752 effective words/s
2026-03-05 11:23:34,520 - gensim.models.word2vec - INFO - EPOCH 2: training on 1000 raw words (111 effective words) took 0.0s, 43541 effective words/s
2026-03-05 11:23:34,548 - gensim.models.word2vec - INFO - EPOCH 3: training on 1000 raw words (99 effective words) took 0.0s, 31045 effective words/s
2026-03-05 11:23:34,578 - gensim.models.word2vec - INFO - EPOCH 4: training on 1000 raw words (103 effective words) took 0.0s, 23555 effective words/s
2026-03-05 11:23:34,608 - gensim.models.word2vec - INFO - EPOCH 5: training on 1000 raw words (98 effective words) took 0.0s, 26090 effective words/s
2026-03-05 11:23:34,635 - gensim.models.word2vec - INFO - EPOCH 6: training on 1000 raw words (94 effective words) took 0.0s, 225150 effective words/s
2026-03-05 11:23:34,658 - gensim.models.word2vec - INFO - EPOCH 7: training on 1000 raw words (99 effective words) took 0.0s, 34804 effective words/s
2026-03-05 11:23:34,690 - gensim.models.word2vec - INFO - EPOCH 8: training on 1000 raw words (97 effective words) took 0.0s, 44889 effective words/s
2026-03-05 11:23:34,717 - gensim.models.word2vec - INFO - EPOCH 9: training on 1000 raw words (89 effective words) took 0.0s, 314266 effective words/s
2026-03-05 11:23:34,741 - gensim.models.word2vec - INFO - EPOCH 10: training on 1000 raw words (90 effective words) took 0.0s, 23403 effective words/s
2026-03-05 11:23:34,767 - gensim.models.word2vec - INFO - EPOCH 11: training on 1000 raw words (96 effective words) took 0.0s, 32026 effective words/s
2026-03-05 11:23:34,802 - gensim.models.word2vec - INFO - EPOCH 12: training on 1000 raw words (102 effective words) took 0.0s, 34124 effective words/s
2026-03-05 11:23:34,834 - gensim.models.word2vec - INFO - EPOCH 13: training on 1000 raw words (116 effective words) took 0.0s, 40551 effective words/s
2026-03-05 11:23:34,866 - gensim.models.word2vec - INFO - EPOCH 14: training on 1000 raw words (78 effective words) took 0.0s, 29939 effective words/s
2026-03-05 11:23:34,899 - gensim.models.word2vec - INFO - EPOCH 15: training on 1000 raw words (93 effective words) took 0.0s, 34682 effective words/s
2026-03-05 11:23:34,927 - gensim.models.word2vec - INFO - EPOCH 16: training on 1000 raw words (85 effective words) took 0.0s, 29993 effective words/s
2026-03-05 11:23:34,953 - gensim.models.word2vec - INFO - EPOCH 17: training on 1000 raw words (92 effective words) took 0.0s, 40019 effective words/s
2026-03-05 11:23:34,981 - gensim.models.word2vec - INFO - EPOCH 18: training on 1000 raw words (107 effective words) took 0.0s, 275064 effective words/s
2026-03-05 11:23:35,008 - gensim.models.word2vec - INFO - EPOCH 19: training on 1000 raw words (116 effective words) took 0.0s, 224850 effective words/s
2026-03-05 11:23:35,011 - gensim.utils - INFO - Word2Vec lifecycle event {'msg': 'training on 20000 raw words (1947 effective words) took 0.6s, 3398 effective words/s', 'datetime': '2026-03-05T11:23:35.011157', 'gensim': '4.4.0', 'python': '3.11.6 (tags/v3.11.6:8b6ee5b, Oct  2 2023, 14:57:12) [MSC v.1935 64 bit (AMD64)]', 'platform': 'Windows-10-10.0.26200-SP0', 'event': 'train'}
2026-03-05 11:23:35,011 - gensim.utils - INFO - Word2Vec lifecycle event {'params': 'Word2Vec<vocab=8, vector_size=200, alpha=0.025>', 'datetime': '2026-03-05T11:23:35.011157', 'gensim': '4.4.0', 'python': '3.11.6 (tags/v3.11.6:8b6ee5b, Oct  2 2023, 14:57:12) [MSC v.1935 64 bit (AMD64)]', 'platform': 'Windows-10-10.0.26200-SP0', 'event': 'created'}
2026-03-05 11:23:35,011 - gensim.utils - INFO - Word2Vec lifecycle event {'fname_or_handle': 'models/word2vec\\w2v_cbow_sz200_win10_ep20.model', 'separately': 'None', 'sep_limit': 10485760, 'ignore': frozenset(), 'datetime': '2026-03-05T11:23:35.011157', 'gensim': '4.4.0', 'python': '3.11.6 (tags/v3.11.6:8b6ee5b, Oct  2 2023, 14:57:12) [MSC v.1935 64 bit (AMD64)]', 'platform': 'Windows-10-10.0.26200-SP0', 'event': 'saving'}
2026-03-05 11:23:35,014 - gensim.utils - INFO - not storing attribute cum_table
2026-03-05 11:23:35,017 - gensim.utils - INFO - saved models/word2vec\w2v_cbow_sz200_win10_ep20.model
2026-03-05 11:23:35,017 - NLP_Project - INFO - Training w2v_skipgram_sz200_win10_ep5...
2026-03-05 11:23:35,019 - gensim.models.word2vec - INFO - collecting all words and their counts
2026-03-05 11:23:35,019 - gensim.models.word2vec - INFO - PROGRESS: at sentence #0, processed 0 words, keeping 0 word types
2026-03-05 11:23:35,019 - gensim.models.word2vec - INFO - collected 8 word types from a corpus of 1000 raw words and 300 sentences
2026-03-05 11:23:35,020 - gensim.models.word2vec - INFO - Creating a fresh vocabulary
2026-03-05 11:23:35,021 - gensim.utils - INFO - Word2Vec lifecycle event {'msg': 'effective_min_count=5 retains 8 unique words (100.00% of original 8, drops 0)', 'datetime': '2026-03-05T11:23:35.021401', 'gensim': '4.4.0', 'python': '3.11.6 (tags/v3.11.6:8b6ee5b, Oct  2 2023, 14:57:12) [MSC v.1935 64 bit (AMD64)]', 'platform': 'Windows-10-10.0.26200-SP0', 'event': 'prepare_vocab'}
2026-03-05 11:23:35,021 - gensim.utils - INFO - Word2Vec lifecycle event {'msg': 'effective_min_count=5 leaves 1000 word corpus (100.00% of original 1000, drops 0)', 'datetime': '2026-03-05T11:23:35.021942', 'gensim': '4.4.0', 'python': '3.11.6 (tags/v3.11.6:8b6ee5b, Oct  2 2023, 14:57:12) [MSC v.1935 64 bit (AMD64)]', 'platform': 'Windows-10-10.0.26200-SP0', 'event': 'prepare_vocab'}
2026-03-05 11:23:35,021 - gensim.models.word2vec - INFO - deleting the raw counts dictionary of 8 items
2026-03-05 11:23:35,021 - gensim.models.word2vec - INFO - sample=0.001 downsamples 8 most-common words
2026-03-05 11:23:35,021 - gensim.utils - INFO - Word2Vec lifecycle event {'msg': 'downsampling leaves estimated 95.32050807568878 word corpus (9.5%% of prior 1000)', 'datetime': '2026-03-05T11:23:35.021942', 'gensim': '4.4.0', 'python': '3.11.6 (tags/v3.11.6:8b6ee5b, Oct  2 2023, 14:57:12) [MSC v.1935 64 bit (AMD64)]', 'platform': 'Windows-10-10.0.26200-SP0', 'event': 'prepare_vocab'}
2026-03-05 11:23:35,024 - gensim.models.word2vec - INFO - estimated required memory for 8 words and 200 dimensions: 16800 bytes
2026-03-05 11:23:35,024 - gensim.models.word2vec - INFO - resetting layer weights
2026-03-05 11:23:35,026 - gensim.utils - INFO - Word2Vec lifecycle event {'update': False, 'trim_rule': 'None', 'datetime': '2026-03-05T11:23:35.026190', 'gensim': '4.4.0', 'python': '3.11.6 (tags/v3.11.6:8b6ee5b, Oct  2 2023, 14:57:12) [MSC v.1935 64 bit (AMD64)]', 'platform': 'Windows-10-10.0.26200-SP0', 'event': 'build_vocab'}
2026-03-05 11:23:35,026 - gensim.utils - INFO - Word2Vec lifecycle event {'msg': 'training model with 16 workers on 8 vocabulary and 200 features, using sg=1 hs=0 sample=0.001 negative=5 window=10 shrink_windows=True', 'datetime': '2026-03-05T11:23:35.026190', 'gensim': '4.4.0', 'python': '3.11.6 (tags/v3.11.6:8b6ee5b, Oct  2 2023, 14:57:12) [MSC v.1935 64 bit (AMD64)]', 'platform': 'Windows-10-10.0.26200-SP0', 'event': 'train'}
2026-03-05 11:23:35,049 - gensim.models.word2vec - INFO - EPOCH 0: training on 1000 raw words (83 effective words) took 0.0s, 25754 effective words/s
2026-03-05 11:23:35,074 - gensim.models.word2vec - INFO - EPOCH 1: training on 1000 raw words (99 effective words) took 0.0s, 32925 effective words/s
2026-03-05 11:23:35,097 - gensim.models.word2vec - INFO - EPOCH 2: training on 1000 raw words (111 effective words) took 0.0s, 43670 effective words/s
2026-03-05 11:23:35,124 - gensim.models.word2vec - INFO - EPOCH 3: training on 1000 raw words (99 effective words) took 0.0s, 39687 effective words/s
2026-03-05 11:23:35,146 - gensim.models.word2vec - INFO - EPOCH 4: training on 1000 raw words (103 effective words) took 0.0s, 25557 effective words/s
2026-03-05 11:23:35,146 - gensim.utils - INFO - Word2Vec lifecycle event {'msg': 'training on 5000 raw words (495 effective words) took 0.1s, 4105 effective words/s', 'datetime': '2026-03-05T11:23:35.146897', 'gensim': '4.4.0', 'python': '3.11.6 (tags/v3.11.6:8b6ee5b, Oct  2 2023, 14:57:12) [MSC v.1935 64 bit (AMD64)]', 'platform': 'Windows-10-10.0.26200-SP0', 'event': 'train'}
2026-03-05 11:23:35,146 - gensim.utils - INFO - Word2Vec lifecycle event {'params': 'Word2Vec<vocab=8, vector_size=200, alpha=0.025>', 'datetime': '2026-03-05T11:23:35.146897', 'gensim': '4.4.0', 'python': '3.11.6 (tags/v3.11.6:8b6ee5b, Oct  2 2023, 14:57:12) [MSC v.1935 64 bit (AMD64)]', 'platform': 'Windows-10-10.0.26200-SP0', 'event': 'created'}
2026-03-05 11:23:35,146 - gensim.utils - INFO - Word2Vec lifecycle event {'fname_or_handle': 'models/word2vec\\w2v_skipgram_sz200_win10_ep5.model', 'separately': 'None', 'sep_limit': 10485760, 'ignore': frozenset(), 'datetime': '2026-03-05T11:23:35.146897', 'gensim': '4.4.0', 'python': '3.11.6 (tags/v3.11.6:8b6ee5b, Oct  2 2023, 14:57:12) [MSC v.1935 64 bit (AMD64)]', 'platform': 'Windows-10-10.0.26200-SP0', 'event': 'saving'}
2026-03-05 11:23:35,150 - gensim.utils - INFO - not storing attribute cum_table
2026-03-05 11:23:35,151 - gensim.utils - INFO - saved models/word2vec\w2v_skipgram_sz200_win10_ep5.model
2026-03-05 11:23:35,151 - NLP_Project - INFO - Training w2v_skipgram_sz200_win10_ep10...
2026-03-05 11:23:35,153 - gensim.models.word2vec - INFO - collecting all words and their counts
2026-03-05 11:23:35,153 - gensim.models.word2vec - INFO - PROGRESS: at sentence #0, processed 0 words, keeping 0 word types
2026-03-05 11:23:35,153 - gensim.models.word2vec - INFO - collected 8 word types from a corpus of 1000 raw words and 300 sentences
2026-03-05 11:23:35,154 - gensim.models.word2vec - INFO - Creating a fresh vocabulary
2026-03-05 11:23:35,155 - gensim.utils - INFO - Word2Vec lifecycle event {'msg': 'effective_min_count=5 retains 8 unique words (100.00% of original 8, drops 0)', 'datetime': '2026-03-05T11:23:35.155470', 'gensim': '4.4.0', 'python': '3.11.6 (tags/v3.11.6:8b6ee5b, Oct  2 2023, 14:57:12) [MSC v.1935 64 bit (AMD64)]', 'platform': 'Windows-10-10.0.26200-SP0', 'event': 'prepare_vocab'}
2026-03-05 11:23:35,155 - gensim.utils - INFO - Word2Vec lifecycle event {'msg': 'effective_min_count=5 leaves 1000 word corpus (100.00% of original 1000, drops 0)', 'datetime': '2026-03-05T11:23:35.155905', 'gensim': '4.4.0', 'python': '3.11.6 (tags/v3.11.6:8b6ee5b, Oct  2 2023, 14:57:12) [MSC v.1935 64 bit (AMD64)]', 'platform': 'Windows-10-10.0.26200-SP0', 'event': 'prepare_vocab'}
2026-03-05 11:23:35,155 - gensim.models.word2vec - INFO - deleting the raw counts dictionary of 8 items
2026-03-05 11:23:35,156 - gensim.models.word2vec - INFO - sample=0.001 downsamples 8 most-common words
2026-03-05 11:23:35,156 - gensim.utils - INFO - Word2Vec lifecycle event {'msg': 'downsampling leaves estimated 95.32050807568878 word corpus (9.5%% of prior 1000)', 'datetime': '2026-03-05T11:23:35.156471', 'gensim': '4.4.0', 'python': '3.11.6 (tags/v3.11.6:8b6ee5b, Oct  2 2023, 14:57:12) [MSC v.1935 64 bit (AMD64)]', 'platform': 'Windows-10-10.0.26200-SP0', 'event': 'prepare_vocab'}
2026-03-05 11:23:35,157 - gensim.models.word2vec - INFO - estimated required memory for 8 words and 200 dimensions: 16800 bytes
2026-03-05 11:23:35,158 - gensim.models.word2vec - INFO - resetting layer weights
2026-03-05 11:23:35,158 - gensim.utils - INFO - Word2Vec lifecycle event {'update': False, 'trim_rule': 'None', 'datetime': '2026-03-05T11:23:35.158779', 'gensim': '4.4.0', 'python': '3.11.6 (tags/v3.11.6:8b6ee5b, Oct  2 2023, 14:57:12) [MSC v.1935 64 bit (AMD64)]', 'platform': 'Windows-10-10.0.26200-SP0', 'event': 'build_vocab'}
2026-03-05 11:23:35,158 - gensim.utils - INFO - Word2Vec lifecycle event {'msg': 'training model with 16 workers on 8 vocabulary and 200 features, using sg=1 hs=0 sample=0.001 negative=5 window=10 shrink_windows=True', 'datetime': '2026-03-05T11:23:35.158779', 'gensim': '4.4.0', 'python': '3.11.6 (tags/v3.11.6:8b6ee5b, Oct  2 2023, 14:57:12) [MSC v.1935 64 bit (AMD64)]', 'platform': 'Windows-10-10.0.26200-SP0', 'event': 'train'}
2026-03-05 11:23:35,174 - gensim.models.word2vec - INFO - EPOCH 0: training on 1000 raw words (83 effective words) took 0.0s, 27145 effective words/s
2026-03-05 11:23:35,202 - gensim.models.word2vec - INFO - EPOCH 1: training on 1000 raw words (99 effective words) took 0.0s, 34825 effective words/s
2026-03-05 11:23:35,228 - gensim.models.word2vec - INFO - EPOCH 2: training on 1000 raw words (111 effective words) took 0.0s, 242358 effective words/s
2026-03-05 11:23:35,253 - gensim.models.word2vec - INFO - EPOCH 3: training on 1000 raw words (99 effective words) took 0.0s, 36650 effective words/s
2026-03-05 11:23:35,274 - gensim.models.word2vec - INFO - EPOCH 4: training on 1000 raw words (103 effective words) took 0.0s, 36442 effective words/s
2026-03-05 11:23:35,296 - gensim.models.word2vec - INFO - EPOCH 5: training on 1000 raw words (98 effective words) took 0.0s, 51835 effective words/s
2026-03-05 11:23:35,320 - gensim.models.word2vec - INFO - EPOCH 6: training on 1000 raw words (94 effective words) took 0.0s, 32447 effective words/s
2026-03-05 11:23:35,345 - gensim.models.word2vec - INFO - EPOCH 7: training on 1000 raw words (99 effective words) took 0.0s, 36272 effective words/s
2026-03-05 11:23:35,372 - gensim.models.word2vec - INFO - EPOCH 8: training on 1000 raw words (97 effective words) took 0.0s, 123583 effective words/s
2026-03-05 11:23:35,397 - gensim.models.word2vec - INFO - EPOCH 9: training on 1000 raw words (89 effective words) took 0.0s, 31216 effective words/s
2026-03-05 11:23:35,397 - gensim.utils - INFO - Word2Vec lifecycle event {'msg': 'training on 10000 raw words (972 effective words) took 0.2s, 4029 effective words/s', 'datetime': '2026-03-05T11:23:35.397395', 'gensim': '4.4.0', 'python': '3.11.6 (tags/v3.11.6:8b6ee5b, Oct  2 2023, 14:57:12) [MSC v.1935 64 bit (AMD64)]', 'platform': 'Windows-10-10.0.26200-SP0', 'event': 'train'}
2026-03-05 11:23:35,397 - gensim.utils - INFO - Word2Vec lifecycle event {'params': 'Word2Vec<vocab=8, vector_size=200, alpha=0.025>', 'datetime': '2026-03-05T11:23:35.397395', 'gensim': '4.4.0', 'python': '3.11.6 (tags/v3.11.6:8b6ee5b, Oct  2 2023, 14:57:12) [MSC v.1935 64 bit (AMD64)]', 'platform': 'Windows-10-10.0.26200-SP0', 'event': 'created'}
2026-03-05 11:23:35,397 - gensim.utils - INFO - Word2Vec lifecycle event {'fname_or_handle': 'models/word2vec\\w2v_skipgram_sz200_win10_ep10.model', 'separately': 'None', 'sep_limit': 10485760, 'ignore': frozenset(), 'datetime': '2026-03-05T11:23:35.397395', 'gensim': '4.4.0', 'python': '3.11.6 (tags/v3.11.6:8b6ee5b, Oct  2 2023, 14:57:12) [MSC v.1935 64 bit (AMD64)]', 'platform': 'Windows-10-10.0.26200-SP0', 'event': 'saving'}
2026-03-05 11:23:35,403 - gensim.utils - INFO - not storing attribute cum_table
2026-03-05 11:23:35,404 - gensim.utils - INFO - saved models/word2vec\w2v_skipgram_sz200_win10_ep10.model
2026-03-05 11:23:35,404 - NLP_Project - INFO - Training w2v_skipgram_sz200_win10_ep20...
2026-03-05 11:23:35,407 - gensim.models.word2vec - INFO - collecting all words and their counts
2026-03-05 11:23:35,408 - gensim.models.word2vec - INFO - PROGRESS: at sentence #0, processed 0 words, keeping 0 word types
2026-03-05 11:23:35,409 - gensim.models.word2vec - INFO - collected 8 word types from a corpus of 1000 raw words and 300 sentences
2026-03-05 11:23:35,409 - gensim.models.word2vec - INFO - Creating a fresh vocabulary
2026-03-05 11:23:35,409 - gensim.utils - INFO - Word2Vec lifecycle event {'msg': 'effective_min_count=5 retains 8 unique words (100.00% of original 8, drops 0)', 'datetime': '2026-03-05T11:23:35.409025', 'gensim': '4.4.0', 'python': '3.11.6 (tags/v3.11.6:8b6ee5b, Oct  2 2023, 14:57:12) [MSC v.1935 64 bit (AMD64)]', 'platform': 'Windows-10-10.0.26200-SP0', 'event': 'prepare_vocab'}
2026-03-05 11:23:35,409 - gensim.utils - INFO - Word2Vec lifecycle event {'msg': 'effective_min_count=5 leaves 1000 word corpus (100.00% of original 1000, drops 0)', 'datetime': '2026-03-05T11:23:35.409025', 'gensim': '4.4.0', 'python': '3.11.6 (tags/v3.11.6:8b6ee5b, Oct  2 2023, 14:57:12) [MSC v.1935 64 bit (AMD64)]', 'platform': 'Windows-10-10.0.26200-SP0', 'event': 'prepare_vocab'}
2026-03-05 11:23:35,409 - gensim.models.word2vec - INFO - deleting the raw counts dictionary of 8 items
2026-03-05 11:23:35,409 - gensim.models.word2vec - INFO - sample=0.001 downsamples 8 most-common words
2026-03-05 11:23:35,409 - gensim.utils - INFO - Word2Vec lifecycle event {'msg': 'downsampling leaves estimated 95.32050807568878 word corpus (9.5%% of prior 1000)', 'datetime': '2026-03-05T11:23:35.409025', 'gensim': '4.4.0', 'python': '3.11.6 (tags/v3.11.6:8b6ee5b, Oct  2 2023, 14:57:12) [MSC v.1935 64 bit (AMD64)]', 'platform': 'Windows-10-10.0.26200-SP0', 'event': 'prepare_vocab'}
2026-03-05 11:23:35,414 - gensim.models.word2vec - INFO - estimated required memory for 8 words and 200 dimensions: 16800 bytes
2026-03-05 11:23:35,414 - gensim.models.word2vec - INFO - resetting layer weights
2026-03-05 11:23:35,414 - gensim.utils - INFO - Word2Vec lifecycle event {'update': False, 'trim_rule': 'None', 'datetime': '2026-03-05T11:23:35.414728', 'gensim': '4.4.0', 'python': '3.11.6 (tags/v3.11.6:8b6ee5b, Oct  2 2023, 14:57:12) [MSC v.1935 64 bit (AMD64)]', 'platform': 'Windows-10-10.0.26200-SP0', 'event': 'build_vocab'}
2026-03-05 11:23:35,414 - gensim.utils - INFO - Word2Vec lifecycle event {'msg': 'training model with 16 workers on 8 vocabulary and 200 features, using sg=1 hs=0 sample=0.001 negative=5 window=10 shrink_windows=True', 'datetime': '2026-03-05T11:23:35.414728', 'gensim': '4.4.0', 'python': '3.11.6 (tags/v3.11.6:8b6ee5b, Oct  2 2023, 14:57:12) [MSC v.1935 64 bit (AMD64)]', 'platform': 'Windows-10-10.0.26200-SP0', 'event': 'train'}
2026-03-05 11:23:35,439 - gensim.models.word2vec - INFO - EPOCH 0: training on 1000 raw words (83 effective words) took 0.0s, 23769 effective words/s
2026-03-05 11:23:35,458 - gensim.models.word2vec - INFO - EPOCH 1: training on 1000 raw words (99 effective words) took 0.0s, 226700 effective words/s
2026-03-05 11:23:35,491 - gensim.models.word2vec - INFO - EPOCH 2: training on 1000 raw words (111 effective words) took 0.0s, 28876 effective words/s
2026-03-05 11:23:35,517 - gensim.models.word2vec - INFO - EPOCH 3: training on 1000 raw words (99 effective words) took 0.0s, 341851 effective words/s
2026-03-05 11:23:35,543 - gensim.models.word2vec - INFO - EPOCH 4: training on 1000 raw words (103 effective words) took 0.0s, 29642 effective words/s
2026-03-05 11:23:35,571 - gensim.models.word2vec - INFO - EPOCH 5: training on 1000 raw words (98 effective words) took 0.0s, 27734 effective words/s
2026-03-05 11:23:35,599 - gensim.models.word2vec - INFO - EPOCH 6: training on 1000 raw words (94 effective words) took 0.0s, 22662 effective words/s
2026-03-05 11:23:35,622 - gensim.models.word2vec - INFO - EPOCH 7: training on 1000 raw words (99 effective words) took 0.0s, 140865 effective words/s
2026-03-05 11:23:35,651 - gensim.models.word2vec - INFO - EPOCH 8: training on 1000 raw words (97 effective words) took 0.0s, 33750 effective words/s
2026-03-05 11:23:35,674 - gensim.models.word2vec - INFO - EPOCH 9: training on 1000 raw words (89 effective words) took 0.0s, 29006 effective words/s
2026-03-05 11:23:35,698 - gensim.models.word2vec - INFO - EPOCH 10: training on 1000 raw words (90 effective words) took 0.0s, 37126 effective words/s
2026-03-05 11:23:35,722 - gensim.models.word2vec - INFO - EPOCH 11: training on 1000 raw words (96 effective words) took 0.0s, 34464 effective words/s
2026-03-05 11:23:35,754 - gensim.models.word2vec - INFO - EPOCH 12: training on 1000 raw words (102 effective words) took 0.0s, 192235 effective words/s
2026-03-05 11:23:35,780 - gensim.models.word2vec - INFO - EPOCH 13: training on 1000 raw words (116 effective words) took 0.0s, 275731 effective words/s
2026-03-05 11:23:35,802 - gensim.models.word2vec - INFO - EPOCH 14: training on 1000 raw words (78 effective words) took 0.0s, 84197 effective words/s
2026-03-05 11:23:35,828 - gensim.models.word2vec - INFO - EPOCH 15: training on 1000 raw words (93 effective words) took 0.0s, 33385 effective words/s
2026-03-05 11:23:35,854 - gensim.models.word2vec - INFO - EPOCH 16: training on 1000 raw words (85 effective words) took 0.0s, 30662 effective words/s
2026-03-05 11:23:35,880 - gensim.models.word2vec - INFO - EPOCH 17: training on 1000 raw words (92 effective words) took 0.0s, 272270 effective words/s
2026-03-05 11:23:35,908 - gensim.models.word2vec - INFO - EPOCH 18: training on 1000 raw words (107 effective words) took 0.0s, 215292 effective words/s
2026-03-05 11:23:35,935 - gensim.models.word2vec - INFO - EPOCH 19: training on 1000 raw words (116 effective words) took 0.0s, 128946 effective words/s
2026-03-05 11:23:35,936 - gensim.utils - INFO - Word2Vec lifecycle event {'msg': 'training on 20000 raw words (1947 effective words) took 0.5s, 3745 effective words/s', 'datetime': '2026-03-05T11:23:35.936323', 'gensim': '4.4.0', 'python': '3.11.6 (tags/v3.11.6:8b6ee5b, Oct  2 2023, 14:57:12) [MSC v.1935 64 bit (AMD64)]', 'platform': 'Windows-10-10.0.26200-SP0', 'event': 'train'}
2026-03-05 11:23:35,936 - gensim.utils - INFO - Word2Vec lifecycle event {'params': 'Word2Vec<vocab=8, vector_size=200, alpha=0.025>', 'datetime': '2026-03-05T11:23:35.936933', 'gensim': '4.4.0', 'python': '3.11.6 (tags/v3.11.6:8b6ee5b, Oct  2 2023, 14:57:12) [MSC v.1935 64 bit (AMD64)]', 'platform': 'Windows-10-10.0.26200-SP0', 'event': 'created'}
2026-03-05 11:23:35,936 - gensim.utils - INFO - Word2Vec lifecycle event {'fname_or_handle': 'models/word2vec\\w2v_skipgram_sz200_win10_ep20.model', 'separately': 'None', 'sep_limit': 10485760, 'ignore': frozenset(), 'datetime': '2026-03-05T11:23:35.936933', 'gensim': '4.4.0', 'python': '3.11.6 (tags/v3.11.6:8b6ee5b, Oct  2 2023, 14:57:12) [MSC v.1935 64 bit (AMD64)]', 'platform': 'Windows-10-10.0.26200-SP0', 'event': 'saving'}
2026-03-05 11:23:35,936 - gensim.utils - INFO - not storing attribute cum_table
2026-03-05 11:23:35,940 - gensim.utils - INFO - saved models/word2vec\w2v_skipgram_sz200_win10_ep20.model
2026-03-05 11:23:35,940 - NLP_Project - INFO - Training w2v_cbow_sz300_win2_ep5...
2026-03-05 11:23:35,940 - gensim.models.word2vec - INFO - collecting all words and their counts
2026-03-05 11:23:35,940 - gensim.models.word2vec - INFO - PROGRESS: at sentence #0, processed 0 words, keeping 0 word types
2026-03-05 11:23:35,940 - gensim.models.word2vec - INFO - collected 8 word types from a corpus of 1000 raw words and 300 sentences
2026-03-05 11:23:35,940 - gensim.models.word2vec - INFO - Creating a fresh vocabulary
2026-03-05 11:23:35,940 - gensim.utils - INFO - Word2Vec lifecycle event {'msg': 'effective_min_count=5 retains 8 unique words (100.00% of original 8, drops 0)', 'datetime': '2026-03-05T11:23:35.940328', 'gensim': '4.4.0', 'python': '3.11.6 (tags/v3.11.6:8b6ee5b, Oct  2 2023, 14:57:12) [MSC v.1935 64 bit (AMD64)]', 'platform': 'Windows-10-10.0.26200-SP0', 'event': 'prepare_vocab'}
2026-03-05 11:23:35,945 - gensim.utils - INFO - Word2Vec lifecycle event {'msg': 'effective_min_count=5 leaves 1000 word corpus (100.00% of original 1000, drops 0)', 'datetime': '2026-03-05T11:23:35.945552', 'gensim': '4.4.0', 'python': '3.11.6 (tags/v3.11.6:8b6ee5b, Oct  2 2023, 14:57:12) [MSC v.1935 64 bit (AMD64)]', 'platform': 'Windows-10-10.0.26200-SP0', 'event': 'prepare_vocab'}
2026-03-05 11:23:35,945 - gensim.models.word2vec - INFO - deleting the raw counts dictionary of 8 items
2026-03-05 11:23:35,946 - gensim.models.word2vec - INFO - sample=0.001 downsamples 8 most-common words
2026-03-05 11:23:35,947 - gensim.utils - INFO - Word2Vec lifecycle event {'msg': 'downsampling leaves estimated 95.32050807568878 word corpus (9.5%% of prior 1000)', 'datetime': '2026-03-05T11:23:35.947082', 'gensim': '4.4.0', 'python': '3.11.6 (tags/v3.11.6:8b6ee5b, Oct  2 2023, 14:57:12) [MSC v.1935 64 bit (AMD64)]', 'platform': 'Windows-10-10.0.26200-SP0', 'event': 'prepare_vocab'}
2026-03-05 11:23:35,947 - gensim.models.word2vec - INFO - estimated required memory for 8 words and 300 dimensions: 23200 bytes
2026-03-05 11:23:35,948 - gensim.models.word2vec - INFO - resetting layer weights
2026-03-05 11:23:35,948 - gensim.utils - INFO - Word2Vec lifecycle event {'update': False, 'trim_rule': 'None', 'datetime': '2026-03-05T11:23:35.948879', 'gensim': '4.4.0', 'python': '3.11.6 (tags/v3.11.6:8b6ee5b, Oct  2 2023, 14:57:12) [MSC v.1935 64 bit (AMD64)]', 'platform': 'Windows-10-10.0.26200-SP0', 'event': 'build_vocab'}
2026-03-05 11:23:35,948 - gensim.utils - INFO - Word2Vec lifecycle event {'msg': 'training model with 16 workers on 8 vocabulary and 300 features, using sg=0 hs=0 sample=0.001 negative=5 window=2 shrink_windows=True', 'datetime': '2026-03-05T11:23:35.948879', 'gensim': '4.4.0', 'python': '3.11.6 (tags/v3.11.6:8b6ee5b, Oct  2 2023, 14:57:12) [MSC v.1935 64 bit (AMD64)]', 'platform': 'Windows-10-10.0.26200-SP0', 'event': 'train'}
2026-03-05 11:23:35,971 - gensim.models.word2vec - INFO - EPOCH 0: training on 1000 raw words (83 effective words) took 0.0s, 29412 effective words/s
2026-03-05 11:23:35,998 - gensim.models.word2vec - INFO - EPOCH 1: training on 1000 raw words (89 effective words) took 0.0s, 36374 effective words/s
2026-03-05 11:23:36,024 - gensim.models.word2vec - INFO - EPOCH 2: training on 1000 raw words (88 effective words) took 0.0s, 22776 effective words/s
2026-03-05 11:23:36,051 - gensim.models.word2vec - INFO - EPOCH 3: training on 1000 raw words (96 effective words) took 0.0s, 198758 effective words/s
2026-03-05 11:23:36,081 - gensim.models.word2vec - INFO - EPOCH 4: training on 1000 raw words (102 effective words) took 0.0s, 36475 effective words/s
2026-03-05 11:23:36,083 - gensim.utils - INFO - Word2Vec lifecycle event {'msg': 'training on 5000 raw words (458 effective words) took 0.1s, 3441 effective words/s', 'datetime': '2026-03-05T11:23:36.083360', 'gensim': '4.4.0', 'python': '3.11.6 (tags/v3.11.6:8b6ee5b, Oct  2 2023, 14:57:12) [MSC v.1935 64 bit (AMD64)]', 'platform': 'Windows-10-10.0.26200-SP0', 'event': 'train'}
2026-03-05 11:23:36,083 - gensim.utils - INFO - Word2Vec lifecycle event {'params': 'Word2Vec<vocab=8, vector_size=300, alpha=0.025>', 'datetime': '2026-03-05T11:23:36.083883', 'gensim': '4.4.0', 'python': '3.11.6 (tags/v3.11.6:8b6ee5b, Oct  2 2023, 14:57:12) [MSC v.1935 64 bit (AMD64)]', 'platform': 'Windows-10-10.0.26200-SP0', 'event': 'created'}
2026-03-05 11:23:36,083 - gensim.utils - INFO - Word2Vec lifecycle event {'fname_or_handle': 'models/word2vec\\w2v_cbow_sz300_win2_ep5.model', 'separately': 'None', 'sep_limit': 10485760, 'ignore': frozenset(), 'datetime': '2026-03-05T11:23:36.083883', 'gensim': '4.4.0', 'python': '3.11.6 (tags/v3.11.6:8b6ee5b, Oct  2 2023, 14:57:12) [MSC v.1935 64 bit (AMD64)]', 'platform': 'Windows-10-10.0.26200-SP0', 'event': 'saving'}
2026-03-05 11:23:36,085 - gensim.utils - INFO - not storing attribute cum_table
2026-03-05 11:23:36,086 - gensim.utils - INFO - saved models/word2vec\w2v_cbow_sz300_win2_ep5.model
2026-03-05 11:23:36,086 - NLP_Project - INFO - Training w2v_cbow_sz300_win2_ep10...
2026-03-05 11:23:36,089 - gensim.models.word2vec - INFO - collecting all words and their counts
2026-03-05 11:23:36,089 - gensim.models.word2vec - INFO - PROGRESS: at sentence #0, processed 0 words, keeping 0 word types
2026-03-05 11:23:36,089 - gensim.models.word2vec - INFO - collected 8 word types from a corpus of 1000 raw words and 300 sentences
2026-03-05 11:23:36,089 - gensim.models.word2vec - INFO - Creating a fresh vocabulary
2026-03-05 11:23:36,089 - gensim.utils - INFO - Word2Vec lifecycle event {'msg': 'effective_min_count=5 retains 8 unique words (100.00% of original 8, drops 0)', 'datetime': '2026-03-05T11:23:36.089953', 'gensim': '4.4.0', 'python': '3.11.6 (tags/v3.11.6:8b6ee5b, Oct  2 2023, 14:57:12) [MSC v.1935 64 bit (AMD64)]', 'platform': 'Windows-10-10.0.26200-SP0', 'event': 'prepare_vocab'}
2026-03-05 11:23:36,089 - gensim.utils - INFO - Word2Vec lifecycle event {'msg': 'effective_min_count=5 leaves 1000 word corpus (100.00% of original 1000, drops 0)', 'datetime': '2026-03-05T11:23:36.089953', 'gensim': '4.4.0', 'python': '3.11.6 (tags/v3.11.6:8b6ee5b, Oct  2 2023, 14:57:12) [MSC v.1935 64 bit (AMD64)]', 'platform': 'Windows-10-10.0.26200-SP0', 'event': 'prepare_vocab'}
2026-03-05 11:23:36,095 - gensim.models.word2vec - INFO - deleting the raw counts dictionary of 8 items
2026-03-05 11:23:36,095 - gensim.models.word2vec - INFO - sample=0.001 downsamples 8 most-common words
2026-03-05 11:23:36,097 - gensim.utils - INFO - Word2Vec lifecycle event {'msg': 'downsampling leaves estimated 95.32050807568878 word corpus (9.5%% of prior 1000)', 'datetime': '2026-03-05T11:23:36.097158', 'gensim': '4.4.0', 'python': '3.11.6 (tags/v3.11.6:8b6ee5b, Oct  2 2023, 14:57:12) [MSC v.1935 64 bit (AMD64)]', 'platform': 'Windows-10-10.0.26200-SP0', 'event': 'prepare_vocab'}
2026-03-05 11:23:36,098 - gensim.models.word2vec - INFO - estimated required memory for 8 words and 300 dimensions: 23200 bytes
2026-03-05 11:23:36,099 - gensim.models.word2vec - INFO - resetting layer weights
2026-03-05 11:23:36,100 - gensim.utils - INFO - Word2Vec lifecycle event {'update': False, 'trim_rule': 'None', 'datetime': '2026-03-05T11:23:36.100303', 'gensim': '4.4.0', 'python': '3.11.6 (tags/v3.11.6:8b6ee5b, Oct  2 2023, 14:57:12) [MSC v.1935 64 bit (AMD64)]', 'platform': 'Windows-10-10.0.26200-SP0', 'event': 'build_vocab'}
2026-03-05 11:23:36,101 - gensim.utils - INFO - Word2Vec lifecycle event {'msg': 'training model with 16 workers on 8 vocabulary and 300 features, using sg=0 hs=0 sample=0.001 negative=5 window=2 shrink_windows=True', 'datetime': '2026-03-05T11:23:36.101428', 'gensim': '4.4.0', 'python': '3.11.6 (tags/v3.11.6:8b6ee5b, Oct  2 2023, 14:57:12) [MSC v.1935 64 bit (AMD64)]', 'platform': 'Windows-10-10.0.26200-SP0', 'event': 'train'}
2026-03-05 11:23:36,130 - gensim.models.word2vec - INFO - EPOCH 0: training on 1000 raw words (83 effective words) took 0.0s, 21303 effective words/s
2026-03-05 11:23:36,167 - gensim.models.word2vec - INFO - EPOCH 1: training on 1000 raw words (89 effective words) took 0.0s, 28351 effective words/s
2026-03-05 11:23:36,203 - gensim.models.word2vec - INFO - EPOCH 2: training on 1000 raw words (88 effective words) took 0.0s, 31077 effective words/s
2026-03-05 11:23:36,231 - gensim.models.word2vec - INFO - EPOCH 3: training on 1000 raw words (96 effective words) took 0.0s, 34169 effective words/s
2026-03-05 11:23:36,265 - gensim.models.word2vec - INFO - EPOCH 4: training on 1000 raw words (102 effective words) took 0.0s, 34473 effective words/s
2026-03-05 11:23:36,293 - gensim.models.word2vec - INFO - EPOCH 5: training on 1000 raw words (120 effective words) took 0.0s, 43470 effective words/s
2026-03-05 11:23:36,321 - gensim.models.word2vec - INFO - EPOCH 6: training on 1000 raw words (87 effective words) took 0.0s, 31937 effective words/s
2026-03-05 11:23:36,347 - gensim.models.word2vec - INFO - EPOCH 7: training on 1000 raw words (103 effective words) took 0.0s, 43292 effective words/s
2026-03-05 11:23:36,374 - gensim.models.word2vec - INFO - EPOCH 8: training on 1000 raw words (92 effective words) took 0.0s, 24604 effective words/s
2026-03-05 11:23:36,397 - gensim.models.word2vec - INFO - EPOCH 9: training on 1000 raw words (72 effective words) took 0.0s, 36474 effective words/s
2026-03-05 11:23:36,397 - gensim.utils - INFO - Word2Vec lifecycle event {'msg': 'training on 10000 raw words (932 effective words) took 0.3s, 3115 effective words/s', 'datetime': '2026-03-05T11:23:36.397262', 'gensim': '4.4.0', 'python': '3.11.6 (tags/v3.11.6:8b6ee5b, Oct  2 2023, 14:57:12) [MSC v.1935 64 bit (AMD64)]', 'platform': 'Windows-10-10.0.26200-SP0', 'event': 'train'}
2026-03-05 11:23:36,397 - gensim.utils - INFO - Word2Vec lifecycle event {'params': 'Word2Vec<vocab=8, vector_size=300, alpha=0.025>', 'datetime': '2026-03-05T11:23:36.397262', 'gensim': '4.4.0', 'python': '3.11.6 (tags/v3.11.6:8b6ee5b, Oct  2 2023, 14:57:12) [MSC v.1935 64 bit (AMD64)]', 'platform': 'Windows-10-10.0.26200-SP0', 'event': 'created'}
2026-03-05 11:23:36,397 - gensim.utils - INFO - Word2Vec lifecycle event {'fname_or_handle': 'models/word2vec\\w2v_cbow_sz300_win2_ep10.model', 'separately': 'None', 'sep_limit': 10485760, 'ignore': frozenset(), 'datetime': '2026-03-05T11:23:36.397262', 'gensim': '4.4.0', 'python': '3.11.6 (tags/v3.11.6:8b6ee5b, Oct  2 2023, 14:57:12) [MSC v.1935 64 bit (AMD64)]', 'platform': 'Windows-10-10.0.26200-SP0', 'event': 'saving'}
2026-03-05 11:23:36,403 - gensim.utils - INFO - not storing attribute cum_table
2026-03-05 11:23:36,408 - gensim.utils - INFO - saved models/word2vec\w2v_cbow_sz300_win2_ep10.model
2026-03-05 11:23:36,408 - NLP_Project - INFO - Training w2v_cbow_sz300_win2_ep20...
2026-03-05 11:23:36,410 - gensim.models.word2vec - INFO - collecting all words and their counts
2026-03-05 11:23:36,410 - gensim.models.word2vec - INFO - PROGRESS: at sentence #0, processed 0 words, keeping 0 word types
2026-03-05 11:23:36,410 - gensim.models.word2vec - INFO - collected 8 word types from a corpus of 1000 raw words and 300 sentences
2026-03-05 11:23:36,410 - gensim.models.word2vec - INFO - Creating a fresh vocabulary
2026-03-05 11:23:36,410 - gensim.utils - INFO - Word2Vec lifecycle event {'msg': 'effective_min_count=5 retains 8 unique words (100.00% of original 8, drops 0)', 'datetime': '2026-03-05T11:23:36.410996', 'gensim': '4.4.0', 'python': '3.11.6 (tags/v3.11.6:8b6ee5b, Oct  2 2023, 14:57:12) [MSC v.1935 64 bit (AMD64)]', 'platform': 'Windows-10-10.0.26200-SP0', 'event': 'prepare_vocab'}
2026-03-05 11:23:36,410 - gensim.utils - INFO - Word2Vec lifecycle event {'msg': 'effective_min_count=5 leaves 1000 word corpus (100.00% of original 1000, drops 0)', 'datetime': '2026-03-05T11:23:36.410996', 'gensim': '4.4.0', 'python': '3.11.6 (tags/v3.11.6:8b6ee5b, Oct  2 2023, 14:57:12) [MSC v.1935 64 bit (AMD64)]', 'platform': 'Windows-10-10.0.26200-SP0', 'event': 'prepare_vocab'}
2026-03-05 11:23:36,413 - gensim.models.word2vec - INFO - deleting the raw counts dictionary of 8 items
2026-03-05 11:23:36,414 - gensim.models.word2vec - INFO - sample=0.001 downsamples 8 most-common words
2026-03-05 11:23:36,415 - gensim.utils - INFO - Word2Vec lifecycle event {'msg': 'downsampling leaves estimated 95.32050807568878 word corpus (9.5%% of prior 1000)', 'datetime': '2026-03-05T11:23:36.415191', 'gensim': '4.4.0', 'python': '3.11.6 (tags/v3.11.6:8b6ee5b, Oct  2 2023, 14:57:12) [MSC v.1935 64 bit (AMD64)]', 'platform': 'Windows-10-10.0.26200-SP0', 'event': 'prepare_vocab'}
2026-03-05 11:23:36,415 - gensim.models.word2vec - INFO - estimated required memory for 8 words and 300 dimensions: 23200 bytes
2026-03-05 11:23:36,415 - gensim.models.word2vec - INFO - resetting layer weights
2026-03-05 11:23:36,415 - gensim.utils - INFO - Word2Vec lifecycle event {'update': False, 'trim_rule': 'None', 'datetime': '2026-03-05T11:23:36.415851', 'gensim': '4.4.0', 'python': '3.11.6 (tags/v3.11.6:8b6ee5b, Oct  2 2023, 14:57:12) [MSC v.1935 64 bit (AMD64)]', 'platform': 'Windows-10-10.0.26200-SP0', 'event': 'build_vocab'}
2026-03-05 11:23:36,417 - gensim.utils - INFO - Word2Vec lifecycle event {'msg': 'training model with 16 workers on 8 vocabulary and 300 features, using sg=0 hs=0 sample=0.001 negative=5 window=2 shrink_windows=True', 'datetime': '2026-03-05T11:23:36.417376', 'gensim': '4.4.0', 'python': '3.11.6 (tags/v3.11.6:8b6ee5b, Oct  2 2023, 14:57:12) [MSC v.1935 64 bit (AMD64)]', 'platform': 'Windows-10-10.0.26200-SP0', 'event': 'train'}
2026-03-05 11:23:36,437 - gensim.models.word2vec - INFO - EPOCH 0: training on 1000 raw words (83 effective words) took 0.0s, 34612 effective words/s
2026-03-05 11:23:36,459 - gensim.models.word2vec - INFO - EPOCH 1: training on 1000 raw words (89 effective words) took 0.0s, 188400 effective words/s
2026-03-05 11:23:36,490 - gensim.models.word2vec - INFO - EPOCH 2: training on 1000 raw words (88 effective words) took 0.0s, 112705 effective words/s
2026-03-05 11:23:36,518 - gensim.models.word2vec - INFO - EPOCH 3: training on 1000 raw words (96 effective words) took 0.0s, 33053 effective words/s
2026-03-05 11:23:36,541 - gensim.models.word2vec - INFO - EPOCH 4: training on 1000 raw words (102 effective words) took 0.0s, 273312 effective words/s
2026-03-05 11:23:36,558 - gensim.models.word2vec - INFO - EPOCH 5: training on 1000 raw words (120 effective words) took 0.0s, 54652 effective words/s
2026-03-05 11:23:36,590 - gensim.models.word2vec - INFO - EPOCH 6: training on 1000 raw words (87 effective words) took 0.0s, 22535 effective words/s
2026-03-05 11:23:36,609 - gensim.models.word2vec - INFO - EPOCH 7: training on 1000 raw words (103 effective words) took 0.0s, 350102 effective words/s
2026-03-05 11:23:36,641 - gensim.models.word2vec - INFO - EPOCH 8: training on 1000 raw words (92 effective words) took 0.0s, 185859 effective words/s
2026-03-05 11:23:36,667 - gensim.models.word2vec - INFO - EPOCH 9: training on 1000 raw words (72 effective words) took 0.0s, 30026 effective words/s
2026-03-05 11:23:36,697 - gensim.models.word2vec - INFO - EPOCH 10: training on 1000 raw words (118 effective words) took 0.0s, 31840 effective words/s
2026-03-05 11:23:36,720 - gensim.models.word2vec - INFO - EPOCH 11: training on 1000 raw words (80 effective words) took 0.0s, 248062 effective words/s
2026-03-05 11:23:36,747 - gensim.models.word2vec - INFO - EPOCH 12: training on 1000 raw words (84 effective words) took 0.0s, 24436 effective words/s
2026-03-05 11:23:36,772 - gensim.models.word2vec - INFO - EPOCH 13: training on 1000 raw words (91 effective words) took 0.0s, 37764 effective words/s
2026-03-05 11:23:36,797 - gensim.models.word2vec - INFO - EPOCH 14: training on 1000 raw words (92 effective words) took 0.0s, 185148 effective words/s
2026-03-05 11:23:36,817 - gensim.models.word2vec - INFO - EPOCH 15: training on 1000 raw words (94 effective words) took 0.0s, 156745 effective words/s
2026-03-05 11:23:36,841 - gensim.models.word2vec - INFO - EPOCH 16: training on 1000 raw words (100 effective words) took 0.0s, 25532 effective words/s
2026-03-05 11:23:36,861 - gensim.models.word2vec - INFO - EPOCH 17: training on 1000 raw words (96 effective words) took 0.0s, 36723 effective words/s
2026-03-05 11:23:36,881 - gensim.models.word2vec - INFO - EPOCH 18: training on 1000 raw words (95 effective words) took 0.0s, 287617 effective words/s
2026-03-05 11:23:36,904 - gensim.models.word2vec - INFO - EPOCH 19: training on 1000 raw words (103 effective words) took 0.0s, 44297 effective words/s
2026-03-05 11:23:36,905 - gensim.utils - INFO - Word2Vec lifecycle event {'msg': 'training on 20000 raw words (1885 effective words) took 0.5s, 3863 effective words/s', 'datetime': '2026-03-05T11:23:36.905267', 'gensim': '4.4.0', 'python': '3.11.6 (tags/v3.11.6:8b6ee5b, Oct  2 2023, 14:57:12) [MSC v.1935 64 bit (AMD64)]', 'platform': 'Windows-10-10.0.26200-SP0', 'event': 'train'}
2026-03-05 11:23:36,906 - gensim.utils - INFO - Word2Vec lifecycle event {'params': 'Word2Vec<vocab=8, vector_size=300, alpha=0.025>', 'datetime': '2026-03-05T11:23:36.906508', 'gensim': '4.4.0', 'python': '3.11.6 (tags/v3.11.6:8b6ee5b, Oct  2 2023, 14:57:12) [MSC v.1935 64 bit (AMD64)]', 'platform': 'Windows-10-10.0.26200-SP0', 'event': 'created'}
2026-03-05 11:23:36,907 - gensim.utils - INFO - Word2Vec lifecycle event {'fname_or_handle': 'models/word2vec\\w2v_cbow_sz300_win2_ep20.model', 'separately': 'None', 'sep_limit': 10485760, 'ignore': frozenset(), 'datetime': '2026-03-05T11:23:36.907745', 'gensim': '4.4.0', 'python': '3.11.6 (tags/v3.11.6:8b6ee5b, Oct  2 2023, 14:57:12) [MSC v.1935 64 bit (AMD64)]', 'platform': 'Windows-10-10.0.26200-SP0', 'event': 'saving'}
2026-03-05 11:23:36,908 - gensim.utils - INFO - not storing attribute cum_table
2026-03-05 11:23:36,911 - gensim.utils - INFO - saved models/word2vec\w2v_cbow_sz300_win2_ep20.model
2026-03-05 11:23:36,912 - NLP_Project - INFO - Training w2v_skipgram_sz300_win2_ep5...
2026-03-05 11:23:36,912 - gensim.models.word2vec - INFO - collecting all words and their counts
2026-03-05 11:23:36,912 - gensim.models.word2vec - INFO - PROGRESS: at sentence #0, processed 0 words, keeping 0 word types
2026-03-05 11:23:36,914 - gensim.models.word2vec - INFO - collected 8 word types from a corpus of 1000 raw words and 300 sentences
2026-03-05 11:23:36,914 - gensim.models.word2vec - INFO - Creating a fresh vocabulary
2026-03-05 11:23:36,915 - gensim.utils - INFO - Word2Vec lifecycle event {'msg': 'effective_min_count=5 retains 8 unique words (100.00% of original 8, drops 0)', 'datetime': '2026-03-05T11:23:36.915492', 'gensim': '4.4.0', 'python': '3.11.6 (tags/v3.11.6:8b6ee5b, Oct  2 2023, 14:57:12) [MSC v.1935 64 bit (AMD64)]', 'platform': 'Windows-10-10.0.26200-SP0', 'event': 'prepare_vocab'}
2026-03-05 11:23:36,916 - gensim.utils - INFO - Word2Vec lifecycle event {'msg': 'effective_min_count=5 leaves 1000 word corpus (100.00% of original 1000, drops 0)', 'datetime': '2026-03-05T11:23:36.916083', 'gensim': '4.4.0', 'python': '3.11.6 (tags/v3.11.6:8b6ee5b, Oct  2 2023, 14:57:12) [MSC v.1935 64 bit (AMD64)]', 'platform': 'Windows-10-10.0.26200-SP0', 'event': 'prepare_vocab'}
2026-03-05 11:23:36,916 - gensim.models.word2vec - INFO - deleting the raw counts dictionary of 8 items
2026-03-05 11:23:36,916 - gensim.models.word2vec - INFO - sample=0.001 downsamples 8 most-common words
2026-03-05 11:23:36,917 - gensim.utils - INFO - Word2Vec lifecycle event {'msg': 'downsampling leaves estimated 95.32050807568878 word corpus (9.5%% of prior 1000)', 'datetime': '2026-03-05T11:23:36.916083', 'gensim': '4.4.0', 'python': '3.11.6 (tags/v3.11.6:8b6ee5b, Oct  2 2023, 14:57:12) [MSC v.1935 64 bit (AMD64)]', 'platform': 'Windows-10-10.0.26200-SP0', 'event': 'prepare_vocab'}
2026-03-05 11:23:36,917 - gensim.models.word2vec - INFO - estimated required memory for 8 words and 300 dimensions: 23200 bytes
2026-03-05 11:23:36,918 - gensim.models.word2vec - INFO - resetting layer weights
2026-03-05 11:23:36,918 - gensim.utils - INFO - Word2Vec lifecycle event {'update': False, 'trim_rule': 'None', 'datetime': '2026-03-05T11:23:36.918005', 'gensim': '4.4.0', 'python': '3.11.6 (tags/v3.11.6:8b6ee5b, Oct  2 2023, 14:57:12) [MSC v.1935 64 bit (AMD64)]', 'platform': 'Windows-10-10.0.26200-SP0', 'event': 'build_vocab'}
2026-03-05 11:23:36,918 - gensim.utils - INFO - Word2Vec lifecycle event {'msg': 'training model with 16 workers on 8 vocabulary and 300 features, using sg=1 hs=0 sample=0.001 negative=5 window=2 shrink_windows=True', 'datetime': '2026-03-05T11:23:36.918615', 'gensim': '4.4.0', 'python': '3.11.6 (tags/v3.11.6:8b6ee5b, Oct  2 2023, 14:57:12) [MSC v.1935 64 bit (AMD64)]', 'platform': 'Windows-10-10.0.26200-SP0', 'event': 'train'}
2026-03-05 11:23:36,931 - gensim.models.word2vec - INFO - EPOCH 0: training on 1000 raw words (83 effective words) took 0.0s, 52015 effective words/s
2026-03-05 11:23:36,954 - gensim.models.word2vec - INFO - EPOCH 1: training on 1000 raw words (89 effective words) took 0.0s, 169395 effective words/s
2026-03-05 11:23:36,976 - gensim.models.word2vec - INFO - EPOCH 2: training on 1000 raw words (88 effective words) took 0.0s, 159420 effective words/s
2026-03-05 11:23:37,011 - gensim.models.word2vec - INFO - EPOCH 3: training on 1000 raw words (96 effective words) took 0.0s, 35166 effective words/s
2026-03-05 11:23:37,040 - gensim.models.word2vec - INFO - EPOCH 4: training on 1000 raw words (102 effective words) took 0.0s, 167460 effective words/s
2026-03-05 11:23:37,040 - gensim.utils - INFO - Word2Vec lifecycle event {'msg': 'training on 5000 raw words (458 effective words) took 0.1s, 3665 effective words/s', 'datetime': '2026-03-05T11:23:37.040193', 'gensim': '4.4.0', 'python': '3.11.6 (tags/v3.11.6:8b6ee5b, Oct  2 2023, 14:57:12) [MSC v.1935 64 bit (AMD64)]', 'platform': 'Windows-10-10.0.26200-SP0', 'event': 'train'}
2026-03-05 11:23:37,040 - gensim.utils - INFO - Word2Vec lifecycle event {'params': 'Word2Vec<vocab=8, vector_size=300, alpha=0.025>', 'datetime': '2026-03-05T11:23:37.040193', 'gensim': '4.4.0', 'python': '3.11.6 (tags/v3.11.6:8b6ee5b, Oct  2 2023, 14:57:12) [MSC v.1935 64 bit (AMD64)]', 'platform': 'Windows-10-10.0.26200-SP0', 'event': 'created'}
2026-03-05 11:23:37,045 - gensim.utils - INFO - Word2Vec lifecycle event {'fname_or_handle': 'models/word2vec\\w2v_skipgram_sz300_win2_ep5.model', 'separately': 'None', 'sep_limit': 10485760, 'ignore': frozenset(), 'datetime': '2026-03-05T11:23:37.040193', 'gensim': '4.4.0', 'python': '3.11.6 (tags/v3.11.6:8b6ee5b, Oct  2 2023, 14:57:12) [MSC v.1935 64 bit (AMD64)]', 'platform': 'Windows-10-10.0.26200-SP0', 'event': 'saving'}
2026-03-05 11:23:37,046 - gensim.utils - INFO - not storing attribute cum_table
2026-03-05 11:23:37,049 - gensim.utils - INFO - saved models/word2vec\w2v_skipgram_sz300_win2_ep5.model
2026-03-05 11:23:37,049 - NLP_Project - INFO - Training w2v_skipgram_sz300_win2_ep10...
2026-03-05 11:23:37,050 - gensim.models.word2vec - INFO - collecting all words and their counts
2026-03-05 11:23:37,051 - gensim.models.word2vec - INFO - PROGRESS: at sentence #0, processed 0 words, keeping 0 word types
2026-03-05 11:23:37,051 - gensim.models.word2vec - INFO - collected 8 word types from a corpus of 1000 raw words and 300 sentences
2026-03-05 11:23:37,053 - gensim.models.word2vec - INFO - Creating a fresh vocabulary
2026-03-05 11:23:37,053 - gensim.utils - INFO - Word2Vec lifecycle event {'msg': 'effective_min_count=5 retains 8 unique words (100.00% of original 8, drops 0)', 'datetime': '2026-03-05T11:23:37.053475', 'gensim': '4.4.0', 'python': '3.11.6 (tags/v3.11.6:8b6ee5b, Oct  2 2023, 14:57:12) [MSC v.1935 64 bit (AMD64)]', 'platform': 'Windows-10-10.0.26200-SP0', 'event': 'prepare_vocab'}
2026-03-05 11:23:37,054 - gensim.utils - INFO - Word2Vec lifecycle event {'msg': 'effective_min_count=5 leaves 1000 word corpus (100.00% of original 1000, drops 0)', 'datetime': '2026-03-05T11:23:37.054525', 'gensim': '4.4.0', 'python': '3.11.6 (tags/v3.11.6:8b6ee5b, Oct  2 2023, 14:57:12) [MSC v.1935 64 bit (AMD64)]', 'platform': 'Windows-10-10.0.26200-SP0', 'event': 'prepare_vocab'}
2026-03-05 11:23:37,054 - gensim.models.word2vec - INFO - deleting the raw counts dictionary of 8 items
2026-03-05 11:23:37,054 - gensim.models.word2vec - INFO - sample=0.001 downsamples 8 most-common words
2026-03-05 11:23:37,054 - gensim.utils - INFO - Word2Vec lifecycle event {'msg': 'downsampling leaves estimated 95.32050807568878 word corpus (9.5%% of prior 1000)', 'datetime': '2026-03-05T11:23:37.054525', 'gensim': '4.4.0', 'python': '3.11.6 (tags/v3.11.6:8b6ee5b, Oct  2 2023, 14:57:12) [MSC v.1935 64 bit (AMD64)]', 'platform': 'Windows-10-10.0.26200-SP0', 'event': 'prepare_vocab'}
2026-03-05 11:23:37,056 - gensim.models.word2vec - INFO - estimated required memory for 8 words and 300 dimensions: 23200 bytes
2026-03-05 11:23:37,056 - gensim.models.word2vec - INFO - resetting layer weights
2026-03-05 11:23:37,056 - gensim.utils - INFO - Word2Vec lifecycle event {'update': False, 'trim_rule': 'None', 'datetime': '2026-03-05T11:23:37.056860', 'gensim': '4.4.0', 'python': '3.11.6 (tags/v3.11.6:8b6ee5b, Oct  2 2023, 14:57:12) [MSC v.1935 64 bit (AMD64)]', 'platform': 'Windows-10-10.0.26200-SP0', 'event': 'build_vocab'}
2026-03-05 11:23:37,058 - gensim.utils - INFO - Word2Vec lifecycle event {'msg': 'training model with 16 workers on 8 vocabulary and 300 features, using sg=1 hs=0 sample=0.001 negative=5 window=2 shrink_windows=True', 'datetime': '2026-03-05T11:23:37.058565', 'gensim': '4.4.0', 'python': '3.11.6 (tags/v3.11.6:8b6ee5b, Oct  2 2023, 14:57:12) [MSC v.1935 64 bit (AMD64)]', 'platform': 'Windows-10-10.0.26200-SP0', 'event': 'train'}
2026-03-05 11:23:37,083 - gensim.models.word2vec - INFO - EPOCH 0: training on 1000 raw words (83 effective words) took 0.0s, 24441 effective words/s
2026-03-05 11:23:37,109 - gensim.models.word2vec - INFO - EPOCH 1: training on 1000 raw words (89 effective words) took 0.0s, 27243 effective words/s
2026-03-05 11:23:37,141 - gensim.models.word2vec - INFO - EPOCH 2: training on 1000 raw words (88 effective words) took 0.0s, 23122 effective words/s
2026-03-05 11:23:37,170 - gensim.models.word2vec - INFO - EPOCH 3: training on 1000 raw words (96 effective words) took 0.0s, 209196 effective words/s
2026-03-05 11:23:37,199 - gensim.models.word2vec - INFO - EPOCH 4: training on 1000 raw words (102 effective words) took 0.0s, 38369 effective words/s
2026-03-05 11:23:37,224 - gensim.models.word2vec - INFO - EPOCH 5: training on 1000 raw words (120 effective words) took 0.0s, 285850 effective words/s
2026-03-05 11:23:37,251 - gensim.models.word2vec - INFO - EPOCH 6: training on 1000 raw words (87 effective words) took 0.0s, 195374 effective words/s
2026-03-05 11:23:37,274 - gensim.models.word2vec - INFO - EPOCH 7: training on 1000 raw words (103 effective words) took 0.0s, 29694 effective words/s
2026-03-05 11:23:37,304 - gensim.models.word2vec - INFO - EPOCH 8: training on 1000 raw words (92 effective words) took 0.0s, 28566 effective words/s
2026-03-05 11:23:37,324 - gensim.models.word2vec - INFO - EPOCH 9: training on 1000 raw words (72 effective words) took 0.0s, 24143 effective words/s
2026-03-05 11:23:37,324 - gensim.utils - INFO - Word2Vec lifecycle event {'msg': 'training on 10000 raw words (932 effective words) took 0.3s, 3468 effective words/s', 'datetime': '2026-03-05T11:23:37.324278', 'gensim': '4.4.0', 'python': '3.11.6 (tags/v3.11.6:8b6ee5b, Oct  2 2023, 14:57:12) [MSC v.1935 64 bit (AMD64)]', 'platform': 'Windows-10-10.0.26200-SP0', 'event': 'train'}
2026-03-05 11:23:37,324 - gensim.utils - INFO - Word2Vec lifecycle event {'params': 'Word2Vec<vocab=8, vector_size=300, alpha=0.025>', 'datetime': '2026-03-05T11:23:37.324278', 'gensim': '4.4.0', 'python': '3.11.6 (tags/v3.11.6:8b6ee5b, Oct  2 2023, 14:57:12) [MSC v.1935 64 bit (AMD64)]', 'platform': 'Windows-10-10.0.26200-SP0', 'event': 'created'}
2026-03-05 11:23:37,330 - gensim.utils - INFO - Word2Vec lifecycle event {'fname_or_handle': 'models/word2vec\\w2v_skipgram_sz300_win2_ep10.model', 'separately': 'None', 'sep_limit': 10485760, 'ignore': frozenset(), 'datetime': '2026-03-05T11:23:37.329929', 'gensim': '4.4.0', 'python': '3.11.6 (tags/v3.11.6:8b6ee5b, Oct  2 2023, 14:57:12) [MSC v.1935 64 bit (AMD64)]', 'platform': 'Windows-10-10.0.26200-SP0', 'event': 'saving'}
2026-03-05 11:23:37,331 - gensim.utils - INFO - not storing attribute cum_table
2026-03-05 11:23:37,331 - gensim.utils - INFO - saved models/word2vec\w2v_skipgram_sz300_win2_ep10.model
2026-03-05 11:23:37,331 - NLP_Project - INFO - Training w2v_skipgram_sz300_win2_ep20...
2026-03-05 11:23:37,334 - gensim.models.word2vec - INFO - collecting all words and their counts
2026-03-05 11:23:37,334 - gensim.models.word2vec - INFO - PROGRESS: at sentence #0, processed 0 words, keeping 0 word types
2026-03-05 11:23:37,334 - gensim.models.word2vec - INFO - collected 8 word types from a corpus of 1000 raw words and 300 sentences
2026-03-05 11:23:37,334 - gensim.models.word2vec - INFO - Creating a fresh vocabulary
2026-03-05 11:23:37,334 - gensim.utils - INFO - Word2Vec lifecycle event {'msg': 'effective_min_count=5 retains 8 unique words (100.00% of original 8, drops 0)', 'datetime': '2026-03-05T11:23:37.334867', 'gensim': '4.4.0', 'python': '3.11.6 (tags/v3.11.6:8b6ee5b, Oct  2 2023, 14:57:12) [MSC v.1935 64 bit (AMD64)]', 'platform': 'Windows-10-10.0.26200-SP0', 'event': 'prepare_vocab'}
2026-03-05 11:23:37,334 - gensim.utils - INFO - Word2Vec lifecycle event {'msg': 'effective_min_count=5 leaves 1000 word corpus (100.00% of original 1000, drops 0)', 'datetime': '2026-03-05T11:23:37.334867', 'gensim': '4.4.0', 'python': '3.11.6 (tags/v3.11.6:8b6ee5b, Oct  2 2023, 14:57:12) [MSC v.1935 64 bit (AMD64)]', 'platform': 'Windows-10-10.0.26200-SP0', 'event': 'prepare_vocab'}
2026-03-05 11:23:37,336 - gensim.models.word2vec - INFO - deleting the raw counts dictionary of 8 items
2026-03-05 11:23:37,336 - gensim.models.word2vec - INFO - sample=0.001 downsamples 8 most-common words
2026-03-05 11:23:37,336 - gensim.utils - INFO - Word2Vec lifecycle event {'msg': 'downsampling leaves estimated 95.32050807568878 word corpus (9.5%% of prior 1000)', 'datetime': '2026-03-05T11:23:37.336949', 'gensim': '4.4.0', 'python': '3.11.6 (tags/v3.11.6:8b6ee5b, Oct  2 2023, 14:57:12) [MSC v.1935 64 bit (AMD64)]', 'platform': 'Windows-10-10.0.26200-SP0', 'event': 'prepare_vocab'}
2026-03-05 11:23:37,336 - gensim.models.word2vec - INFO - estimated required memory for 8 words and 300 dimensions: 23200 bytes
2026-03-05 11:23:37,336 - gensim.models.word2vec - INFO - resetting layer weights
2026-03-05 11:23:37,338 - gensim.utils - INFO - Word2Vec lifecycle event {'update': False, 'trim_rule': 'None', 'datetime': '2026-03-05T11:23:37.338760', 'gensim': '4.4.0', 'python': '3.11.6 (tags/v3.11.6:8b6ee5b, Oct  2 2023, 14:57:12) [MSC v.1935 64 bit (AMD64)]', 'platform': 'Windows-10-10.0.26200-SP0', 'event': 'build_vocab'}
2026-03-05 11:23:37,338 - gensim.utils - INFO - Word2Vec lifecycle event {'msg': 'training model with 16 workers on 8 vocabulary and 300 features, using sg=1 hs=0 sample=0.001 negative=5 window=2 shrink_windows=True', 'datetime': '2026-03-05T11:23:37.338760', 'gensim': '4.4.0', 'python': '3.11.6 (tags/v3.11.6:8b6ee5b, Oct  2 2023, 14:57:12) [MSC v.1935 64 bit (AMD64)]', 'platform': 'Windows-10-10.0.26200-SP0', 'event': 'train'}
2026-03-05 11:23:37,359 - gensim.models.word2vec - INFO - EPOCH 0: training on 1000 raw words (83 effective words) took 0.0s, 23770 effective words/s
2026-03-05 11:23:37,380 - gensim.models.word2vec - INFO - EPOCH 1: training on 1000 raw words (89 effective words) took 0.0s, 36120 effective words/s
2026-03-05 11:23:37,406 - gensim.models.word2vec - INFO - EPOCH 2: training on 1000 raw words (88 effective words) took 0.0s, 174846 effective words/s
2026-03-05 11:23:37,438 - gensim.models.word2vec - INFO - EPOCH 3: training on 1000 raw words (96 effective words) took 0.0s, 29083 effective words/s
2026-03-05 11:23:37,479 - gensim.models.word2vec - INFO - EPOCH 4: training on 1000 raw words (102 effective words) took 0.0s, 34050 effective words/s
2026-03-05 11:23:37,513 - gensim.models.word2vec - INFO - EPOCH 5: training on 1000 raw words (120 effective words) took 0.0s, 41085 effective words/s
2026-03-05 11:23:37,548 - gensim.models.word2vec - INFO - EPOCH 6: training on 1000 raw words (87 effective words) took 0.0s, 192223 effective words/s
2026-03-05 11:23:37,585 - gensim.models.word2vec - INFO - EPOCH 7: training on 1000 raw words (103 effective words) took 0.0s, 38202 effective words/s
2026-03-05 11:23:37,613 - gensim.models.word2vec - INFO - EPOCH 8: training on 1000 raw words (92 effective words) took 0.0s, 26953 effective words/s
2026-03-05 11:23:37,643 - gensim.models.word2vec - INFO - EPOCH 9: training on 1000 raw words (72 effective words) took 0.0s, 20068 effective words/s
2026-03-05 11:23:37,670 - gensim.models.word2vec - INFO - EPOCH 10: training on 1000 raw words (118 effective words) took 0.0s, 49216 effective words/s
2026-03-05 11:23:37,699 - gensim.models.word2vec - INFO - EPOCH 11: training on 1000 raw words (80 effective words) took 0.0s, 22473 effective words/s
2026-03-05 11:23:37,725 - gensim.models.word2vec - INFO - EPOCH 12: training on 1000 raw words (84 effective words) took 0.0s, 23437 effective words/s
2026-03-05 11:23:37,753 - gensim.models.word2vec - INFO - EPOCH 13: training on 1000 raw words (91 effective words) took 0.0s, 29688 effective words/s
2026-03-05 11:23:37,780 - gensim.models.word2vec - INFO - EPOCH 14: training on 1000 raw words (92 effective words) took 0.0s, 122324 effective words/s
2026-03-05 11:23:37,796 - gensim.models.word2vec - INFO - EPOCH 15: training on 1000 raw words (94 effective words) took 0.0s, 55625 effective words/s
2026-03-05 11:23:37,817 - gensim.models.word2vec - INFO - EPOCH 16: training on 1000 raw words (100 effective words) took 0.0s, 318573 effective words/s
2026-03-05 11:23:37,845 - gensim.models.word2vec - INFO - EPOCH 17: training on 1000 raw words (96 effective words) took 0.0s, 34980 effective words/s
2026-03-05 11:23:37,870 - gensim.models.word2vec - INFO - EPOCH 18: training on 1000 raw words (95 effective words) took 0.0s, 42331 effective words/s
2026-03-05 11:23:37,898 - gensim.models.word2vec - INFO - EPOCH 19: training on 1000 raw words (103 effective words) took 0.0s, 30875 effective words/s
2026-03-05 11:23:37,898 - gensim.utils - INFO - Word2Vec lifecycle event {'msg': 'training on 20000 raw words (1885 effective words) took 0.6s, 3369 effective words/s', 'datetime': '2026-03-05T11:23:37.898452', 'gensim': '4.4.0', 'python': '3.11.6 (tags/v3.11.6:8b6ee5b, Oct  2 2023, 14:57:12) [MSC v.1935 64 bit (AMD64)]', 'platform': 'Windows-10-10.0.26200-SP0', 'event': 'train'}
2026-03-05 11:23:37,898 - gensim.utils - INFO - Word2Vec lifecycle event {'params': 'Word2Vec<vocab=8, vector_size=300, alpha=0.025>', 'datetime': '2026-03-05T11:23:37.898452', 'gensim': '4.4.0', 'python': '3.11.6 (tags/v3.11.6:8b6ee5b, Oct  2 2023, 14:57:12) [MSC v.1935 64 bit (AMD64)]', 'platform': 'Windows-10-10.0.26200-SP0', 'event': 'created'}
2026-03-05 11:23:37,898 - gensim.utils - INFO - Word2Vec lifecycle event {'fname_or_handle': 'models/word2vec\\w2v_skipgram_sz300_win2_ep20.model', 'separately': 'None', 'sep_limit': 10485760, 'ignore': frozenset(), 'datetime': '2026-03-05T11:23:37.898452', 'gensim': '4.4.0', 'python': '3.11.6 (tags/v3.11.6:8b6ee5b, Oct  2 2023, 14:57:12) [MSC v.1935 64 bit (AMD64)]', 'platform': 'Windows-10-10.0.26200-SP0', 'event': 'saving'}
2026-03-05 11:23:37,898 - gensim.utils - INFO - not storing attribute cum_table
2026-03-05 11:23:37,903 - gensim.utils - INFO - saved models/word2vec\w2v_skipgram_sz300_win2_ep20.model
2026-03-05 11:23:37,903 - NLP_Project - INFO - Training w2v_cbow_sz300_win5_ep5...
2026-03-05 11:23:37,903 - gensim.models.word2vec - INFO - collecting all words and their counts
2026-03-05 11:23:37,903 - gensim.models.word2vec - INFO - PROGRESS: at sentence #0, processed 0 words, keeping 0 word types
2026-03-05 11:23:37,906 - gensim.models.word2vec - INFO - collected 8 word types from a corpus of 1000 raw words and 300 sentences
2026-03-05 11:23:37,906 - gensim.models.word2vec - INFO - Creating a fresh vocabulary
2026-03-05 11:23:37,907 - gensim.utils - INFO - Word2Vec lifecycle event {'msg': 'effective_min_count=5 retains 8 unique words (100.00% of original 8, drops 0)', 'datetime': '2026-03-05T11:23:37.907865', 'gensim': '4.4.0', 'python': '3.11.6 (tags/v3.11.6:8b6ee5b, Oct  2 2023, 14:57:12) [MSC v.1935 64 bit (AMD64)]', 'platform': 'Windows-10-10.0.26200-SP0', 'event': 'prepare_vocab'}
2026-03-05 11:23:37,908 - gensim.utils - INFO - Word2Vec lifecycle event {'msg': 'effective_min_count=5 leaves 1000 word corpus (100.00% of original 1000, drops 0)', 'datetime': '2026-03-05T11:23:37.907865', 'gensim': '4.4.0', 'python': '3.11.6 (tags/v3.11.6:8b6ee5b, Oct  2 2023, 14:57:12) [MSC v.1935 64 bit (AMD64)]', 'platform': 'Windows-10-10.0.26200-SP0', 'event': 'prepare_vocab'}
2026-03-05 11:23:37,908 - gensim.models.word2vec - INFO - deleting the raw counts dictionary of 8 items
2026-03-05 11:23:37,908 - gensim.models.word2vec - INFO - sample=0.001 downsamples 8 most-common words
2026-03-05 11:23:37,908 - gensim.utils - INFO - Word2Vec lifecycle event {'msg': 'downsampling leaves estimated 95.32050807568878 word corpus (9.5%% of prior 1000)', 'datetime': '2026-03-05T11:23:37.908795', 'gensim': '4.4.0', 'python': '3.11.6 (tags/v3.11.6:8b6ee5b, Oct  2 2023, 14:57:12) [MSC v.1935 64 bit (AMD64)]', 'platform': 'Windows-10-10.0.26200-SP0', 'event': 'prepare_vocab'}
2026-03-05 11:23:37,908 - gensim.models.word2vec - INFO - estimated required memory for 8 words and 300 dimensions: 23200 bytes
2026-03-05 11:23:37,908 - gensim.models.word2vec - INFO - resetting layer weights
2026-03-05 11:23:37,912 - gensim.utils - INFO - Word2Vec lifecycle event {'update': False, 'trim_rule': 'None', 'datetime': '2026-03-05T11:23:37.912625', 'gensim': '4.4.0', 'python': '3.11.6 (tags/v3.11.6:8b6ee5b, Oct  2 2023, 14:57:12) [MSC v.1935 64 bit (AMD64)]', 'platform': 'Windows-10-10.0.26200-SP0', 'event': 'build_vocab'}
2026-03-05 11:23:37,912 - gensim.utils - INFO - Word2Vec lifecycle event {'msg': 'training model with 16 workers on 8 vocabulary and 300 features, using sg=0 hs=0 sample=0.001 negative=5 window=5 shrink_windows=True', 'datetime': '2026-03-05T11:23:37.912625', 'gensim': '4.4.0', 'python': '3.11.6 (tags/v3.11.6:8b6ee5b, Oct  2 2023, 14:57:12) [MSC v.1935 64 bit (AMD64)]', 'platform': 'Windows-10-10.0.26200-SP0', 'event': 'train'}
2026-03-05 11:23:37,941 - gensim.models.word2vec - INFO - EPOCH 0: training on 1000 raw words (83 effective words) took 0.0s, 12953 effective words/s
2026-03-05 11:23:37,990 - gensim.models.word2vec - INFO - EPOCH 1: training on 1000 raw words (92 effective words) took 0.0s, 18766 effective words/s
2026-03-05 11:23:38,024 - gensim.models.word2vec - INFO - EPOCH 2: training on 1000 raw words (82 effective words) took 0.0s, 296029 effective words/s
2026-03-05 11:23:38,047 - gensim.models.word2vec - INFO - EPOCH 3: training on 1000 raw words (96 effective words) took 0.0s, 410607 effective words/s
2026-03-05 11:23:38,060 - gensim.models.word2vec - INFO - EPOCH 4: training on 1000 raw words (96 effective words) took 0.0s, 263736 effective words/s
2026-03-05 11:23:38,060 - gensim.utils - INFO - Word2Vec lifecycle event {'msg': 'training on 5000 raw words (449 effective words) took 0.1s, 3021 effective words/s', 'datetime': '2026-03-05T11:23:38.060498', 'gensim': '4.4.0', 'python': '3.11.6 (tags/v3.11.6:8b6ee5b, Oct  2 2023, 14:57:12) [MSC v.1935 64 bit (AMD64)]', 'platform': 'Windows-10-10.0.26200-SP0', 'event': 'train'}
2026-03-05 11:23:38,060 - gensim.utils - INFO - Word2Vec lifecycle event {'params': 'Word2Vec<vocab=8, vector_size=300, alpha=0.025>', 'datetime': '2026-03-05T11:23:38.060498', 'gensim': '4.4.0', 'python': '3.11.6 (tags/v3.11.6:8b6ee5b, Oct  2 2023, 14:57:12) [MSC v.1935 64 bit (AMD64)]', 'platform': 'Windows-10-10.0.26200-SP0', 'event': 'created'}
2026-03-05 11:23:38,063 - gensim.utils - INFO - Word2Vec lifecycle event {'fname_or_handle': 'models/word2vec\\w2v_cbow_sz300_win5_ep5.model', 'separately': 'None', 'sep_limit': 10485760, 'ignore': frozenset(), 'datetime': '2026-03-05T11:23:38.063740', 'gensim': '4.4.0', 'python': '3.11.6 (tags/v3.11.6:8b6ee5b, Oct  2 2023, 14:57:12) [MSC v.1935 64 bit (AMD64)]', 'platform': 'Windows-10-10.0.26200-SP0', 'event': 'saving'}
2026-03-05 11:23:38,064 - gensim.utils - INFO - not storing attribute cum_table
2026-03-05 11:23:38,064 - gensim.utils - INFO - saved models/word2vec\w2v_cbow_sz300_win5_ep5.model
2026-03-05 11:23:38,064 - NLP_Project - INFO - Training w2v_cbow_sz300_win5_ep10...
2026-03-05 11:23:38,066 - gensim.models.word2vec - INFO - collecting all words and their counts
2026-03-05 11:23:38,066 - gensim.models.word2vec - INFO - PROGRESS: at sentence #0, processed 0 words, keeping 0 word types
2026-03-05 11:23:38,066 - gensim.models.word2vec - INFO - collected 8 word types from a corpus of 1000 raw words and 300 sentences
2026-03-05 11:23:38,066 - gensim.models.word2vec - INFO - Creating a fresh vocabulary
2026-03-05 11:23:38,066 - gensim.utils - INFO - Word2Vec lifecycle event {'msg': 'effective_min_count=5 retains 8 unique words (100.00% of original 8, drops 0)', 'datetime': '2026-03-05T11:23:38.066950', 'gensim': '4.4.0', 'python': '3.11.6 (tags/v3.11.6:8b6ee5b, Oct  2 2023, 14:57:12) [MSC v.1935 64 bit (AMD64)]', 'platform': 'Windows-10-10.0.26200-SP0', 'event': 'prepare_vocab'}
2026-03-05 11:23:38,066 - gensim.utils - INFO - Word2Vec lifecycle event {'msg': 'effective_min_count=5 leaves 1000 word corpus (100.00% of original 1000, drops 0)', 'datetime': '2026-03-05T11:23:38.066950', 'gensim': '4.4.0', 'python': '3.11.6 (tags/v3.11.6:8b6ee5b, Oct  2 2023, 14:57:12) [MSC v.1935 64 bit (AMD64)]', 'platform': 'Windows-10-10.0.26200-SP0', 'event': 'prepare_vocab'}
2026-03-05 11:23:38,066 - gensim.models.word2vec - INFO - deleting the raw counts dictionary of 8 items
2026-03-05 11:23:38,066 - gensim.models.word2vec - INFO - sample=0.001 downsamples 8 most-common words
2026-03-05 11:23:38,066 - gensim.utils - INFO - Word2Vec lifecycle event {'msg': 'downsampling leaves estimated 95.32050807568878 word corpus (9.5%% of prior 1000)', 'datetime': '2026-03-05T11:23:38.066950', 'gensim': '4.4.0', 'python': '3.11.6 (tags/v3.11.6:8b6ee5b, Oct  2 2023, 14:57:12) [MSC v.1935 64 bit (AMD64)]', 'platform': 'Windows-10-10.0.26200-SP0', 'event': 'prepare_vocab'}
2026-03-05 11:23:38,070 - gensim.models.word2vec - INFO - estimated required memory for 8 words and 300 dimensions: 23200 bytes
2026-03-05 11:23:38,070 - gensim.models.word2vec - INFO - resetting layer weights
2026-03-05 11:23:38,070 - gensim.utils - INFO - Word2Vec lifecycle event {'update': False, 'trim_rule': 'None', 'datetime': '2026-03-05T11:23:38.070339', 'gensim': '4.4.0', 'python': '3.11.6 (tags/v3.11.6:8b6ee5b, Oct  2 2023, 14:57:12) [MSC v.1935 64 bit (AMD64)]', 'platform': 'Windows-10-10.0.26200-SP0', 'event': 'build_vocab'}
2026-03-05 11:23:38,071 - gensim.utils - INFO - Word2Vec lifecycle event {'msg': 'training model with 16 workers on 8 vocabulary and 300 features, using sg=0 hs=0 sample=0.001 negative=5 window=5 shrink_windows=True', 'datetime': '2026-03-05T11:23:38.071101', 'gensim': '4.4.0', 'python': '3.11.6 (tags/v3.11.6:8b6ee5b, Oct  2 2023, 14:57:12) [MSC v.1935 64 bit (AMD64)]', 'platform': 'Windows-10-10.0.26200-SP0', 'event': 'train'}
2026-03-05 11:23:38,081 - gensim.models.word2vec - INFO - EPOCH 0: training on 1000 raw words (83 effective words) took 0.0s, 474557 effective words/s
2026-03-05 11:23:38,099 - gensim.models.word2vec - INFO - EPOCH 1: training on 1000 raw words (92 effective words) took 0.0s, 159170 effective words/s
2026-03-05 11:23:38,111 - gensim.models.word2vec - INFO - EPOCH 2: training on 1000 raw words (82 effective words) took 0.0s, 117378 effective words/s
2026-03-05 11:23:38,130 - gensim.models.word2vec - INFO - EPOCH 3: training on 1000 raw words (96 effective words) took 0.0s, 35386 effective words/s
2026-03-05 11:23:38,147 - gensim.models.word2vec - INFO - EPOCH 4: training on 1000 raw words (96 effective words) took 0.0s, 205611 effective words/s
2026-03-05 11:23:38,173 - gensim.models.word2vec - INFO - EPOCH 5: training on 1000 raw words (95 effective words) took 0.0s, 110145 effective words/s
2026-03-05 11:23:38,197 - gensim.models.word2vec - INFO - EPOCH 6: training on 1000 raw words (93 effective words) took 0.0s, 27133 effective words/s
2026-03-05 11:23:38,220 - gensim.models.word2vec - INFO - EPOCH 7: training on 1000 raw words (79 effective words) took 0.0s, 107879 effective words/s
2026-03-05 11:23:38,245 - gensim.models.word2vec - INFO - EPOCH 8: training on 1000 raw words (102 effective words) took 0.0s, 193475 effective words/s
2026-03-05 11:23:38,270 - gensim.models.word2vec - INFO - EPOCH 9: training on 1000 raw words (99 effective words) took 0.0s, 184289 effective words/s
2026-03-05 11:23:38,271 - gensim.utils - INFO - Word2Vec lifecycle event {'msg': 'training on 10000 raw words (917 effective words) took 0.2s, 4581 effective words/s', 'datetime': '2026-03-05T11:23:38.271310', 'gensim': '4.4.0', 'python': '3.11.6 (tags/v3.11.6:8b6ee5b, Oct  2 2023, 14:57:12) [MSC v.1935 64 bit (AMD64)]', 'platform': 'Windows-10-10.0.26200-SP0', 'event': 'train'}
2026-03-05 11:23:38,272 - gensim.utils - INFO - Word2Vec lifecycle event {'params': 'Word2Vec<vocab=8, vector_size=300, alpha=0.025>', 'datetime': '2026-03-05T11:23:38.272415', 'gensim': '4.4.0', 'python': '3.11.6 (tags/v3.11.6:8b6ee5b, Oct  2 2023, 14:57:12) [MSC v.1935 64 bit (AMD64)]', 'platform': 'Windows-10-10.0.26200-SP0', 'event': 'created'}
2026-03-05 11:23:38,273 - gensim.utils - INFO - Word2Vec lifecycle event {'fname_or_handle': 'models/word2vec\\w2v_cbow_sz300_win5_ep10.model', 'separately': 'None', 'sep_limit': 10485760, 'ignore': frozenset(), 'datetime': '2026-03-05T11:23:38.273401', 'gensim': '4.4.0', 'python': '3.11.6 (tags/v3.11.6:8b6ee5b, Oct  2 2023, 14:57:12) [MSC v.1935 64 bit (AMD64)]', 'platform': 'Windows-10-10.0.26200-SP0', 'event': 'saving'}
2026-03-05 11:23:38,275 - gensim.utils - INFO - not storing attribute cum_table
2026-03-05 11:23:38,275 - gensim.utils - INFO - saved models/word2vec\w2v_cbow_sz300_win5_ep10.model
2026-03-05 11:23:38,275 - NLP_Project - INFO - Training w2v_cbow_sz300_win5_ep20...
2026-03-05 11:23:38,279 - gensim.models.word2vec - INFO - collecting all words and their counts
2026-03-05 11:23:38,279 - gensim.models.word2vec - INFO - PROGRESS: at sentence #0, processed 0 words, keeping 0 word types
2026-03-05 11:23:38,280 - gensim.models.word2vec - INFO - collected 8 word types from a corpus of 1000 raw words and 300 sentences
2026-03-05 11:23:38,281 - gensim.models.word2vec - INFO - Creating a fresh vocabulary
2026-03-05 11:23:38,281 - gensim.utils - INFO - Word2Vec lifecycle event {'msg': 'effective_min_count=5 retains 8 unique words (100.00% of original 8, drops 0)', 'datetime': '2026-03-05T11:23:38.281598', 'gensim': '4.4.0', 'python': '3.11.6 (tags/v3.11.6:8b6ee5b, Oct  2 2023, 14:57:12) [MSC v.1935 64 bit (AMD64)]', 'platform': 'Windows-10-10.0.26200-SP0', 'event': 'prepare_vocab'}
2026-03-05 11:23:38,281 - gensim.utils - INFO - Word2Vec lifecycle event {'msg': 'effective_min_count=5 leaves 1000 word corpus (100.00% of original 1000, drops 0)', 'datetime': '2026-03-05T11:23:38.281598', 'gensim': '4.4.0', 'python': '3.11.6 (tags/v3.11.6:8b6ee5b, Oct  2 2023, 14:57:12) [MSC v.1935 64 bit (AMD64)]', 'platform': 'Windows-10-10.0.26200-SP0', 'event': 'prepare_vocab'}
2026-03-05 11:23:38,281 - gensim.models.word2vec - INFO - deleting the raw counts dictionary of 8 items
2026-03-05 11:23:38,281 - gensim.models.word2vec - INFO - sample=0.001 downsamples 8 most-common words
2026-03-05 11:23:38,281 - gensim.utils - INFO - Word2Vec lifecycle event {'msg': 'downsampling leaves estimated 95.32050807568878 word corpus (9.5%% of prior 1000)', 'datetime': '2026-03-05T11:23:38.281598', 'gensim': '4.4.0', 'python': '3.11.6 (tags/v3.11.6:8b6ee5b, Oct  2 2023, 14:57:12) [MSC v.1935 64 bit (AMD64)]', 'platform': 'Windows-10-10.0.26200-SP0', 'event': 'prepare_vocab'}
2026-03-05 11:23:38,284 - gensim.models.word2vec - INFO - estimated required memory for 8 words and 300 dimensions: 23200 bytes
2026-03-05 11:23:38,284 - gensim.models.word2vec - INFO - resetting layer weights
2026-03-05 11:23:38,284 - gensim.utils - INFO - Word2Vec lifecycle event {'update': False, 'trim_rule': 'None', 'datetime': '2026-03-05T11:23:38.284938', 'gensim': '4.4.0', 'python': '3.11.6 (tags/v3.11.6:8b6ee5b, Oct  2 2023, 14:57:12) [MSC v.1935 64 bit (AMD64)]', 'platform': 'Windows-10-10.0.26200-SP0', 'event': 'build_vocab'}
2026-03-05 11:23:38,285 - gensim.utils - INFO - Word2Vec lifecycle event {'msg': 'training model with 16 workers on 8 vocabulary and 300 features, using sg=0 hs=0 sample=0.001 negative=5 window=5 shrink_windows=True', 'datetime': '2026-03-05T11:23:38.285581', 'gensim': '4.4.0', 'python': '3.11.6 (tags/v3.11.6:8b6ee5b, Oct  2 2023, 14:57:12) [MSC v.1935 64 bit (AMD64)]', 'platform': 'Windows-10-10.0.26200-SP0', 'event': 'train'}
2026-03-05 11:23:38,305 - gensim.models.word2vec - INFO - EPOCH 0: training on 1000 raw words (83 effective words) took 0.0s, 87914 effective words/s
2026-03-05 11:23:38,333 - gensim.models.word2vec - INFO - EPOCH 1: training on 1000 raw words (92 effective words) took 0.0s, 128456 effective words/s
2026-03-05 11:23:38,359 - gensim.models.word2vec - INFO - EPOCH 2: training on 1000 raw words (82 effective words) took 0.0s, 18133 effective words/s
2026-03-05 11:23:38,390 - gensim.models.word2vec - INFO - EPOCH 3: training on 1000 raw words (96 effective words) took 0.0s, 145300 effective words/s
2026-03-05 11:23:38,417 - gensim.models.word2vec - INFO - EPOCH 4: training on 1000 raw words (96 effective words) took 0.0s, 24489 effective words/s
2026-03-05 11:23:38,445 - gensim.models.word2vec - INFO - EPOCH 5: training on 1000 raw words (95 effective words) took 0.0s, 23827 effective words/s
2026-03-05 11:23:38,476 - gensim.models.word2vec - INFO - EPOCH 6: training on 1000 raw words (93 effective words) took 0.0s, 24538 effective words/s
2026-03-05 11:23:38,504 - gensim.models.word2vec - INFO - EPOCH 7: training on 1000 raw words (79 effective words) took 0.0s, 24604 effective words/s
2026-03-05 11:23:38,531 - gensim.models.word2vec - INFO - EPOCH 8: training on 1000 raw words (102 effective words) took 0.0s, 28757 effective words/s
2026-03-05 11:23:38,564 - gensim.models.word2vec - INFO - EPOCH 9: training on 1000 raw words (99 effective words) took 0.0s, 26104 effective words/s
2026-03-05 11:23:38,592 - gensim.models.word2vec - INFO - EPOCH 10: training on 1000 raw words (89 effective words) took 0.0s, 115901 effective words/s
2026-03-05 11:23:38,617 - gensim.models.word2vec - INFO - EPOCH 11: training on 1000 raw words (99 effective words) took 0.0s, 32149 effective words/s
2026-03-05 11:23:38,647 - gensim.models.word2vec - INFO - EPOCH 12: training on 1000 raw words (88 effective words) took 0.0s, 25823 effective words/s
2026-03-05 11:23:38,675 - gensim.models.word2vec - INFO - EPOCH 13: training on 1000 raw words (100 effective words) took 0.0s, 23710 effective words/s
2026-03-05 11:23:38,707 - gensim.models.word2vec - INFO - EPOCH 14: training on 1000 raw words (89 effective words) took 0.0s, 265592 effective words/s
2026-03-05 11:23:38,740 - gensim.models.word2vec - INFO - EPOCH 15: training on 1000 raw words (104 effective words) took 0.0s, 27059 effective words/s
2026-03-05 11:23:38,776 - gensim.models.word2vec - INFO - EPOCH 16: training on 1000 raw words (105 effective words) took 0.0s, 220264 effective words/s
2026-03-05 11:23:38,806 - gensim.models.word2vec - INFO - EPOCH 17: training on 1000 raw words (84 effective words) took 0.0s, 18721 effective words/s
2026-03-05 11:23:38,847 - gensim.models.word2vec - INFO - EPOCH 18: training on 1000 raw words (85 effective words) took 0.0s, 22027 effective words/s
2026-03-05 11:23:38,881 - gensim.models.word2vec - INFO - EPOCH 19: training on 1000 raw words (90 effective words) took 0.0s, 28641 effective words/s
2026-03-05 11:23:38,885 - gensim.utils - INFO - Word2Vec lifecycle event {'msg': 'training on 20000 raw words (1850 effective words) took 0.6s, 3083 effective words/s', 'datetime': '2026-03-05T11:23:38.885785', 'gensim': '4.4.0', 'python': '3.11.6 (tags/v3.11.6:8b6ee5b, Oct  2 2023, 14:57:12) [MSC v.1935 64 bit (AMD64)]', 'platform': 'Windows-10-10.0.26200-SP0', 'event': 'train'}
2026-03-05 11:23:38,887 - gensim.utils - INFO - Word2Vec lifecycle event {'params': 'Word2Vec<vocab=8, vector_size=300, alpha=0.025>', 'datetime': '2026-03-05T11:23:38.886838', 'gensim': '4.4.0', 'python': '3.11.6 (tags/v3.11.6:8b6ee5b, Oct  2 2023, 14:57:12) [MSC v.1935 64 bit (AMD64)]', 'platform': 'Windows-10-10.0.26200-SP0', 'event': 'created'}
2026-03-05 11:23:38,887 - gensim.utils - INFO - Word2Vec lifecycle event {'fname_or_handle': 'models/word2vec\\w2v_cbow_sz300_win5_ep20.model', 'separately': 'None', 'sep_limit': 10485760, 'ignore': frozenset(), 'datetime': '2026-03-05T11:23:38.887466', 'gensim': '4.4.0', 'python': '3.11.6 (tags/v3.11.6:8b6ee5b, Oct  2 2023, 14:57:12) [MSC v.1935 64 bit (AMD64)]', 'platform': 'Windows-10-10.0.26200-SP0', 'event': 'saving'}
2026-03-05 11:23:38,887 - gensim.utils - INFO - not storing attribute cum_table
2026-03-05 11:23:38,890 - gensim.utils - INFO - saved models/word2vec\w2v_cbow_sz300_win5_ep20.model
2026-03-05 11:23:38,890 - NLP_Project - INFO - Training w2v_skipgram_sz300_win5_ep5...
2026-03-05 11:23:38,893 - gensim.models.word2vec - INFO - collecting all words and their counts
2026-03-05 11:23:38,895 - gensim.models.word2vec - INFO - PROGRESS: at sentence #0, processed 0 words, keeping 0 word types
2026-03-05 11:23:38,895 - gensim.models.word2vec - INFO - collected 8 word types from a corpus of 1000 raw words and 300 sentences
2026-03-05 11:23:38,895 - gensim.models.word2vec - INFO - Creating a fresh vocabulary
2026-03-05 11:23:38,897 - gensim.utils - INFO - Word2Vec lifecycle event {'msg': 'effective_min_count=5 retains 8 unique words (100.00% of original 8, drops 0)', 'datetime': '2026-03-05T11:23:38.897116', 'gensim': '4.4.0', 'python': '3.11.6 (tags/v3.11.6:8b6ee5b, Oct  2 2023, 14:57:12) [MSC v.1935 64 bit (AMD64)]', 'platform': 'Windows-10-10.0.26200-SP0', 'event': 'prepare_vocab'}
2026-03-05 11:23:38,898 - gensim.utils - INFO - Word2Vec lifecycle event {'msg': 'effective_min_count=5 leaves 1000 word corpus (100.00% of original 1000, drops 0)', 'datetime': '2026-03-05T11:23:38.898253', 'gensim': '4.4.0', 'python': '3.11.6 (tags/v3.11.6:8b6ee5b, Oct  2 2023, 14:57:12) [MSC v.1935 64 bit (AMD64)]', 'platform': 'Windows-10-10.0.26200-SP0', 'event': 'prepare_vocab'}
2026-03-05 11:23:38,899 - gensim.models.word2vec - INFO - deleting the raw counts dictionary of 8 items
2026-03-05 11:23:38,899 - gensim.models.word2vec - INFO - sample=0.001 downsamples 8 most-common words
2026-03-05 11:23:38,900 - gensim.utils - INFO - Word2Vec lifecycle event {'msg': 'downsampling leaves estimated 95.32050807568878 word corpus (9.5%% of prior 1000)', 'datetime': '2026-03-05T11:23:38.900131', 'gensim': '4.4.0', 'python': '3.11.6 (tags/v3.11.6:8b6ee5b, Oct  2 2023, 14:57:12) [MSC v.1935 64 bit (AMD64)]', 'platform': 'Windows-10-10.0.26200-SP0', 'event': 'prepare_vocab'}
2026-03-05 11:23:38,900 - gensim.models.word2vec - INFO - estimated required memory for 8 words and 300 dimensions: 23200 bytes
2026-03-05 11:23:38,900 - gensim.models.word2vec - INFO - resetting layer weights
2026-03-05 11:23:38,900 - gensim.utils - INFO - Word2Vec lifecycle event {'update': False, 'trim_rule': 'None', 'datetime': '2026-03-05T11:23:38.900131', 'gensim': '4.4.0', 'python': '3.11.6 (tags/v3.11.6:8b6ee5b, Oct  2 2023, 14:57:12) [MSC v.1935 64 bit (AMD64)]', 'platform': 'Windows-10-10.0.26200-SP0', 'event': 'build_vocab'}
2026-03-05 11:23:38,900 - gensim.utils - INFO - Word2Vec lifecycle event {'msg': 'training model with 16 workers on 8 vocabulary and 300 features, using sg=1 hs=0 sample=0.001 negative=5 window=5 shrink_windows=True', 'datetime': '2026-03-05T11:23:38.900131', 'gensim': '4.4.0', 'python': '3.11.6 (tags/v3.11.6:8b6ee5b, Oct  2 2023, 14:57:12) [MSC v.1935 64 bit (AMD64)]', 'platform': 'Windows-10-10.0.26200-SP0', 'event': 'train'}
2026-03-05 11:23:38,930 - gensim.models.word2vec - INFO - EPOCH 0: training on 1000 raw words (83 effective words) took 0.0s, 162713 effective words/s
2026-03-05 11:23:38,958 - gensim.models.word2vec - INFO - EPOCH 1: training on 1000 raw words (92 effective words) took 0.0s, 25469 effective words/s
2026-03-05 11:23:38,994 - gensim.models.word2vec - INFO - EPOCH 2: training on 1000 raw words (82 effective words) took 0.0s, 17731 effective words/s
2026-03-05 11:23:39,025 - gensim.models.word2vec - INFO - EPOCH 3: training on 1000 raw words (96 effective words) took 0.0s, 196118 effective words/s
2026-03-05 11:23:39,053 - gensim.models.word2vec - INFO - EPOCH 4: training on 1000 raw words (96 effective words) took 0.0s, 25567 effective words/s
2026-03-05 11:23:39,055 - gensim.utils - INFO - Word2Vec lifecycle event {'msg': 'training on 5000 raw words (449 effective words) took 0.2s, 2954 effective words/s', 'datetime': '2026-03-05T11:23:39.055009', 'gensim': '4.4.0', 'python': '3.11.6 (tags/v3.11.6:8b6ee5b, Oct  2 2023, 14:57:12) [MSC v.1935 64 bit (AMD64)]', 'platform': 'Windows-10-10.0.26200-SP0', 'event': 'train'}
2026-03-05 11:23:39,055 - gensim.utils - INFO - Word2Vec lifecycle event {'params': 'Word2Vec<vocab=8, vector_size=300, alpha=0.025>', 'datetime': '2026-03-05T11:23:39.055669', 'gensim': '4.4.0', 'python': '3.11.6 (tags/v3.11.6:8b6ee5b, Oct  2 2023, 14:57:12) [MSC v.1935 64 bit (AMD64)]', 'platform': 'Windows-10-10.0.26200-SP0', 'event': 'created'}
2026-03-05 11:23:39,056 - gensim.utils - INFO - Word2Vec lifecycle event {'fname_or_handle': 'models/word2vec\\w2v_skipgram_sz300_win5_ep5.model', 'separately': 'None', 'sep_limit': 10485760, 'ignore': frozenset(), 'datetime': '2026-03-05T11:23:39.056724', 'gensim': '4.4.0', 'python': '3.11.6 (tags/v3.11.6:8b6ee5b, Oct  2 2023, 14:57:12) [MSC v.1935 64 bit (AMD64)]', 'platform': 'Windows-10-10.0.26200-SP0', 'event': 'saving'}
2026-03-05 11:23:39,056 - gensim.utils - INFO - not storing attribute cum_table
2026-03-05 11:23:39,061 - gensim.utils - INFO - saved models/word2vec\w2v_skipgram_sz300_win5_ep5.model
2026-03-05 11:23:39,061 - NLP_Project - INFO - Training w2v_skipgram_sz300_win5_ep10...
2026-03-05 11:23:39,061 - gensim.models.word2vec - INFO - collecting all words and their counts
2026-03-05 11:23:39,063 - gensim.models.word2vec - INFO - PROGRESS: at sentence #0, processed 0 words, keeping 0 word types
2026-03-05 11:23:39,063 - gensim.models.word2vec - INFO - collected 8 word types from a corpus of 1000 raw words and 300 sentences
2026-03-05 11:23:39,063 - gensim.models.word2vec - INFO - Creating a fresh vocabulary
2026-03-05 11:23:39,063 - gensim.utils - INFO - Word2Vec lifecycle event {'msg': 'effective_min_count=5 retains 8 unique words (100.00% of original 8, drops 0)', 'datetime': '2026-03-05T11:23:39.063092', 'gensim': '4.4.0', 'python': '3.11.6 (tags/v3.11.6:8b6ee5b, Oct  2 2023, 14:57:12) [MSC v.1935 64 bit (AMD64)]', 'platform': 'Windows-10-10.0.26200-SP0', 'event': 'prepare_vocab'}
2026-03-05 11:23:39,063 - gensim.utils - INFO - Word2Vec lifecycle event {'msg': 'effective_min_count=5 leaves 1000 word corpus (100.00% of original 1000, drops 0)', 'datetime': '2026-03-05T11:23:39.063092', 'gensim': '4.4.0', 'python': '3.11.6 (tags/v3.11.6:8b6ee5b, Oct  2 2023, 14:57:12) [MSC v.1935 64 bit (AMD64)]', 'platform': 'Windows-10-10.0.26200-SP0', 'event': 'prepare_vocab'}
2026-03-05 11:23:39,063 - gensim.models.word2vec - INFO - deleting the raw counts dictionary of 8 items
2026-03-05 11:23:39,063 - gensim.models.word2vec - INFO - sample=0.001 downsamples 8 most-common words
2026-03-05 11:23:39,067 - gensim.utils - INFO - Word2Vec lifecycle event {'msg': 'downsampling leaves estimated 95.32050807568878 word corpus (9.5%% of prior 1000)', 'datetime': '2026-03-05T11:23:39.067590', 'gensim': '4.4.0', 'python': '3.11.6 (tags/v3.11.6:8b6ee5b, Oct  2 2023, 14:57:12) [MSC v.1935 64 bit (AMD64)]', 'platform': 'Windows-10-10.0.26200-SP0', 'event': 'prepare_vocab'}
2026-03-05 11:23:39,068 - gensim.models.word2vec - INFO - estimated required memory for 8 words and 300 dimensions: 23200 bytes
2026-03-05 11:23:39,068 - gensim.models.word2vec - INFO - resetting layer weights
2026-03-05 11:23:39,070 - gensim.utils - INFO - Word2Vec lifecycle event {'update': False, 'trim_rule': 'None', 'datetime': '2026-03-05T11:23:39.070214', 'gensim': '4.4.0', 'python': '3.11.6 (tags/v3.11.6:8b6ee5b, Oct  2 2023, 14:57:12) [MSC v.1935 64 bit (AMD64)]', 'platform': 'Windows-10-10.0.26200-SP0', 'event': 'build_vocab'}
2026-03-05 11:23:39,070 - gensim.utils - INFO - Word2Vec lifecycle event {'msg': 'training model with 16 workers on 8 vocabulary and 300 features, using sg=1 hs=0 sample=0.001 negative=5 window=5 shrink_windows=True', 'datetime': '2026-03-05T11:23:39.070892', 'gensim': '4.4.0', 'python': '3.11.6 (tags/v3.11.6:8b6ee5b, Oct  2 2023, 14:57:12) [MSC v.1935 64 bit (AMD64)]', 'platform': 'Windows-10-10.0.26200-SP0', 'event': 'train'}
2026-03-05 11:23:39,099 - gensim.models.word2vec - INFO - EPOCH 0: training on 1000 raw words (83 effective words) took 0.0s, 26279 effective words/s
2026-03-05 11:23:39,124 - gensim.models.word2vec - INFO - EPOCH 1: training on 1000 raw words (92 effective words) took 0.0s, 25255 effective words/s
2026-03-05 11:23:39,156 - gensim.models.word2vec - INFO - EPOCH 2: training on 1000 raw words (82 effective words) took 0.0s, 27603 effective words/s
2026-03-05 11:23:39,181 - gensim.models.word2vec - INFO - EPOCH 3: training on 1000 raw words (96 effective words) took 0.0s, 168156 effective words/s
2026-03-05 11:23:39,209 - gensim.models.word2vec - INFO - EPOCH 4: training on 1000 raw words (96 effective words) took 0.0s, 141949 effective words/s
2026-03-05 11:23:39,242 - gensim.models.word2vec - INFO - EPOCH 5: training on 1000 raw words (95 effective words) took 0.0s, 84610 effective words/s
2026-03-05 11:23:39,268 - gensim.models.word2vec - INFO - EPOCH 6: training on 1000 raw words (93 effective words) took 0.0s, 56456 effective words/s
2026-03-05 11:23:39,287 - gensim.models.word2vec - INFO - EPOCH 7: training on 1000 raw words (79 effective words) took 0.0s, 206536 effective words/s
2026-03-05 11:23:39,316 - gensim.models.word2vec - INFO - EPOCH 8: training on 1000 raw words (102 effective words) took 0.0s, 272800 effective words/s
2026-03-05 11:23:39,345 - gensim.models.word2vec - INFO - EPOCH 9: training on 1000 raw words (99 effective words) took 0.0s, 27450 effective words/s
2026-03-05 11:23:39,347 - gensim.utils - INFO - Word2Vec lifecycle event {'msg': 'training on 10000 raw words (917 effective words) took 0.3s, 3329 effective words/s', 'datetime': '2026-03-05T11:23:39.347294', 'gensim': '4.4.0', 'python': '3.11.6 (tags/v3.11.6:8b6ee5b, Oct  2 2023, 14:57:12) [MSC v.1935 64 bit (AMD64)]', 'platform': 'Windows-10-10.0.26200-SP0', 'event': 'train'}
2026-03-05 11:23:39,347 - gensim.utils - INFO - Word2Vec lifecycle event {'params': 'Word2Vec<vocab=8, vector_size=300, alpha=0.025>', 'datetime': '2026-03-05T11:23:39.347294', 'gensim': '4.4.0', 'python': '3.11.6 (tags/v3.11.6:8b6ee5b, Oct  2 2023, 14:57:12) [MSC v.1935 64 bit (AMD64)]', 'platform': 'Windows-10-10.0.26200-SP0', 'event': 'created'}
2026-03-05 11:23:39,347 - gensim.utils - INFO - Word2Vec lifecycle event {'fname_or_handle': 'models/word2vec\\w2v_skipgram_sz300_win5_ep10.model', 'separately': 'None', 'sep_limit': 10485760, 'ignore': frozenset(), 'datetime': '2026-03-05T11:23:39.347294', 'gensim': '4.4.0', 'python': '3.11.6 (tags/v3.11.6:8b6ee5b, Oct  2 2023, 14:57:12) [MSC v.1935 64 bit (AMD64)]', 'platform': 'Windows-10-10.0.26200-SP0', 'event': 'saving'}
2026-03-05 11:23:39,349 - gensim.utils - INFO - not storing attribute cum_table
2026-03-05 11:23:39,351 - gensim.utils - INFO - saved models/word2vec\w2v_skipgram_sz300_win5_ep10.model
2026-03-05 11:23:39,351 - NLP_Project - INFO - Training w2v_skipgram_sz300_win5_ep20...
2026-03-05 11:23:39,353 - gensim.models.word2vec - INFO - collecting all words and their counts
2026-03-05 11:23:39,353 - gensim.models.word2vec - INFO - PROGRESS: at sentence #0, processed 0 words, keeping 0 word types
2026-03-05 11:23:39,353 - gensim.models.word2vec - INFO - collected 8 word types from a corpus of 1000 raw words and 300 sentences
2026-03-05 11:23:39,354 - gensim.models.word2vec - INFO - Creating a fresh vocabulary
2026-03-05 11:23:39,355 - gensim.utils - INFO - Word2Vec lifecycle event {'msg': 'effective_min_count=5 retains 8 unique words (100.00% of original 8, drops 0)', 'datetime': '2026-03-05T11:23:39.355353', 'gensim': '4.4.0', 'python': '3.11.6 (tags/v3.11.6:8b6ee5b, Oct  2 2023, 14:57:12) [MSC v.1935 64 bit (AMD64)]', 'platform': 'Windows-10-10.0.26200-SP0', 'event': 'prepare_vocab'}
2026-03-05 11:23:39,355 - gensim.utils - INFO - Word2Vec lifecycle event {'msg': 'effective_min_count=5 leaves 1000 word corpus (100.00% of original 1000, drops 0)', 'datetime': '2026-03-05T11:23:39.355353', 'gensim': '4.4.0', 'python': '3.11.6 (tags/v3.11.6:8b6ee5b, Oct  2 2023, 14:57:12) [MSC v.1935 64 bit (AMD64)]', 'platform': 'Windows-10-10.0.26200-SP0', 'event': 'prepare_vocab'}
2026-03-05 11:23:39,355 - gensim.models.word2vec - INFO - deleting the raw counts dictionary of 8 items
2026-03-05 11:23:39,357 - gensim.models.word2vec - INFO - sample=0.001 downsamples 8 most-common words
2026-03-05 11:23:39,357 - gensim.utils - INFO - Word2Vec lifecycle event {'msg': 'downsampling leaves estimated 95.32050807568878 word corpus (9.5%% of prior 1000)', 'datetime': '2026-03-05T11:23:39.357978', 'gensim': '4.4.0', 'python': '3.11.6 (tags/v3.11.6:8b6ee5b, Oct  2 2023, 14:57:12) [MSC v.1935 64 bit (AMD64)]', 'platform': 'Windows-10-10.0.26200-SP0', 'event': 'prepare_vocab'}
2026-03-05 11:23:39,359 - gensim.models.word2vec - INFO - estimated required memory for 8 words and 300 dimensions: 23200 bytes
2026-03-05 11:23:39,359 - gensim.models.word2vec - INFO - resetting layer weights
2026-03-05 11:23:39,359 - gensim.utils - INFO - Word2Vec lifecycle event {'update': False, 'trim_rule': 'None', 'datetime': '2026-03-05T11:23:39.359492', 'gensim': '4.4.0', 'python': '3.11.6 (tags/v3.11.6:8b6ee5b, Oct  2 2023, 14:57:12) [MSC v.1935 64 bit (AMD64)]', 'platform': 'Windows-10-10.0.26200-SP0', 'event': 'build_vocab'}
2026-03-05 11:23:39,359 - gensim.utils - INFO - Word2Vec lifecycle event {'msg': 'training model with 16 workers on 8 vocabulary and 300 features, using sg=1 hs=0 sample=0.001 negative=5 window=5 shrink_windows=True', 'datetime': '2026-03-05T11:23:39.359492', 'gensim': '4.4.0', 'python': '3.11.6 (tags/v3.11.6:8b6ee5b, Oct  2 2023, 14:57:12) [MSC v.1935 64 bit (AMD64)]', 'platform': 'Windows-10-10.0.26200-SP0', 'event': 'train'}
2026-03-05 11:23:39,381 - gensim.models.word2vec - INFO - EPOCH 0: training on 1000 raw words (83 effective words) took 0.0s, 28482 effective words/s
2026-03-05 11:23:39,409 - gensim.models.word2vec - INFO - EPOCH 1: training on 1000 raw words (92 effective words) took 0.0s, 198833 effective words/s
2026-03-05 11:23:39,438 - gensim.models.word2vec - INFO - EPOCH 2: training on 1000 raw words (82 effective words) took 0.0s, 165556 effective words/s
2026-03-05 11:23:39,463 - gensim.models.word2vec - INFO - EPOCH 3: training on 1000 raw words (96 effective words) took 0.0s, 20711 effective words/s
2026-03-05 11:23:39,493 - gensim.models.word2vec - INFO - EPOCH 4: training on 1000 raw words (96 effective words) took 0.0s, 26984 effective words/s
2026-03-05 11:23:39,522 - gensim.models.word2vec - INFO - EPOCH 5: training on 1000 raw words (95 effective words) took 0.0s, 37731 effective words/s
2026-03-05 11:23:39,550 - gensim.models.word2vec - INFO - EPOCH 6: training on 1000 raw words (93 effective words) took 0.0s, 174321 effective words/s
2026-03-05 11:23:39,575 - gensim.models.word2vec - INFO - EPOCH 7: training on 1000 raw words (79 effective words) took 0.0s, 18330 effective words/s
2026-03-05 11:23:39,605 - gensim.models.word2vec - INFO - EPOCH 8: training on 1000 raw words (102 effective words) took 0.0s, 262751 effective words/s
2026-03-05 11:23:39,631 - gensim.models.word2vec - INFO - EPOCH 9: training on 1000 raw words (99 effective words) took 0.0s, 142364 effective words/s
2026-03-05 11:23:39,658 - gensim.models.word2vec - INFO - EPOCH 10: training on 1000 raw words (89 effective words) took 0.0s, 93645 effective words/s
2026-03-05 11:23:39,684 - gensim.models.word2vec - INFO - EPOCH 11: training on 1000 raw words (99 effective words) took 0.0s, 25716 effective words/s
2026-03-05 11:23:39,709 - gensim.models.word2vec - INFO - EPOCH 12: training on 1000 raw words (88 effective words) took 0.0s, 168131 effective words/s
2026-03-05 11:23:39,736 - gensim.models.word2vec - INFO - EPOCH 13: training on 1000 raw words (100 effective words) took 0.0s, 315557 effective words/s
2026-03-05 11:23:39,765 - gensim.models.word2vec - INFO - EPOCH 14: training on 1000 raw words (89 effective words) took 0.0s, 29377 effective words/s
2026-03-05 11:23:39,790 - gensim.models.word2vec - INFO - EPOCH 15: training on 1000 raw words (104 effective words) took 0.0s, 31595 effective words/s
2026-03-05 11:23:39,821 - gensim.models.word2vec - INFO - EPOCH 16: training on 1000 raw words (105 effective words) took 0.0s, 268062 effective words/s
2026-03-05 11:23:39,850 - gensim.models.word2vec - INFO - EPOCH 17: training on 1000 raw words (84 effective words) took 0.0s, 119233 effective words/s
2026-03-05 11:23:39,874 - gensim.models.word2vec - INFO - EPOCH 18: training on 1000 raw words (85 effective words) took 0.0s, 219411 effective words/s
2026-03-05 11:23:39,898 - gensim.models.word2vec - INFO - EPOCH 19: training on 1000 raw words (90 effective words) took 0.0s, 229944 effective words/s
2026-03-05 11:23:39,904 - gensim.utils - INFO - Word2Vec lifecycle event {'msg': 'training on 20000 raw words (1850 effective words) took 0.5s, 3413 effective words/s', 'datetime': '2026-03-05T11:23:39.904089', 'gensim': '4.4.0', 'python': '3.11.6 (tags/v3.11.6:8b6ee5b, Oct  2 2023, 14:57:12) [MSC v.1935 64 bit (AMD64)]', 'platform': 'Windows-10-10.0.26200-SP0', 'event': 'train'}
2026-03-05 11:23:39,904 - gensim.utils - INFO - Word2Vec lifecycle event {'params': 'Word2Vec<vocab=8, vector_size=300, alpha=0.025>', 'datetime': '2026-03-05T11:23:39.904089', 'gensim': '4.4.0', 'python': '3.11.6 (tags/v3.11.6:8b6ee5b, Oct  2 2023, 14:57:12) [MSC v.1935 64 bit (AMD64)]', 'platform': 'Windows-10-10.0.26200-SP0', 'event': 'created'}
2026-03-05 11:23:39,905 - gensim.utils - INFO - Word2Vec lifecycle event {'fname_or_handle': 'models/word2vec\\w2v_skipgram_sz300_win5_ep20.model', 'separately': 'None', 'sep_limit': 10485760, 'ignore': frozenset(), 'datetime': '2026-03-05T11:23:39.905202', 'gensim': '4.4.0', 'python': '3.11.6 (tags/v3.11.6:8b6ee5b, Oct  2 2023, 14:57:12) [MSC v.1935 64 bit (AMD64)]', 'platform': 'Windows-10-10.0.26200-SP0', 'event': 'saving'}
2026-03-05 11:23:39,906 - gensim.utils - INFO - not storing attribute cum_table
2026-03-05 11:23:39,908 - gensim.utils - INFO - saved models/word2vec\w2v_skipgram_sz300_win5_ep20.model
2026-03-05 11:23:39,908 - NLP_Project - INFO - Training w2v_cbow_sz300_win10_ep5...
2026-03-05 11:23:39,908 - gensim.models.word2vec - INFO - collecting all words and their counts
2026-03-05 11:23:39,908 - gensim.models.word2vec - INFO - PROGRESS: at sentence #0, processed 0 words, keeping 0 word types
2026-03-05 11:23:39,908 - gensim.models.word2vec - INFO - collected 8 word types from a corpus of 1000 raw words and 300 sentences
2026-03-05 11:23:39,908 - gensim.models.word2vec - INFO - Creating a fresh vocabulary
2026-03-05 11:23:39,914 - gensim.utils - INFO - Word2Vec lifecycle event {'msg': 'effective_min_count=5 retains 8 unique words (100.00% of original 8, drops 0)', 'datetime': '2026-03-05T11:23:39.908890', 'gensim': '4.4.0', 'python': '3.11.6 (tags/v3.11.6:8b6ee5b, Oct  2 2023, 14:57:12) [MSC v.1935 64 bit (AMD64)]', 'platform': 'Windows-10-10.0.26200-SP0', 'event': 'prepare_vocab'}
2026-03-05 11:23:39,914 - gensim.utils - INFO - Word2Vec lifecycle event {'msg': 'effective_min_count=5 leaves 1000 word corpus (100.00% of original 1000, drops 0)', 'datetime': '2026-03-05T11:23:39.914393', 'gensim': '4.4.0', 'python': '3.11.6 (tags/v3.11.6:8b6ee5b, Oct  2 2023, 14:57:12) [MSC v.1935 64 bit (AMD64)]', 'platform': 'Windows-10-10.0.26200-SP0', 'event': 'prepare_vocab'}
2026-03-05 11:23:39,915 - gensim.models.word2vec - INFO - deleting the raw counts dictionary of 8 items
2026-03-05 11:23:39,915 - gensim.models.word2vec - INFO - sample=0.001 downsamples 8 most-common words
2026-03-05 11:23:39,916 - gensim.utils - INFO - Word2Vec lifecycle event {'msg': 'downsampling leaves estimated 95.32050807568878 word corpus (9.5%% of prior 1000)', 'datetime': '2026-03-05T11:23:39.916304', 'gensim': '4.4.0', 'python': '3.11.6 (tags/v3.11.6:8b6ee5b, Oct  2 2023, 14:57:12) [MSC v.1935 64 bit (AMD64)]', 'platform': 'Windows-10-10.0.26200-SP0', 'event': 'prepare_vocab'}
2026-03-05 11:23:39,916 - gensim.models.word2vec - INFO - estimated required memory for 8 words and 300 dimensions: 23200 bytes
2026-03-05 11:23:39,916 - gensim.models.word2vec - INFO - resetting layer weights
2026-03-05 11:23:39,916 - gensim.utils - INFO - Word2Vec lifecycle event {'update': False, 'trim_rule': 'None', 'datetime': '2026-03-05T11:23:39.916965', 'gensim': '4.4.0', 'python': '3.11.6 (tags/v3.11.6:8b6ee5b, Oct  2 2023, 14:57:12) [MSC v.1935 64 bit (AMD64)]', 'platform': 'Windows-10-10.0.26200-SP0', 'event': 'build_vocab'}
2026-03-05 11:23:39,916 - gensim.utils - INFO - Word2Vec lifecycle event {'msg': 'training model with 16 workers on 8 vocabulary and 300 features, using sg=0 hs=0 sample=0.001 negative=5 window=10 shrink_windows=True', 'datetime': '2026-03-05T11:23:39.916965', 'gensim': '4.4.0', 'python': '3.11.6 (tags/v3.11.6:8b6ee5b, Oct  2 2023, 14:57:12) [MSC v.1935 64 bit (AMD64)]', 'platform': 'Windows-10-10.0.26200-SP0', 'event': 'train'}
2026-03-05 11:23:39,939 - gensim.models.word2vec - INFO - EPOCH 0: training on 1000 raw words (83 effective words) took 0.0s, 46800 effective words/s
2026-03-05 11:23:39,962 - gensim.models.word2vec - INFO - EPOCH 1: training on 1000 raw words (99 effective words) took 0.0s, 373585 effective words/s
2026-03-05 11:23:39,990 - gensim.models.word2vec - INFO - EPOCH 2: training on 1000 raw words (111 effective words) took 0.0s, 30072 effective words/s
2026-03-05 11:23:40,019 - gensim.models.word2vec - INFO - EPOCH 3: training on 1000 raw words (99 effective words) took 0.0s, 40260 effective words/s
2026-03-05 11:23:40,039 - gensim.models.word2vec - INFO - EPOCH 4: training on 1000 raw words (103 effective words) took 0.0s, 108903 effective words/s
2026-03-05 11:23:40,041 - gensim.utils - INFO - Word2Vec lifecycle event {'msg': 'training on 5000 raw words (495 effective words) took 0.1s, 4038 effective words/s', 'datetime': '2026-03-05T11:23:40.041033', 'gensim': '4.4.0', 'python': '3.11.6 (tags/v3.11.6:8b6ee5b, Oct  2 2023, 14:57:12) [MSC v.1935 64 bit (AMD64)]', 'platform': 'Windows-10-10.0.26200-SP0', 'event': 'train'}
2026-03-05 11:23:40,042 - gensim.utils - INFO - Word2Vec lifecycle event {'params': 'Word2Vec<vocab=8, vector_size=300, alpha=0.025>', 'datetime': '2026-03-05T11:23:40.042580', 'gensim': '4.4.0', 'python': '3.11.6 (tags/v3.11.6:8b6ee5b, Oct  2 2023, 14:57:12) [MSC v.1935 64 bit (AMD64)]', 'platform': 'Windows-10-10.0.26200-SP0', 'event': 'created'}
2026-03-05 11:23:40,042 - gensim.utils - INFO - Word2Vec lifecycle event {'fname_or_handle': 'models/word2vec\\w2v_cbow_sz300_win10_ep5.model', 'separately': 'None', 'sep_limit': 10485760, 'ignore': frozenset(), 'datetime': '2026-03-05T11:23:40.042580', 'gensim': '4.4.0', 'python': '3.11.6 (tags/v3.11.6:8b6ee5b, Oct  2 2023, 14:57:12) [MSC v.1935 64 bit (AMD64)]', 'platform': 'Windows-10-10.0.26200-SP0', 'event': 'saving'}
2026-03-05 11:23:40,044 - gensim.utils - INFO - not storing attribute cum_table
2026-03-05 11:23:40,047 - gensim.utils - INFO - saved models/word2vec\w2v_cbow_sz300_win10_ep5.model
2026-03-05 11:23:40,047 - NLP_Project - INFO - Training w2v_cbow_sz300_win10_ep10...
2026-03-05 11:23:40,047 - gensim.models.word2vec - INFO - collecting all words and their counts
2026-03-05 11:23:40,047 - gensim.models.word2vec - INFO - PROGRESS: at sentence #0, processed 0 words, keeping 0 word types
2026-03-05 11:23:40,049 - gensim.models.word2vec - INFO - collected 8 word types from a corpus of 1000 raw words and 300 sentences
2026-03-05 11:23:40,050 - gensim.models.word2vec - INFO - Creating a fresh vocabulary
2026-03-05 11:23:40,050 - gensim.utils - INFO - Word2Vec lifecycle event {'msg': 'effective_min_count=5 retains 8 unique words (100.00% of original 8, drops 0)', 'datetime': '2026-03-05T11:23:40.050273', 'gensim': '4.4.0', 'python': '3.11.6 (tags/v3.11.6:8b6ee5b, Oct  2 2023, 14:57:12) [MSC v.1935 64 bit (AMD64)]', 'platform': 'Windows-10-10.0.26200-SP0', 'event': 'prepare_vocab'}
2026-03-05 11:23:40,050 - gensim.utils - INFO - Word2Vec lifecycle event {'msg': 'effective_min_count=5 leaves 1000 word corpus (100.00% of original 1000, drops 0)', 'datetime': '2026-03-05T11:23:40.050995', 'gensim': '4.4.0', 'python': '3.11.6 (tags/v3.11.6:8b6ee5b, Oct  2 2023, 14:57:12) [MSC v.1935 64 bit (AMD64)]', 'platform': 'Windows-10-10.0.26200-SP0', 'event': 'prepare_vocab'}
2026-03-05 11:23:40,051 - gensim.models.word2vec - INFO - deleting the raw counts dictionary of 8 items
2026-03-05 11:23:40,051 - gensim.models.word2vec - INFO - sample=0.001 downsamples 8 most-common words
2026-03-05 11:23:40,051 - gensim.utils - INFO - Word2Vec lifecycle event {'msg': 'downsampling leaves estimated 95.32050807568878 word corpus (9.5%% of prior 1000)', 'datetime': '2026-03-05T11:23:40.051987', 'gensim': '4.4.0', 'python': '3.11.6 (tags/v3.11.6:8b6ee5b, Oct  2 2023, 14:57:12) [MSC v.1935 64 bit (AMD64)]', 'platform': 'Windows-10-10.0.26200-SP0', 'event': 'prepare_vocab'}
2026-03-05 11:23:40,051 - gensim.models.word2vec - INFO - estimated required memory for 8 words and 300 dimensions: 23200 bytes
2026-03-05 11:23:40,051 - gensim.models.word2vec - INFO - resetting layer weights
2026-03-05 11:23:40,053 - gensim.utils - INFO - Word2Vec lifecycle event {'update': False, 'trim_rule': 'None', 'datetime': '2026-03-05T11:23:40.053614', 'gensim': '4.4.0', 'python': '3.11.6 (tags/v3.11.6:8b6ee5b, Oct  2 2023, 14:57:12) [MSC v.1935 64 bit (AMD64)]', 'platform': 'Windows-10-10.0.26200-SP0', 'event': 'build_vocab'}
2026-03-05 11:23:40,053 - gensim.utils - INFO - Word2Vec lifecycle event {'msg': 'training model with 16 workers on 8 vocabulary and 300 features, using sg=0 hs=0 sample=0.001 negative=5 window=10 shrink_windows=True', 'datetime': '2026-03-05T11:23:40.053614', 'gensim': '4.4.0', 'python': '3.11.6 (tags/v3.11.6:8b6ee5b, Oct  2 2023, 14:57:12) [MSC v.1935 64 bit (AMD64)]', 'platform': 'Windows-10-10.0.26200-SP0', 'event': 'train'}
2026-03-05 11:23:40,072 - gensim.models.word2vec - INFO - EPOCH 0: training on 1000 raw words (83 effective words) took 0.0s, 287795 effective words/s
2026-03-05 11:23:40,097 - gensim.models.word2vec - INFO - EPOCH 1: training on 1000 raw words (99 effective words) took 0.0s, 54612 effective words/s
2026-03-05 11:23:40,123 - gensim.models.word2vec - INFO - EPOCH 2: training on 1000 raw words (111 effective words) took 0.0s, 243314 effective words/s
2026-03-05 11:23:40,157 - gensim.models.word2vec - INFO - EPOCH 3: training on 1000 raw words (99 effective words) took 0.0s, 31039 effective words/s
2026-03-05 11:23:40,187 - gensim.models.word2vec - INFO - EPOCH 4: training on 1000 raw words (103 effective words) took 0.0s, 36030 effective words/s
2026-03-05 11:23:40,220 - gensim.models.word2vec - INFO - EPOCH 5: training on 1000 raw words (98 effective words) took 0.0s, 33000 effective words/s
2026-03-05 11:23:40,249 - gensim.models.word2vec - INFO - EPOCH 6: training on 1000 raw words (94 effective words) took 0.0s, 36703 effective words/s
2026-03-05 11:23:40,272 - gensim.models.word2vec - INFO - EPOCH 7: training on 1000 raw words (99 effective words) took 0.0s, 33582 effective words/s
2026-03-05 11:23:40,306 - gensim.models.word2vec - INFO - EPOCH 8: training on 1000 raw words (97 effective words) took 0.0s, 32930 effective words/s
2026-03-05 11:23:40,331 - gensim.models.word2vec - INFO - EPOCH 9: training on 1000 raw words (89 effective words) took 0.0s, 36100 effective words/s
2026-03-05 11:23:40,331 - gensim.utils - INFO - Word2Vec lifecycle event {'msg': 'training on 10000 raw words (972 effective words) took 0.3s, 3464 effective words/s', 'datetime': '2026-03-05T11:23:40.331084', 'gensim': '4.4.0', 'python': '3.11.6 (tags/v3.11.6:8b6ee5b, Oct  2 2023, 14:57:12) [MSC v.1935 64 bit (AMD64)]', 'platform': 'Windows-10-10.0.26200-SP0', 'event': 'train'}
2026-03-05 11:23:40,331 - gensim.utils - INFO - Word2Vec lifecycle event {'params': 'Word2Vec<vocab=8, vector_size=300, alpha=0.025>', 'datetime': '2026-03-05T11:23:40.331084', 'gensim': '4.4.0', 'python': '3.11.6 (tags/v3.11.6:8b6ee5b, Oct  2 2023, 14:57:12) [MSC v.1935 64 bit (AMD64)]', 'platform': 'Windows-10-10.0.26200-SP0', 'event': 'created'}
2026-03-05 11:23:40,331 - gensim.utils - INFO - Word2Vec lifecycle event {'fname_or_handle': 'models/word2vec\\w2v_cbow_sz300_win10_ep10.model', 'separately': 'None', 'sep_limit': 10485760, 'ignore': frozenset(), 'datetime': '2026-03-05T11:23:40.331084', 'gensim': '4.4.0', 'python': '3.11.6 (tags/v3.11.6:8b6ee5b, Oct  2 2023, 14:57:12) [MSC v.1935 64 bit (AMD64)]', 'platform': 'Windows-10-10.0.26200-SP0', 'event': 'saving'}
2026-03-05 11:23:40,336 - gensim.utils - INFO - not storing attribute cum_table
2026-03-05 11:23:40,337 - gensim.utils - INFO - saved models/word2vec\w2v_cbow_sz300_win10_ep10.model
2026-03-05 11:23:40,339 - NLP_Project - INFO - Training w2v_cbow_sz300_win10_ep20...
2026-03-05 11:23:40,340 - gensim.models.word2vec - INFO - collecting all words and their counts
2026-03-05 11:23:40,341 - gensim.models.word2vec - INFO - PROGRESS: at sentence #0, processed 0 words, keeping 0 word types
2026-03-05 11:23:40,341 - gensim.models.word2vec - INFO - collected 8 word types from a corpus of 1000 raw words and 300 sentences
2026-03-05 11:23:40,341 - gensim.models.word2vec - INFO - Creating a fresh vocabulary
2026-03-05 11:23:40,341 - gensim.utils - INFO - Word2Vec lifecycle event {'msg': 'effective_min_count=5 retains 8 unique words (100.00% of original 8, drops 0)', 'datetime': '2026-03-05T11:23:40.341818', 'gensim': '4.4.0', 'python': '3.11.6 (tags/v3.11.6:8b6ee5b, Oct  2 2023, 14:57:12) [MSC v.1935 64 bit (AMD64)]', 'platform': 'Windows-10-10.0.26200-SP0', 'event': 'prepare_vocab'}
2026-03-05 11:23:40,341 - gensim.utils - INFO - Word2Vec lifecycle event {'msg': 'effective_min_count=5 leaves 1000 word corpus (100.00% of original 1000, drops 0)', 'datetime': '2026-03-05T11:23:40.341818', 'gensim': '4.4.0', 'python': '3.11.6 (tags/v3.11.6:8b6ee5b, Oct  2 2023, 14:57:12) [MSC v.1935 64 bit (AMD64)]', 'platform': 'Windows-10-10.0.26200-SP0', 'event': 'prepare_vocab'}
2026-03-05 11:23:40,341 - gensim.models.word2vec - INFO - deleting the raw counts dictionary of 8 items
2026-03-05 11:23:40,341 - gensim.models.word2vec - INFO - sample=0.001 downsamples 8 most-common words
2026-03-05 11:23:40,344 - gensim.utils - INFO - Word2Vec lifecycle event {'msg': 'downsampling leaves estimated 95.32050807568878 word corpus (9.5%% of prior 1000)', 'datetime': '2026-03-05T11:23:40.344853', 'gensim': '4.4.0', 'python': '3.11.6 (tags/v3.11.6:8b6ee5b, Oct  2 2023, 14:57:12) [MSC v.1935 64 bit (AMD64)]', 'platform': 'Windows-10-10.0.26200-SP0', 'event': 'prepare_vocab'}
2026-03-05 11:23:40,345 - gensim.models.word2vec - INFO - estimated required memory for 8 words and 300 dimensions: 23200 bytes
2026-03-05 11:23:40,345 - gensim.models.word2vec - INFO - resetting layer weights
2026-03-05 11:23:40,347 - gensim.utils - INFO - Word2Vec lifecycle event {'update': False, 'trim_rule': 'None', 'datetime': '2026-03-05T11:23:40.347339', 'gensim': '4.4.0', 'python': '3.11.6 (tags/v3.11.6:8b6ee5b, Oct  2 2023, 14:57:12) [MSC v.1935 64 bit (AMD64)]', 'platform': 'Windows-10-10.0.26200-SP0', 'event': 'build_vocab'}
2026-03-05 11:23:40,347 - gensim.utils - INFO - Word2Vec lifecycle event {'msg': 'training model with 16 workers on 8 vocabulary and 300 features, using sg=0 hs=0 sample=0.001 negative=5 window=10 shrink_windows=True', 'datetime': '2026-03-05T11:23:40.347815', 'gensim': '4.4.0', 'python': '3.11.6 (tags/v3.11.6:8b6ee5b, Oct  2 2023, 14:57:12) [MSC v.1935 64 bit (AMD64)]', 'platform': 'Windows-10-10.0.26200-SP0', 'event': 'train'}
2026-03-05 11:23:40,368 - gensim.models.word2vec - INFO - EPOCH 0: training on 1000 raw words (83 effective words) took 0.0s, 28086 effective words/s
2026-03-05 11:23:40,390 - gensim.models.word2vec - INFO - EPOCH 1: training on 1000 raw words (99 effective words) took 0.0s, 32828 effective words/s
2026-03-05 11:23:40,420 - gensim.models.word2vec - INFO - EPOCH 2: training on 1000 raw words (111 effective words) took 0.0s, 40887 effective words/s
2026-03-05 11:23:40,447 - gensim.models.word2vec - INFO - EPOCH 3: training on 1000 raw words (99 effective words) took 0.0s, 32440 effective words/s
2026-03-05 11:23:40,474 - gensim.models.word2vec - INFO - EPOCH 4: training on 1000 raw words (103 effective words) took 0.0s, 176612 effective words/s
2026-03-05 11:23:40,497 - gensim.models.word2vec - INFO - EPOCH 5: training on 1000 raw words (98 effective words) took 0.0s, 43950 effective words/s
2026-03-05 11:23:40,522 - gensim.models.word2vec - INFO - EPOCH 6: training on 1000 raw words (94 effective words) took 0.0s, 192150 effective words/s
2026-03-05 11:23:40,545 - gensim.models.word2vec - INFO - EPOCH 7: training on 1000 raw words (99 effective words) took 0.0s, 36224 effective words/s
2026-03-05 11:23:40,576 - gensim.models.word2vec - INFO - EPOCH 8: training on 1000 raw words (97 effective words) took 0.0s, 19464 effective words/s
2026-03-05 11:23:40,605 - gensim.models.word2vec - INFO - EPOCH 9: training on 1000 raw words (89 effective words) took 0.0s, 175646 effective words/s
2026-03-05 11:23:40,632 - gensim.models.word2vec - INFO - EPOCH 10: training on 1000 raw words (90 effective words) took 0.0s, 343119 effective words/s
2026-03-05 11:23:40,658 - gensim.models.word2vec - INFO - EPOCH 11: training on 1000 raw words (96 effective words) took 0.0s, 25768 effective words/s
2026-03-05 11:23:40,683 - gensim.models.word2vec - INFO - EPOCH 12: training on 1000 raw words (102 effective words) took 0.0s, 291345 effective words/s
2026-03-05 11:23:40,705 - gensim.models.word2vec - INFO - EPOCH 13: training on 1000 raw words (116 effective words) took 0.0s, 53496 effective words/s
2026-03-05 11:23:40,731 - gensim.models.word2vec - INFO - EPOCH 14: training on 1000 raw words (78 effective words) took 0.0s, 24684 effective words/s
2026-03-05 11:23:40,757 - gensim.models.word2vec - INFO - EPOCH 15: training on 1000 raw words (93 effective words) took 0.0s, 23321 effective words/s
2026-03-05 11:23:40,774 - gensim.models.word2vec - INFO - EPOCH 16: training on 1000 raw words (85 effective words) took 0.0s, 125276 effective words/s
2026-03-05 11:23:40,797 - gensim.models.word2vec - INFO - EPOCH 17: training on 1000 raw words (92 effective words) took 0.0s, 259374 effective words/s
2026-03-05 11:23:40,820 - gensim.models.word2vec - INFO - EPOCH 18: training on 1000 raw words (107 effective words) took 0.0s, 45312 effective words/s
2026-03-05 11:23:40,847 - gensim.models.word2vec - INFO - EPOCH 19: training on 1000 raw words (116 effective words) took 0.0s, 38712 effective words/s
2026-03-05 11:23:40,847 - gensim.utils - INFO - Word2Vec lifecycle event {'msg': 'training on 20000 raw words (1947 effective words) took 0.5s, 3879 effective words/s', 'datetime': '2026-03-05T11:23:40.847288', 'gensim': '4.4.0', 'python': '3.11.6 (tags/v3.11.6:8b6ee5b, Oct  2 2023, 14:57:12) [MSC v.1935 64 bit (AMD64)]', 'platform': 'Windows-10-10.0.26200-SP0', 'event': 'train'}
2026-03-05 11:23:40,847 - gensim.utils - INFO - Word2Vec lifecycle event {'params': 'Word2Vec<vocab=8, vector_size=300, alpha=0.025>', 'datetime': '2026-03-05T11:23:40.847288', 'gensim': '4.4.0', 'python': '3.11.6 (tags/v3.11.6:8b6ee5b, Oct  2 2023, 14:57:12) [MSC v.1935 64 bit (AMD64)]', 'platform': 'Windows-10-10.0.26200-SP0', 'event': 'created'}
2026-03-05 11:23:40,847 - gensim.utils - INFO - Word2Vec lifecycle event {'fname_or_handle': 'models/word2vec\\w2v_cbow_sz300_win10_ep20.model', 'separately': 'None', 'sep_limit': 10485760, 'ignore': frozenset(), 'datetime': '2026-03-05T11:23:40.847288', 'gensim': '4.4.0', 'python': '3.11.6 (tags/v3.11.6:8b6ee5b, Oct  2 2023, 14:57:12) [MSC v.1935 64 bit (AMD64)]', 'platform': 'Windows-10-10.0.26200-SP0', 'event': 'saving'}
2026-03-05 11:23:40,847 - gensim.utils - INFO - not storing attribute cum_table
2026-03-05 11:23:40,853 - gensim.utils - INFO - saved models/word2vec\w2v_cbow_sz300_win10_ep20.model
2026-03-05 11:23:40,853 - NLP_Project - INFO - Training w2v_skipgram_sz300_win10_ep5...
2026-03-05 11:23:40,853 - gensim.models.word2vec - INFO - collecting all words and their counts
2026-03-05 11:23:40,853 - gensim.models.word2vec - INFO - PROGRESS: at sentence #0, processed 0 words, keeping 0 word types
2026-03-05 11:23:40,853 - gensim.models.word2vec - INFO - collected 8 word types from a corpus of 1000 raw words and 300 sentences
2026-03-05 11:23:40,853 - gensim.models.word2vec - INFO - Creating a fresh vocabulary
2026-03-05 11:23:40,856 - gensim.utils - INFO - Word2Vec lifecycle event {'msg': 'effective_min_count=5 retains 8 unique words (100.00% of original 8, drops 0)', 'datetime': '2026-03-05T11:23:40.856271', 'gensim': '4.4.0', 'python': '3.11.6 (tags/v3.11.6:8b6ee5b, Oct  2 2023, 14:57:12) [MSC v.1935 64 bit (AMD64)]', 'platform': 'Windows-10-10.0.26200-SP0', 'event': 'prepare_vocab'}
2026-03-05 11:23:40,856 - gensim.utils - INFO - Word2Vec lifecycle event {'msg': 'effective_min_count=5 leaves 1000 word corpus (100.00% of original 1000, drops 0)', 'datetime': '2026-03-05T11:23:40.856787', 'gensim': '4.4.0', 'python': '3.11.6 (tags/v3.11.6:8b6ee5b, Oct  2 2023, 14:57:12) [MSC v.1935 64 bit (AMD64)]', 'platform': 'Windows-10-10.0.26200-SP0', 'event': 'prepare_vocab'}
2026-03-05 11:23:40,856 - gensim.models.word2vec - INFO - deleting the raw counts dictionary of 8 items
2026-03-05 11:23:40,856 - gensim.models.word2vec - INFO - sample=0.001 downsamples 8 most-common words
2026-03-05 11:23:40,859 - gensim.utils - INFO - Word2Vec lifecycle event {'msg': 'downsampling leaves estimated 95.32050807568878 word corpus (9.5%% of prior 1000)', 'datetime': '2026-03-05T11:23:40.859263', 'gensim': '4.4.0', 'python': '3.11.6 (tags/v3.11.6:8b6ee5b, Oct  2 2023, 14:57:12) [MSC v.1935 64 bit (AMD64)]', 'platform': 'Windows-10-10.0.26200-SP0', 'event': 'prepare_vocab'}
2026-03-05 11:23:40,859 - gensim.models.word2vec - INFO - estimated required memory for 8 words and 300 dimensions: 23200 bytes
2026-03-05 11:23:40,859 - gensim.models.word2vec - INFO - resetting layer weights
2026-03-05 11:23:40,859 - gensim.utils - INFO - Word2Vec lifecycle event {'update': False, 'trim_rule': 'None', 'datetime': '2026-03-05T11:23:40.859263', 'gensim': '4.4.0', 'python': '3.11.6 (tags/v3.11.6:8b6ee5b, Oct  2 2023, 14:57:12) [MSC v.1935 64 bit (AMD64)]', 'platform': 'Windows-10-10.0.26200-SP0', 'event': 'build_vocab'}
2026-03-05 11:23:40,859 - gensim.utils - INFO - Word2Vec lifecycle event {'msg': 'training model with 16 workers on 8 vocabulary and 300 features, using sg=1 hs=0 sample=0.001 negative=5 window=10 shrink_windows=True', 'datetime': '2026-03-05T11:23:40.859263', 'gensim': '4.4.0', 'python': '3.11.6 (tags/v3.11.6:8b6ee5b, Oct  2 2023, 14:57:12) [MSC v.1935 64 bit (AMD64)]', 'platform': 'Windows-10-10.0.26200-SP0', 'event': 'train'}
2026-03-05 11:23:40,880 - gensim.models.word2vec - INFO - EPOCH 0: training on 1000 raw words (83 effective words) took 0.0s, 26153 effective words/s
2026-03-05 11:23:40,906 - gensim.models.word2vec - INFO - EPOCH 1: training on 1000 raw words (99 effective words) took 0.0s, 33105 effective words/s
2026-03-05 11:23:40,956 - gensim.models.word2vec - INFO - EPOCH 2: training on 1000 raw words (111 effective words) took 0.0s, 19523 effective words/s
2026-03-05 11:23:41,001 - gensim.models.word2vec - INFO - EPOCH 3: training on 1000 raw words (99 effective words) took 0.0s, 30142 effective words/s
2026-03-05 11:23:41,036 - gensim.models.word2vec - INFO - EPOCH 4: training on 1000 raw words (103 effective words) took 0.0s, 33852 effective words/s
2026-03-05 11:23:41,036 - gensim.utils - INFO - Word2Vec lifecycle event {'msg': 'training on 5000 raw words (495 effective words) took 0.2s, 2808 effective words/s', 'datetime': '2026-03-05T11:23:41.036848', 'gensim': '4.4.0', 'python': '3.11.6 (tags/v3.11.6:8b6ee5b, Oct  2 2023, 14:57:12) [MSC v.1935 64 bit (AMD64)]', 'platform': 'Windows-10-10.0.26200-SP0', 'event': 'train'}
2026-03-05 11:23:41,039 - gensim.utils - INFO - Word2Vec lifecycle event {'params': 'Word2Vec<vocab=8, vector_size=300, alpha=0.025>', 'datetime': '2026-03-05T11:23:41.036848', 'gensim': '4.4.0', 'python': '3.11.6 (tags/v3.11.6:8b6ee5b, Oct  2 2023, 14:57:12) [MSC v.1935 64 bit (AMD64)]', 'platform': 'Windows-10-10.0.26200-SP0', 'event': 'created'}
2026-03-05 11:23:41,039 - gensim.utils - INFO - Word2Vec lifecycle event {'fname_or_handle': 'models/word2vec\\w2v_skipgram_sz300_win10_ep5.model', 'separately': 'None', 'sep_limit': 10485760, 'ignore': frozenset(), 'datetime': '2026-03-05T11:23:41.039056', 'gensim': '4.4.0', 'python': '3.11.6 (tags/v3.11.6:8b6ee5b, Oct  2 2023, 14:57:12) [MSC v.1935 64 bit (AMD64)]', 'platform': 'Windows-10-10.0.26200-SP0', 'event': 'saving'}
2026-03-05 11:23:41,040 - gensim.utils - INFO - not storing attribute cum_table
2026-03-05 11:23:41,041 - gensim.utils - INFO - saved models/word2vec\w2v_skipgram_sz300_win10_ep5.model
2026-03-05 11:23:41,041 - NLP_Project - INFO - Training w2v_skipgram_sz300_win10_ep10...
2026-03-05 11:23:41,044 - gensim.models.word2vec - INFO - collecting all words and their counts
2026-03-05 11:23:41,044 - gensim.models.word2vec - INFO - PROGRESS: at sentence #0, processed 0 words, keeping 0 word types
2026-03-05 11:23:41,046 - gensim.models.word2vec - INFO - collected 8 word types from a corpus of 1000 raw words and 300 sentences
2026-03-05 11:23:41,046 - gensim.models.word2vec - INFO - Creating a fresh vocabulary
2026-03-05 11:23:41,046 - gensim.utils - INFO - Word2Vec lifecycle event {'msg': 'effective_min_count=5 retains 8 unique words (100.00% of original 8, drops 0)', 'datetime': '2026-03-05T11:23:41.046756', 'gensim': '4.4.0', 'python': '3.11.6 (tags/v3.11.6:8b6ee5b, Oct  2 2023, 14:57:12) [MSC v.1935 64 bit (AMD64)]', 'platform': 'Windows-10-10.0.26200-SP0', 'event': 'prepare_vocab'}
2026-03-05 11:23:41,047 - gensim.utils - INFO - Word2Vec lifecycle event {'msg': 'effective_min_count=5 leaves 1000 word corpus (100.00% of original 1000, drops 0)', 'datetime': '2026-03-05T11:23:41.047633', 'gensim': '4.4.0', 'python': '3.11.6 (tags/v3.11.6:8b6ee5b, Oct  2 2023, 14:57:12) [MSC v.1935 64 bit (AMD64)]', 'platform': 'Windows-10-10.0.26200-SP0', 'event': 'prepare_vocab'}
2026-03-05 11:23:41,048 - gensim.models.word2vec - INFO - deleting the raw counts dictionary of 8 items
2026-03-05 11:23:41,048 - gensim.models.word2vec - INFO - sample=0.001 downsamples 8 most-common words
2026-03-05 11:23:41,048 - gensim.utils - INFO - Word2Vec lifecycle event {'msg': 'downsampling leaves estimated 95.32050807568878 word corpus (9.5%% of prior 1000)', 'datetime': '2026-03-05T11:23:41.048315', 'gensim': '4.4.0', 'python': '3.11.6 (tags/v3.11.6:8b6ee5b, Oct  2 2023, 14:57:12) [MSC v.1935 64 bit (AMD64)]', 'platform': 'Windows-10-10.0.26200-SP0', 'event': 'prepare_vocab'}
2026-03-05 11:23:41,050 - gensim.models.word2vec - INFO - estimated required memory for 8 words and 300 dimensions: 23200 bytes
2026-03-05 11:23:41,050 - gensim.models.word2vec - INFO - resetting layer weights
2026-03-05 11:23:41,050 - gensim.utils - INFO - Word2Vec lifecycle event {'update': False, 'trim_rule': 'None', 'datetime': '2026-03-05T11:23:41.050183', 'gensim': '4.4.0', 'python': '3.11.6 (tags/v3.11.6:8b6ee5b, Oct  2 2023, 14:57:12) [MSC v.1935 64 bit (AMD64)]', 'platform': 'Windows-10-10.0.26200-SP0', 'event': 'build_vocab'}
2026-03-05 11:23:41,050 - gensim.utils - INFO - Word2Vec lifecycle event {'msg': 'training model with 16 workers on 8 vocabulary and 300 features, using sg=1 hs=0 sample=0.001 negative=5 window=10 shrink_windows=True', 'datetime': '2026-03-05T11:23:41.050183', 'gensim': '4.4.0', 'python': '3.11.6 (tags/v3.11.6:8b6ee5b, Oct  2 2023, 14:57:12) [MSC v.1935 64 bit (AMD64)]', 'platform': 'Windows-10-10.0.26200-SP0', 'event': 'train'}
2026-03-05 11:23:41,070 - gensim.models.word2vec - INFO - EPOCH 0: training on 1000 raw words (83 effective words) took 0.0s, 58018 effective words/s
2026-03-05 11:23:41,089 - gensim.models.word2vec - INFO - EPOCH 1: training on 1000 raw words (99 effective words) took 0.0s, 555244 effective words/s
2026-03-05 11:23:41,103 - gensim.models.word2vec - INFO - EPOCH 2: training on 1000 raw words (111 effective words) took 0.0s, 72162 effective words/s
2026-03-05 11:23:41,118 - gensim.models.word2vec - INFO - EPOCH 3: training on 1000 raw words (99 effective words) took 0.0s, 41530 effective words/s
2026-03-05 11:23:41,136 - gensim.models.word2vec - INFO - EPOCH 4: training on 1000 raw words (103 effective words) took 0.0s, 35373 effective words/s
2026-03-05 11:23:41,158 - gensim.models.word2vec - INFO - EPOCH 5: training on 1000 raw words (98 effective words) took 0.0s, 30843 effective words/s
2026-03-05 11:23:41,187 - gensim.models.word2vec - INFO - EPOCH 6: training on 1000 raw words (94 effective words) took 0.0s, 24526 effective words/s
2026-03-05 11:23:41,220 - gensim.models.word2vec - INFO - EPOCH 7: training on 1000 raw words (99 effective words) took 0.0s, 101320 effective words/s
2026-03-05 11:23:41,253 - gensim.models.word2vec - INFO - EPOCH 8: training on 1000 raw words (97 effective words) took 0.0s, 23752 effective words/s
2026-03-05 11:23:41,281 - gensim.models.word2vec - INFO - EPOCH 9: training on 1000 raw words (89 effective words) took 0.0s, 189201 effective words/s
2026-03-05 11:23:41,281 - gensim.utils - INFO - Word2Vec lifecycle event {'msg': 'training on 10000 raw words (972 effective words) took 0.2s, 4243 effective words/s', 'datetime': '2026-03-05T11:23:41.281040', 'gensim': '4.4.0', 'python': '3.11.6 (tags/v3.11.6:8b6ee5b, Oct  2 2023, 14:57:12) [MSC v.1935 64 bit (AMD64)]', 'platform': 'Windows-10-10.0.26200-SP0', 'event': 'train'}
2026-03-05 11:23:41,281 - gensim.utils - INFO - Word2Vec lifecycle event {'params': 'Word2Vec<vocab=8, vector_size=300, alpha=0.025>', 'datetime': '2026-03-05T11:23:41.281040', 'gensim': '4.4.0', 'python': '3.11.6 (tags/v3.11.6:8b6ee5b, Oct  2 2023, 14:57:12) [MSC v.1935 64 bit (AMD64)]', 'platform': 'Windows-10-10.0.26200-SP0', 'event': 'created'}
2026-03-05 11:23:41,281 - gensim.utils - INFO - Word2Vec lifecycle event {'fname_or_handle': 'models/word2vec\\w2v_skipgram_sz300_win10_ep10.model', 'separately': 'None', 'sep_limit': 10485760, 'ignore': frozenset(), 'datetime': '2026-03-05T11:23:41.281040', 'gensim': '4.4.0', 'python': '3.11.6 (tags/v3.11.6:8b6ee5b, Oct  2 2023, 14:57:12) [MSC v.1935 64 bit (AMD64)]', 'platform': 'Windows-10-10.0.26200-SP0', 'event': 'saving'}
2026-03-05 11:23:41,281 - gensim.utils - INFO - not storing attribute cum_table
2026-03-05 11:23:41,281 - gensim.utils - INFO - saved models/word2vec\w2v_skipgram_sz300_win10_ep10.model
2026-03-05 11:23:41,281 - NLP_Project - INFO - Training w2v_skipgram_sz300_win10_ep20...
2026-03-05 11:23:41,286 - gensim.models.word2vec - INFO - collecting all words and their counts
2026-03-05 11:23:41,286 - gensim.models.word2vec - INFO - PROGRESS: at sentence #0, processed 0 words, keeping 0 word types
2026-03-05 11:23:41,286 - gensim.models.word2vec - INFO - collected 8 word types from a corpus of 1000 raw words and 300 sentences
2026-03-05 11:23:41,286 - gensim.models.word2vec - INFO - Creating a fresh vocabulary
2026-03-05 11:23:41,288 - gensim.utils - INFO - Word2Vec lifecycle event {'msg': 'effective_min_count=5 retains 8 unique words (100.00% of original 8, drops 0)', 'datetime': '2026-03-05T11:23:41.288718', 'gensim': '4.4.0', 'python': '3.11.6 (tags/v3.11.6:8b6ee5b, Oct  2 2023, 14:57:12) [MSC v.1935 64 bit (AMD64)]', 'platform': 'Windows-10-10.0.26200-SP0', 'event': 'prepare_vocab'}
2026-03-05 11:23:41,288 - gensim.utils - INFO - Word2Vec lifecycle event {'msg': 'effective_min_count=5 leaves 1000 word corpus (100.00% of original 1000, drops 0)', 'datetime': '2026-03-05T11:23:41.288718', 'gensim': '4.4.0', 'python': '3.11.6 (tags/v3.11.6:8b6ee5b, Oct  2 2023, 14:57:12) [MSC v.1935 64 bit (AMD64)]', 'platform': 'Windows-10-10.0.26200-SP0', 'event': 'prepare_vocab'}
2026-03-05 11:23:41,289 - gensim.models.word2vec - INFO - deleting the raw counts dictionary of 8 items
2026-03-05 11:23:41,289 - gensim.models.word2vec - INFO - sample=0.001 downsamples 8 most-common words
2026-03-05 11:23:41,290 - gensim.utils - INFO - Word2Vec lifecycle event {'msg': 'downsampling leaves estimated 95.32050807568878 word corpus (9.5%% of prior 1000)', 'datetime': '2026-03-05T11:23:41.290480', 'gensim': '4.4.0', 'python': '3.11.6 (tags/v3.11.6:8b6ee5b, Oct  2 2023, 14:57:12) [MSC v.1935 64 bit (AMD64)]', 'platform': 'Windows-10-10.0.26200-SP0', 'event': 'prepare_vocab'}
2026-03-05 11:23:41,290 - gensim.models.word2vec - INFO - estimated required memory for 8 words and 300 dimensions: 23200 bytes
2026-03-05 11:23:41,290 - gensim.models.word2vec - INFO - resetting layer weights
2026-03-05 11:23:41,290 - gensim.utils - INFO - Word2Vec lifecycle event {'update': False, 'trim_rule': 'None', 'datetime': '2026-03-05T11:23:41.290796', 'gensim': '4.4.0', 'python': '3.11.6 (tags/v3.11.6:8b6ee5b, Oct  2 2023, 14:57:12) [MSC v.1935 64 bit (AMD64)]', 'platform': 'Windows-10-10.0.26200-SP0', 'event': 'build_vocab'}
2026-03-05 11:23:41,290 - gensim.utils - INFO - Word2Vec lifecycle event {'msg': 'training model with 16 workers on 8 vocabulary and 300 features, using sg=1 hs=0 sample=0.001 negative=5 window=10 shrink_windows=True', 'datetime': '2026-03-05T11:23:41.290796', 'gensim': '4.4.0', 'python': '3.11.6 (tags/v3.11.6:8b6ee5b, Oct  2 2023, 14:57:12) [MSC v.1935 64 bit (AMD64)]', 'platform': 'Windows-10-10.0.26200-SP0', 'event': 'train'}
2026-03-05 11:23:41,314 - gensim.models.word2vec - INFO - EPOCH 0: training on 1000 raw words (83 effective words) took 0.0s, 26256 effective words/s
2026-03-05 11:23:41,340 - gensim.models.word2vec - INFO - EPOCH 1: training on 1000 raw words (99 effective words) took 0.0s, 30931 effective words/s
2026-03-05 11:23:41,367 - gensim.models.word2vec - INFO - EPOCH 2: training on 1000 raw words (111 effective words) took 0.0s, 39569 effective words/s
2026-03-05 11:23:41,397 - gensim.models.word2vec - INFO - EPOCH 3: training on 1000 raw words (99 effective words) took 0.0s, 24465 effective words/s
2026-03-05 11:23:41,432 - gensim.models.word2vec - INFO - EPOCH 4: training on 1000 raw words (103 effective words) took 0.0s, 23455 effective words/s
2026-03-05 11:23:41,471 - gensim.models.word2vec - INFO - EPOCH 5: training on 1000 raw words (98 effective words) took 0.0s, 20119 effective words/s
2026-03-05 11:23:41,509 - gensim.models.word2vec - INFO - EPOCH 6: training on 1000 raw words (94 effective words) took 0.0s, 21473 effective words/s
2026-03-05 11:23:41,540 - gensim.models.word2vec - INFO - EPOCH 7: training on 1000 raw words (99 effective words) took 0.0s, 25211 effective words/s
2026-03-05 11:23:41,571 - gensim.models.word2vec - INFO - EPOCH 8: training on 1000 raw words (97 effective words) took 0.0s, 38326 effective words/s
2026-03-05 11:23:41,603 - gensim.models.word2vec - INFO - EPOCH 9: training on 1000 raw words (89 effective words) took 0.0s, 33673 effective words/s
2026-03-05 11:23:41,633 - gensim.models.word2vec - INFO - EPOCH 10: training on 1000 raw words (90 effective words) took 0.0s, 161435 effective words/s
2026-03-05 11:23:41,663 - gensim.models.word2vec - INFO - EPOCH 11: training on 1000 raw words (96 effective words) took 0.0s, 37231 effective words/s
2026-03-05 11:23:41,692 - gensim.models.word2vec - INFO - EPOCH 12: training on 1000 raw words (102 effective words) took 0.0s, 25882 effective words/s
2026-03-05 11:23:41,717 - gensim.models.word2vec - INFO - EPOCH 13: training on 1000 raw words (116 effective words) took 0.0s, 49679 effective words/s
2026-03-05 11:23:41,740 - gensim.models.word2vec - INFO - EPOCH 14: training on 1000 raw words (78 effective words) took 0.0s, 25358 effective words/s
2026-03-05 11:23:41,770 - gensim.models.word2vec - INFO - EPOCH 15: training on 1000 raw words (93 effective words) took 0.0s, 23275 effective words/s
2026-03-05 11:23:41,796 - gensim.models.word2vec - INFO - EPOCH 16: training on 1000 raw words (85 effective words) took 0.0s, 143218 effective words/s
2026-03-05 11:23:41,823 - gensim.models.word2vec - INFO - EPOCH 17: training on 1000 raw words (92 effective words) took 0.0s, 166636 effective words/s
2026-03-05 11:23:41,847 - gensim.models.word2vec - INFO - EPOCH 18: training on 1000 raw words (107 effective words) took 0.0s, 241808 effective words/s
2026-03-05 11:23:41,871 - gensim.models.word2vec - INFO - EPOCH 19: training on 1000 raw words (116 effective words) took 0.0s, 29943 effective words/s
2026-03-05 11:23:41,871 - gensim.utils - INFO - Word2Vec lifecycle event {'msg': 'training on 20000 raw words (1947 effective words) took 0.6s, 3334 effective words/s', 'datetime': '2026-03-05T11:23:41.871923', 'gensim': '4.4.0', 'python': '3.11.6 (tags/v3.11.6:8b6ee5b, Oct  2 2023, 14:57:12) [MSC v.1935 64 bit (AMD64)]', 'platform': 'Windows-10-10.0.26200-SP0', 'event': 'train'}
2026-03-05 11:23:41,871 - gensim.utils - INFO - Word2Vec lifecycle event {'params': 'Word2Vec<vocab=8, vector_size=300, alpha=0.025>', 'datetime': '2026-03-05T11:23:41.871923', 'gensim': '4.4.0', 'python': '3.11.6 (tags/v3.11.6:8b6ee5b, Oct  2 2023, 14:57:12) [MSC v.1935 64 bit (AMD64)]', 'platform': 'Windows-10-10.0.26200-SP0', 'event': 'created'}
2026-03-05 11:23:41,871 - gensim.utils - INFO - Word2Vec lifecycle event {'fname_or_handle': 'models/word2vec\\w2v_skipgram_sz300_win10_ep20.model', 'separately': 'None', 'sep_limit': 10485760, 'ignore': frozenset(), 'datetime': '2026-03-05T11:23:41.871923', 'gensim': '4.4.0', 'python': '3.11.6 (tags/v3.11.6:8b6ee5b, Oct  2 2023, 14:57:12) [MSC v.1935 64 bit (AMD64)]', 'platform': 'Windows-10-10.0.26200-SP0', 'event': 'saving'}
2026-03-05 11:23:41,880 - gensim.utils - INFO - not storing attribute cum_table
2026-03-05 11:23:41,881 - gensim.utils - INFO - saved models/word2vec\w2v_skipgram_sz300_win10_ep20.model
2026-03-05 11:23:41,883 - NLP_Project - INFO - Finished training 72 new variants.
2026-03-05 11:23:41,883 - NLP_Project - INFO - --- Step 2: Embedding Analysis ---
2026-03-05 11:23:41,884 - gensim.utils - INFO - loading Word2Vec object from models/word2vec\w2v_cbow_sz100_win10_ep10.model
2026-03-05 11:23:41,885 - gensim.utils - INFO - loading wv recursively from models/word2vec\w2v_cbow_sz100_win10_ep10.model.wv.* with mmap=None
2026-03-05 11:23:41,887 - gensim.utils - INFO - setting ignored attribute cum_table to None
2026-03-05 11:23:41,887 - gensim.utils - INFO - Word2Vec lifecycle event {'fname': 'models/word2vec\\w2v_cbow_sz100_win10_ep10.model', 'datetime': '2026-03-05T11:23:41.887167', 'gensim': '4.4.0', 'python': '3.11.6 (tags/v3.11.6:8b6ee5b, Oct  2 2023, 14:57:12) [MSC v.1935 64 bit (AMD64)]', 'platform': 'Windows-10-10.0.26200-SP0', 'event': 'loaded'}
2026-03-05 11:23:41,887 - NLP_Project - INFO - Performing t-SNE on 8 words...
2026-03-05 11:24:27,690 - NLP_Project - INFO - Starting Full Project Execution...
2026-03-05 11:24:27,690 - NLP_Project - INFO - --- Step 1: Word2Vec Training ---
2026-03-05 11:24:27,797 - NLP_Project - INFO - Loading corpus from data/corpus/news_sample.txt
2026-03-05 11:24:27,902 - NLP_Project - INFO - Tokenized 1 sentences.
2026-03-05 11:24:27,902 - NLP_Project - INFO - Starting grid training for 72 model variants...
2026-03-05 11:24:27,903 - NLP_Project - INFO - Model w2v_cbow_sz50_win2_ep5 already exists. Skipping.
2026-03-05 11:24:27,904 - NLP_Project - INFO - Model w2v_cbow_sz50_win2_ep10 already exists. Skipping.
2026-03-05 11:24:27,904 - NLP_Project - INFO - Model w2v_cbow_sz50_win2_ep20 already exists. Skipping.
2026-03-05 11:24:27,906 - NLP_Project - INFO - Model w2v_skipgram_sz50_win2_ep5 already exists. Skipping.
2026-03-05 11:24:27,906 - NLP_Project - INFO - Model w2v_skipgram_sz50_win2_ep10 already exists. Skipping.
2026-03-05 11:24:27,908 - NLP_Project - INFO - Model w2v_skipgram_sz50_win2_ep20 already exists. Skipping.
2026-03-05 11:24:27,908 - NLP_Project - INFO - Model w2v_cbow_sz50_win5_ep5 already exists. Skipping.
2026-03-05 11:24:27,908 - NLP_Project - INFO - Model w2v_cbow_sz50_win5_ep10 already exists. Skipping.
2026-03-05 11:24:27,911 - NLP_Project - INFO - Model w2v_cbow_sz50_win5_ep20 already exists. Skipping.
2026-03-05 11:24:27,911 - NLP_Project - INFO - Model w2v_skipgram_sz50_win5_ep5 already exists. Skipping.
2026-03-05 11:24:27,912 - NLP_Project - INFO - Model w2v_skipgram_sz50_win5_ep10 already exists. Skipping.
2026-03-05 11:24:27,913 - NLP_Project - INFO - Model w2v_skipgram_sz50_win5_ep20 already exists. Skipping.
2026-03-05 11:24:27,913 - NLP_Project - INFO - Model w2v_cbow_sz50_win10_ep5 already exists. Skipping.
2026-03-05 11:24:27,915 - NLP_Project - INFO - Model w2v_cbow_sz50_win10_ep10 already exists. Skipping.
2026-03-05 11:24:27,915 - NLP_Project - INFO - Model w2v_cbow_sz50_win10_ep20 already exists. Skipping.
2026-03-05 11:24:27,915 - NLP_Project - INFO - Model w2v_skipgram_sz50_win10_ep5 already exists. Skipping.
2026-03-05 11:24:27,917 - NLP_Project - INFO - Model w2v_skipgram_sz50_win10_ep10 already exists. Skipping.
2026-03-05 11:24:27,917 - NLP_Project - INFO - Model w2v_skipgram_sz50_win10_ep20 already exists. Skipping.
2026-03-05 11:24:27,917 - NLP_Project - INFO - Model w2v_cbow_sz100_win2_ep5 already exists. Skipping.
2026-03-05 11:24:27,917 - NLP_Project - INFO - Model w2v_cbow_sz100_win2_ep10 already exists. Skipping.
2026-03-05 11:24:27,920 - NLP_Project - INFO - Model w2v_cbow_sz100_win2_ep20 already exists. Skipping.
2026-03-05 11:24:27,920 - NLP_Project - INFO - Model w2v_skipgram_sz100_win2_ep5 already exists. Skipping.
2026-03-05 11:24:27,920 - NLP_Project - INFO - Model w2v_skipgram_sz100_win2_ep10 already exists. Skipping.
2026-03-05 11:24:27,922 - NLP_Project - INFO - Model w2v_skipgram_sz100_win2_ep20 already exists. Skipping.
2026-03-05 11:24:27,923 - NLP_Project - INFO - Model w2v_cbow_sz100_win5_ep5 already exists. Skipping.
2026-03-05 11:24:27,923 - NLP_Project - INFO - Model w2v_cbow_sz100_win5_ep10 already exists. Skipping.
2026-03-05 11:24:27,923 - NLP_Project - INFO - Model w2v_cbow_sz100_win5_ep20 already exists. Skipping.
2026-03-05 11:24:27,926 - NLP_Project - INFO - Model w2v_skipgram_sz100_win5_ep5 already exists. Skipping.
2026-03-05 11:24:27,926 - NLP_Project - INFO - Model w2v_skipgram_sz100_win5_ep10 already exists. Skipping.
2026-03-05 11:24:27,926 - NLP_Project - INFO - Model w2v_skipgram_sz100_win5_ep20 already exists. Skipping.
2026-03-05 11:24:27,926 - NLP_Project - INFO - Model w2v_cbow_sz100_win10_ep5 already exists. Skipping.
2026-03-05 11:24:27,926 - NLP_Project - INFO - Model w2v_cbow_sz100_win10_ep10 already exists. Skipping.
2026-03-05 11:24:27,930 - NLP_Project - INFO - Model w2v_cbow_sz100_win10_ep20 already exists. Skipping.
2026-03-05 11:24:27,930 - NLP_Project - INFO - Model w2v_skipgram_sz100_win10_ep5 already exists. Skipping.
2026-03-05 11:24:27,930 - NLP_Project - INFO - Model w2v_skipgram_sz100_win10_ep10 already exists. Skipping.
2026-03-05 11:24:27,932 - NLP_Project - INFO - Model w2v_skipgram_sz100_win10_ep20 already exists. Skipping.
2026-03-05 11:24:27,932 - NLP_Project - INFO - Model w2v_cbow_sz200_win2_ep5 already exists. Skipping.
2026-03-05 11:24:27,933 - NLP_Project - INFO - Model w2v_cbow_sz200_win2_ep10 already exists. Skipping.
2026-03-05 11:24:27,933 - NLP_Project - INFO - Model w2v_cbow_sz200_win2_ep20 already exists. Skipping.
2026-03-05 11:24:27,933 - NLP_Project - INFO - Model w2v_skipgram_sz200_win2_ep5 already exists. Skipping.
2026-03-05 11:24:27,933 - NLP_Project - INFO - Model w2v_skipgram_sz200_win2_ep10 already exists. Skipping.
2026-03-05 11:24:27,936 - NLP_Project - INFO - Model w2v_skipgram_sz200_win2_ep20 already exists. Skipping.
2026-03-05 11:24:27,937 - NLP_Project - INFO - Model w2v_cbow_sz200_win5_ep5 already exists. Skipping.
2026-03-05 11:24:27,937 - NLP_Project - INFO - Model w2v_cbow_sz200_win5_ep10 already exists. Skipping.
2026-03-05 11:24:27,939 - NLP_Project - INFO - Model w2v_cbow_sz200_win5_ep20 already exists. Skipping.
2026-03-05 11:24:27,940 - NLP_Project - INFO - Model w2v_skipgram_sz200_win5_ep5 already exists. Skipping.
2026-03-05 11:24:27,940 - NLP_Project - INFO - Model w2v_skipgram_sz200_win5_ep10 already exists. Skipping.
2026-03-05 11:24:27,941 - NLP_Project - INFO - Model w2v_skipgram_sz200_win5_ep20 already exists. Skipping.
2026-03-05 11:24:27,941 - NLP_Project - INFO - Model w2v_cbow_sz200_win10_ep5 already exists. Skipping.
2026-03-05 11:24:27,941 - NLP_Project - INFO - Model w2v_cbow_sz200_win10_ep10 already exists. Skipping.
2026-03-05 11:24:27,941 - NLP_Project - INFO - Model w2v_cbow_sz200_win10_ep20 already exists. Skipping.
2026-03-05 11:24:27,941 - NLP_Project - INFO - Model w2v_skipgram_sz200_win10_ep5 already exists. Skipping.
2026-03-05 11:24:27,941 - NLP_Project - INFO - Model w2v_skipgram_sz200_win10_ep10 already exists. Skipping.
2026-03-05 11:24:27,945 - NLP_Project - INFO - Model w2v_skipgram_sz200_win10_ep20 already exists. Skipping.
2026-03-05 11:24:27,945 - NLP_Project - INFO - Model w2v_cbow_sz300_win2_ep5 already exists. Skipping.
2026-03-05 11:24:27,947 - NLP_Project - INFO - Model w2v_cbow_sz300_win2_ep10 already exists. Skipping.
2026-03-05 11:24:27,948 - NLP_Project - INFO - Model w2v_cbow_sz300_win2_ep20 already exists. Skipping.
2026-03-05 11:24:27,948 - NLP_Project - INFO - Model w2v_skipgram_sz300_win2_ep5 already exists. Skipping.
2026-03-05 11:24:27,948 - NLP_Project - INFO - Model w2v_skipgram_sz300_win2_ep10 already exists. Skipping.
2026-03-05 11:24:27,948 - NLP_Project - INFO - Model w2v_skipgram_sz300_win2_ep20 already exists. Skipping.
2026-03-05 11:24:27,948 - NLP_Project - INFO - Model w2v_cbow_sz300_win5_ep5 already exists. Skipping.
2026-03-05 11:24:27,948 - NLP_Project - INFO - Model w2v_cbow_sz300_win5_ep10 already exists. Skipping.
2026-03-05 11:24:27,948 - NLP_Project - INFO - Model w2v_cbow_sz300_win5_ep20 already exists. Skipping.
2026-03-05 11:24:27,948 - NLP_Project - INFO - Model w2v_skipgram_sz300_win5_ep5 already exists. Skipping.
2026-03-05 11:24:27,948 - NLP_Project - INFO - Model w2v_skipgram_sz300_win5_ep10 already exists. Skipping.
2026-03-05 11:24:27,953 - NLP_Project - INFO - Model w2v_skipgram_sz300_win5_ep20 already exists. Skipping.
2026-03-05 11:24:27,953 - NLP_Project - INFO - Model w2v_cbow_sz300_win10_ep5 already exists. Skipping.
2026-03-05 11:24:27,954 - NLP_Project - INFO - Model w2v_cbow_sz300_win10_ep10 already exists. Skipping.
2026-03-05 11:24:27,955 - NLP_Project - INFO - Model w2v_cbow_sz300_win10_ep20 already exists. Skipping.
2026-03-05 11:24:27,955 - NLP_Project - INFO - Model w2v_skipgram_sz300_win10_ep5 already exists. Skipping.
2026-03-05 11:24:27,957 - NLP_Project - INFO - Model w2v_skipgram_sz300_win10_ep10 already exists. Skipping.
2026-03-05 11:24:27,957 - NLP_Project - INFO - Model w2v_skipgram_sz300_win10_ep20 already exists. Skipping.
2026-03-05 11:24:27,957 - NLP_Project - INFO - Finished training 0 new variants.
2026-03-05 11:24:27,958 - NLP_Project - INFO - --- Step 2: Embedding Analysis ---
2026-03-05 11:24:27,958 - gensim.utils - INFO - loading Word2Vec object from models/word2vec\w2v_cbow_sz100_win10_ep10.model
2026-03-05 11:24:27,958 - gensim.utils - INFO - loading wv recursively from models/word2vec\w2v_cbow_sz100_win10_ep10.model.wv.* with mmap=None
2026-03-05 11:24:27,962 - gensim.utils - INFO - setting ignored attribute cum_table to None
2026-03-05 11:24:27,981 - gensim.utils - INFO - Word2Vec lifecycle event {'fname': 'models/word2vec\\w2v_cbow_sz100_win10_ep10.model', 'datetime': '2026-03-05T11:24:27.963052', 'gensim': '4.4.0', 'python': '3.11.6 (tags/v3.11.6:8b6ee5b, Oct  2 2023, 14:57:12) [MSC v.1935 64 bit (AMD64)]', 'platform': 'Windows-10-10.0.26200-SP0', 'event': 'loaded'}
2026-03-05 11:24:27,981 - NLP_Project - INFO - Performing t-SNE on 8 words...
2026-03-05 11:25:11,790 - NLP_Project - INFO - Starting Full Project Execution...
2026-03-05 11:25:11,790 - NLP_Project - INFO - --- Step 1: Word2Vec Training ---
2026-03-05 11:25:11,790 - NLP_Project - INFO - Loading corpus from data/corpus/news_sample.txt
2026-03-05 11:25:11,831 - NLP_Project - INFO - Tokenized 1 sentences.
2026-03-05 11:25:11,831 - NLP_Project - INFO - Starting grid training for 1 model variants...
2026-03-05 11:25:11,831 - NLP_Project - INFO - Model w2v_skipgram_sz100_win5_ep5 already exists. Skipping.
2026-03-05 11:25:11,831 - NLP_Project - INFO - Finished training 0 new variants.
2026-03-05 11:25:11,831 - NLP_Project - INFO - --- Step 2: Embedding Analysis ---
2026-03-05 11:25:11,831 - gensim.utils - INFO - loading Word2Vec object from models/word2vec\w2v_cbow_sz100_win10_ep10.model
2026-03-05 11:25:11,837 - gensim.utils - INFO - loading wv recursively from models/word2vec\w2v_cbow_sz100_win10_ep10.model.wv.* with mmap=None
2026-03-05 11:25:11,837 - gensim.utils - INFO - setting ignored attribute cum_table to None
2026-03-05 11:25:11,854 - gensim.utils - INFO - Word2Vec lifecycle event {'fname': 'models/word2vec\\w2v_cbow_sz100_win10_ep10.model', 'datetime': '2026-03-05T11:25:11.837581', 'gensim': '4.4.0', 'python': '3.11.6 (tags/v3.11.6:8b6ee5b, Oct  2 2023, 14:57:12) [MSC v.1935 64 bit (AMD64)]', 'platform': 'Windows-10-10.0.26200-SP0', 'event': 'loaded'}
2026-03-05 11:25:11,856 - NLP_Project - INFO - Performing t-SNE on 8 words...
2026-03-05 11:25:15,408 - NLP_Project - INFO - --- Step 3: Emotion Classification ---
2026-03-05 11:25:16,520 - NLP_Project - INFO - Preprocessing GoEmotions dataset...
2026-03-05 11:25:16,772 - NLP_Project - INFO - Split sizes: Train=3500, Val=750, Test=750
2026-03-05 11:25:16,772 - NLP_Project - WARNING - GloVe file not found at embeddings/glove.6B.100d.txt. Creating a dummy file for testing.
2026-03-05 11:25:16,772 - NLP_Project - INFO - Created dummy GloVe at embeddings/glove.6B.100d.txt
2026-03-05 11:25:16,772 - NLP_Project - INFO - Loading GloVe embeddings from embeddings/glove.6B.100d.txt...
2026-03-05 11:25:16,807 - NLP_Project - INFO - Loaded 13 GloVe vectors.
2026-03-05 11:25:16,809 - NLP_Project - INFO - Created matrix with 8226 OOV tokens replaced by zero.
2026-03-05 11:25:55,722 - NLP_Project - INFO - Starting Full Project Execution...
2026-03-05 11:25:55,722 - NLP_Project - INFO - --- Step 1: Word2Vec Training ---
2026-03-05 11:25:55,722 - NLP_Project - INFO - Loading corpus from data/corpus/news_sample.txt
2026-03-05 11:25:55,758 - NLP_Project - INFO - Tokenized 1 sentences.
2026-03-05 11:25:55,759 - NLP_Project - INFO - Starting grid training for 1 model variants...
2026-03-05 11:25:55,759 - NLP_Project - INFO - Model w2v_skipgram_sz100_win5_ep5 already exists. Skipping.
2026-03-05 11:25:55,759 - NLP_Project - INFO - Finished training 0 new variants.
2026-03-05 11:25:55,759 - NLP_Project - INFO - --- Step 2: Embedding Analysis ---
2026-03-05 11:25:55,761 - gensim.utils - INFO - loading Word2Vec object from models/word2vec\w2v_cbow_sz100_win10_ep10.model
2026-03-05 11:25:55,761 - gensim.utils - INFO - loading wv recursively from models/word2vec\w2v_cbow_sz100_win10_ep10.model.wv.* with mmap=None
2026-03-05 11:25:55,761 - gensim.utils - INFO - setting ignored attribute cum_table to None
2026-03-05 11:25:55,777 - gensim.utils - INFO - Word2Vec lifecycle event {'fname': 'models/word2vec\\w2v_cbow_sz100_win10_ep10.model', 'datetime': '2026-03-05T11:25:55.764371', 'gensim': '4.4.0', 'python': '3.11.6 (tags/v3.11.6:8b6ee5b, Oct  2 2023, 14:57:12) [MSC v.1935 64 bit (AMD64)]', 'platform': 'Windows-10-10.0.26200-SP0', 'event': 'loaded'}
2026-03-05 11:25:55,777 - NLP_Project - INFO - Performing t-SNE on 8 words...
2026-03-05 11:25:58,581 - NLP_Project - INFO - --- Step 3: Emotion Classification ---
2026-03-05 11:25:59,622 - NLP_Project - INFO - Preprocessing GoEmotions dataset...
2026-03-05 11:25:59,822 - NLP_Project - INFO - Split sizes: Train=3500, Val=750, Test=750
2026-03-05 11:25:59,822 - NLP_Project - INFO - Loading GloVe embeddings from embeddings/glove.6B.100d.txt...
2026-03-05 11:25:59,831 - NLP_Project - INFO - Loaded 13 GloVe vectors.
2026-03-05 11:25:59,833 - NLP_Project - INFO - Created matrix with 8226 OOV tokens replaced by zero.
2026-03-05 11:25:59,983 - NLP_Project - INFO - Starting model training...
2026-03-05 11:26:19,247 - NLP_Project - INFO - Evaluation Results - Accuracy: 0.0133, F1 Macro: 0.0000, Hamming Loss: 0.0415
2026-03-05 11:26:19,331 - NLP_Project - INFO - --- Step 4: Baseline Comparison ---
2026-03-05 11:26:19,337 - NLP_Project - INFO - Vectorizing data with TF-IDF...
2026-03-05 11:26:19,453 - NLP_Project - INFO - Training LogisticRegression...
2026-03-05 11:26:21,081 - NLP_Project - INFO - LogisticRegression - Acc: 0.2067, F1 Macro: 0.1682
2026-03-05 11:26:21,673 - NLP_Project - INFO - Training RandomForest...
2026-03-05 11:26:35,745 - NLP_Project - INFO - RandomForest - Acc: 0.3007, F1 Macro: 0.1729
2026-03-05 11:26:36,697 - NLP_Project - INFO - Full project run complete. Check 'outputs/plots' for results.
